customer_id,city,signup_date,age,gender
CUST5000,Delhi,2025-05-07,41,Female
CUST5001,Ahmedabad,2025-10-12,38,Female
CUST5002,Mumbai,2023-11-28,19,Male
CUST5003,Chennai,2024-04-05,48,Male
CUST5004,Mumbai,2024-10-15,56,Female
CUST5005,Mumbai,2023-01-28,42,Male
CUST5006,Mumbai,2025-09-28,48,Female
CUST5007,Hyderabad,2023-04-05,24,Female
CUST5008,Chennai,2023-02-11,19,Female
CUST5009,Bengaluru,2023-07-03,49,Female
CUST5010,Ahmedabad,2023-11-26,41,Female
CUST5011,Delhi,2023-12-19,19,Male
CUST5012,Bengaluru,2025-01-28,25,Female
CUST5013,Mumbai,2023-03-24,31,Male
CUST5014,Kolkata,2024-06-13,30,Male
CUST5015,Ahmedabad,2025-04-19,45,Female
CUST5016,Chennai,2024-04-01,27,Male
CUST5017,Pune,2024-07-15,56,Male
CUST5018,Pune,2023-11-09,41,Male
CUST5019,Delhi,2023-03-31,21,Male
CUST5020,Pune,2025-08-19,44,Male
CUST5021,Kolkata,2023-01-10,27,Male
CUST5022,Bengaluru,2023-10-11,29,Male
CUST5023,Mumbai,2025-01-05,56,Male
CUST5024,Kolkata,2024-05-03,50,Male
CUST5025,Chennai,2023-11-03,47,Male
CUST5026,Kolkata,2025-02-01,19,Female
CUST5027,Chennai,2025-07-21,38,Male
CUST5028,Hyderabad,2025-10-28,33,Male
CUST5029,Chennai,2025-06-29,18,Male
CUST5030,Ahmedabad,2025-11-30,18,Female
CUST5031,Chennai,2024-01-24,43,Female
CUST5032,Mumbai,2023-04-22,39,Female
CUST5033,Delhi,2025-09-01,25,Female
CUST5034,Pune,2024-04-22,34,Female
CUST5035,Kolkata,2024-03-19,47,Female
CUST5036,Pune,2025-09-19,37,Female
CUST5037,Bengaluru,2023-06-14,21,Female
CUST5038,Kolkata,2025-04-23,58,Female
CUST5039,Bengaluru,2023-08-07,27,Male
CUST5040,Mumbai,2025-11-04,37,Female
CUST5041,Chennai,2024-09-10,24,Female
CUST5042,Bengaluru,2024-06-22,50,Male
CUST5043,Mumbai,2024-08-28,34,Male
CUST5044,Pune,2025-04-14,29,Female
CUST5045,Pune,2023-03-08,34,Female
CUST5046,Mumbai,2024-07-30,56,Male
CUST5047,Bengaluru,2024-08-05,25,Male
CUST5048,Hyderabad,2023-03-16,50,Male
CUST5049,Mumbai,2023-02-26,45,Female
CUST5050,Mumbai,2023-03-09,39,Male
CUST5051,Hyderabad,2023-08-15,20,Male
CUST5052,Delhi,2024-03-10,43,Female
CUST5053,Chennai,2023-09-14,26,Female
CUST5054,Mumbai,2023-05-28,38,Female
CUST5055,Bengaluru,2025-11-16,39,Female
CUST5056,Ahmedabad,2023-12-31,39,Male
CUST5057,Kolkata,2024-10-06,22,Female
CUST5058,Chennai,2024-01-09,46,Male
CUST5059,Bengaluru,2023-08-26,57,Male
CUST5060,Chennai,2025-03-16,55,Male
CUST5061,Delhi,2023-10-30,39,Male
CUST5062,Mumbai,2023-09-01,31,Male
CUST5063,Pune,2023-05-30,58,Male
CUST5064,Mumbai,2025-02-17,55,Female
CUST5065,Pune,2024-07-27,46,Female
CUST5066,Pune,2024-02-02,34,Female
CUST5067,Hyderabad,2023-06-30,53,Female
CUST5068,Delhi,2025-02-10,32,Male
CUST5069,Kolkata,2025-03-10,48,Male
CUST5070,Hyderabad,2025-02-10,26,Male
CUST5071,Chennai,2024-01-14,39,Female
CUST5072,Chennai,2023-12-24,42,Female
CUST5073,Kolkata,2023-03-01,47,Female
CUST5074,Kolkata,2024-11-21,23,Male
CUST5075,Chennai,2025-08-21,34,Female
CUST5076,Kolkata,2023-05-10,41,Female
CUST5077,Delhi,2023-04-12,38,Male
CUST5078,Mumbai,2025-07-27,45,Female
CUST5079,Bengaluru,2023-06-15,45,Female
CUST5080,Bengaluru,2024-12-03,56,Female
CUST5081,Bengaluru,2025-07-03,57,Female
CUST5082,Mumbai,2025-12-31,48,Male
CUST5083,Mumbai,2023-02-19,20,Female
CUST5084,Ahmedabad,2024-11-14,27,Female
CUST5085,Delhi,2024-01-15,47,Female
CUST5086,Ahmedabad,2024-04-24,54,Female
CUST5087,Pune,2024-04-23,53,Female
CUST5088,Kolkata,2024-10-10,46,Female
CUST5089,Bengaluru,2024-05-25,57,Female
CUST5090,Delhi,2025-07-20,22,Female
CUST5091,Ahmedabad,2023-03-24,45,Female
CUST5092,Delhi,2025-06-08,21,Male
CUST5093,Mumbai,2023-06-23,57,Male
CUST5094,Bengaluru,2023-08-26,40,Male
CUST5095,Bengaluru,2023-12-20,31,Male
CUST5096,Ahmedabad,2025-12-21,35,Female
CUST5097,Kolkata,2023-07-02,36,Male
CUST5098,Mumbai,2023-03-15,57,Male
CUST5099,Delhi,2025-02-07,48,Female
CUST5100,Kolkata,2025-04-07,19,Male
CUST5101,Hyderabad,2025-12-08,58,Female
CUST5102,Mumbai,2025-11-16,29,Male
CUST5103,Delhi,2023-12-21,37,Female
CUST5104,Chennai,2025-10-08,45,Male
CUST5105,Kolkata,2024-09-04,31,Male
CUST5106,Ahmedabad,2023-06-28,34,Male
CUST5107,Ahmedabad,2025-03-14,56,Female
CUST5108,Pune,2024-08-14,40,Female
CUST5109,Hyderabad,2023-01-25,34,Female
CUST5110,Bengaluru,2025-03-17,46,Male
CUST5111,Ahmedabad,2023-08-19,21,Female
CUST5112,Pune,2025-05-16,49,Male
CUST5113,Kolkata,2025-02-06,55,Female
CUST5114,Mumbai,2023-01-02,44,Female
CUST5115,Chennai,2024-08-12,48,Male
CUST5116,Bengaluru,2023-02-01,35,Male
CUST5117,Bengaluru,2023-07-03,50,Male
CUST5118,Mumbai,2023-12-24,47,Female
CUST5119,Delhi,2024-06-01,20,Female
CUST5120,Hyderabad,2024-10-29,22,Female
CUST5121,Delhi,2023-09-08,44,Male
CUST5122,Mumbai,2023-10-28,41,Male
CUST5123,Hyderabad,2023-01-27,26,Female
CUST5124,Delhi,2024-01-02,52,Male
CUST5125,Hyderabad,2024-06-27,32,Male
CUST5126,Delhi,2024-05-23,51,Male
CUST5127,Hyderabad,2024-07-26,36,Female
CUST5128,Delhi,2024-09-23,46,Male
CUST5129,Kolkata,2024-10-22,39,Male
CUST5130,Mumbai,2023-01-09,39,Male
CUST5131,Ahmedabad,2024-06-22,39,Male
CUST5132,Bengaluru,2024-10-28,43,Male
CUST5133,Kolkata,2023-03-04,37,Male
CUST5134,Bengaluru,2024-04-23,54,Male
CUST5135,Pune,2024-10-17,24,Female
CUST5136,Delhi,2025-04-12,53,Female
CUST5137,Delhi,2024-05-04,59,Female
CUST5138,Kolkata,2025-04-02,47,Female
CUST5139,Hyderabad,2024-04-15,37,Male
CUST5140,Delhi,2025-10-19,31,Female
CUST5141,Delhi,2025-09-21,42,Female
CUST5142,Ahmedabad,2025-07-12,29,Female
CUST5143,Delhi,2024-05-07,23,Male
CUST5144,Delhi,2024-08-14,27,Female
CUST5145,Delhi,2023-12-06,31,Female
CUST5146,Hyderabad,2025-03-22,32,Male
CUST5147,Hyderabad,2023-07-15,51,Male
CUST5148,Pune,2024-09-19,50,Male
CUST5149,Kolkata,2023-01-12,52,Female
CUST5150,Pune,2024-02-07,56,Female
CUST5151,Ahmedabad,2023-11-07,48,Male
CUST5152,Pune,2023-12-07,21,Female
CUST5153,Chennai,2025-07-30,29,Female
CUST5154,Kolkata,2024-11-11,39,Female
CUST5155,Pune,2024-07-26,24,Male
CUST5156,Delhi,2024-01-20,18,Male
CUST5157,Delhi,2024-03-03,32,Female
CUST5158,Pune,2024-12-27,31,Female
CUST5159,Hyderabad,2023-04-04,44,Male
CUST5160,Delhi,2025-10-09,18,Female
CUST5161,Chennai,2025-11-20,32,Male
CUST5162,Hyderabad,2025-08-19,52,Female
CUST5163,Kolkata,2023-01-23,42,Male
CUST5164,Kolkata,2025-11-04,45,Male
CUST5165,Kolkata,2024-11-21,23,Female
CUST5166,Chennai,2025-01-08,45,Female
CUST5167,Mumbai,2025-11-04,35,Female
CUST5168,Delhi,2024-09-06,19,Female
CUST5169,Delhi,2025-12-02,34,Female
CUST5170,Delhi,2024-10-14,19,Female
CUST5171,Chennai,2023-05-25,41,Female
CUST5172,Mumbai,2024-08-21,20,Female
CUST5173,Hyderabad,2024-10-10,21,Female
CUST5174,Pune,2025-08-16,41,Male
CUST5175,Pune,2024-02-01,50,Female
CUST5176,Delhi,2025-03-14,20,Male
CUST5177,Mumbai,2025-08-10,59,Female
CUST5178,Hyderabad,2025-02-15,30,Male
CUST5179,Bengaluru,2023-10-04,36,Male
CUST5180,Delhi,2025-01-25,43,Female
CUST5181,Chennai,2025-06-21,38,Male
CUST5182,Chennai,2025-06-11,34,Female
CUST5183,Mumbai,2024-12-30,43,Male
CUST5184,Bengaluru,2023-02-25,45,Female
CUST5185,Delhi,2024-05-18,43,Male
CUST5186,Mumbai,2024-12-07,39,Female
CUST5187,Mumbai,2025-10-16,45,Female
CUST5188,Kolkata,2023-05-21,38,Female
CUST5189,Kolkata,2023-04-15,22,Male
CUST5190,Delhi,2024-02-19,28,Female
CUST5191,Kolkata,2023-02-15,56,Male
CUST5192,Delhi,2024-04-11,21,Female
CUST5193,Chennai,2023-10-08,32,Female
CUST5194,Kolkata,2023-01-21,48,Female
CUST5195,Bengaluru,2024-03-11,47,Female
CUST5196,Mumbai,2025-04-03,34,Female
CUST5197,Pune,2024-11-28,22,Male
CUST5198,Pune,2024-02-22,41,Female
CUST5199,Mumbai,2024-04-24,56,Female
CUST5200,Hyderabad,2024-09-09,36,Male
CUST5201,Pune,2025-04-23,36,Male
CUST5202,Ahmedabad,2024-01-03,32,Male
CUST5203,Mumbai,2025-09-09,49,Female
CUST5204,Mumbai,2023-03-26,44,Female
CUST5205,Pune,2023-07-11,36,Male
CUST5206,Hyderabad,2024-11-08,29,Male
CUST5207,Kolkata,2025-06-15,52,Female
CUST5208,Chennai,2025-05-15,46,Male
CUST5209,Bengaluru,2025-07-24,43,Male
CUST5210,Pune,2025-10-23,44,Male
CUST5211,Ahmedabad,2024-01-02,19,Male
CUST5212,Hyderabad,2025-09-28,29,Male
CUST5213,Ahmedabad,2023-03-13,25,Female
CUST5214,Kolkata,2023-02-17,57,Female
CUST5215,Pune,2025-07-14,50,Female
CUST5216,Chennai,2024-11-12,25,Female
CUST5217,Chennai,2023-06-14,27,Female
CUST5218,Hyderabad,2023-01-15,35,Female
CUST5219,Bengaluru,2023-09-03,40,Male
CUST5220,Bengaluru,2023-10-30,37,Male
CUST5221,Bengaluru,2023-04-29,41,Female
CUST5222,Ahmedabad,2023-11-24,35,Female
CUST5223,Mumbai,2024-01-08,22,Female
CUST5224,Ahmedabad,2023-10-09,39,Female
CUST5225,Delhi,2023-05-06,37,Female
CUST5226,Bengaluru,2023-07-22,59,Male
CUST5227,Bengaluru,2023-12-24,28,Female
CUST5228,Kolkata,2023-01-05,22,Male
CUST5229,Kolkata,2025-04-16,44,Female
CUST5230,Kolkata,2023-07-15,18,Male
CUST5231,Hyderabad,2025-09-19,46,Male
CUST5232,Bengaluru,2024-07-15,21,Male
CUST5233,Chennai,2024-06-07,55,Male
CUST5234,Pune,2025-05-15,27,Male
CUST5235,Chennai,2023-02-25,58,Male
CUST5236,Delhi,2024-12-09,44,Male
CUST5237,Pune,2023-12-12,30,Female
CUST5238,Kolkata,2024-02-13,20,Male
CUST5239,Bengaluru,2024-12-25,54,Male
CUST5240,Kolkata,2023-06-26,31,Male
CUST5241,Bengaluru,2024-07-01,47,Male
CUST5242,Delhi,2024-09-09,46,Female
CUST5243,Chennai,2025-08-30,36,Female
CUST5244,Hyderabad,2023-09-29,18,Male
CUST5245,Kolkata,2024-01-04,39,Female
CUST5246,Pune,2024-11-26,41,Male
CUST5247,Hyderabad,2025-02-03,53,Male
CUST5248,Hyderabad,2025-09-21,20,Male
CUST5249,Hyderabad,2025-11-08,37,Female
CUST5250,Bengaluru,2025-09-08,42,Male
CUST5251,Ahmedabad,2023-09-10,22,Female
CUST5252,Hyderabad,2024-06-18,31,Female
CUST5253,Mumbai,2023-10-01,53,Female
CUST5254,Bengaluru,2025-12-10,54,Female
CUST5255,Pune,2024-09-04,35,Female
CUST5256,Chennai,2023-04-20,30,Male
CUST5257,Hyderabad,2024-01-07,51,Male
CUST5258,Delhi,2024-04-13,57,Female
CUST5259,Bengaluru,2023-06-27,19,Female
CUST5260,Pune,2024-06-25,32,Male
CUST5261,Mumbai,2025-07-25,41,Male
CUST5262,Pune,2025-04-07,30,Female
CUST5263,Pune,2024-02-29,18,Male
CUST5264,Ahmedabad,2023-02-16,27,Female
CUST5265,Bengaluru,2023-05-06,25,Male
CUST5266,Ahmedabad,2023-10-17,51,Male
CUST5267,Bengaluru,2025-12-27,29,Female
CUST5268,Ahmedabad,2023-02-07,31,Male
CUST5269,Mumbai,2025-02-26,44,Female
CUST5270,Hyderabad,2024-09-27,36,Female
CUST5271,Hyderabad,2023-07-16,29,Female
CUST5272,Chennai,2023-09-03,31,Male
CUST5273,Delhi,2023-03-27,45,Female
CUST5274,Hyderabad,2025-01-28,20,Female
CUST5275,Bengaluru,2024-04-03,55,Male
CUST5276,Pune,2024-01-24,50,Male
CUST5277,Ahmedabad,2025-03-07,39,Female
CUST5278,Bengaluru,2023-01-28,59,Female
CUST5279,Bengaluru,2024-05-04,27,Female
CUST5280,Mumbai,2023-09-26,54,Male
CUST5281,Pune,2023-07-27,57,Male
CUST5282,Hyderabad,2024-10-09,49,Male
CUST5283,Kolkata,2024-12-08,49,Male
CUST5284,Ahmedabad,2025-06-10,39,Male
CUST5285,Ahmedabad,2023-02-18,55,Male
CUST5286,Delhi,2024-03-26,25,Male
CUST5287,Pune,2025-12-21,57,Male
CUST5288,Delhi,2025-04-15,25,Male
CUST5289,Bengaluru,2025-04-23,43,Male
CUST5290,Ahmedabad,2023-01-21,50,Female
CUST5291,Ahmedabad,2025-05-27,46,Male
CUST5292,Chennai,2023-09-29,58,Male
CUST5293,Kolkata,2025-11-06,37,Male
CUST5294,Mumbai,2025-02-13,57,Male
CUST5295,Delhi,2025-04-27,34,Male
CUST5296,Delhi,2025-11-30,33,Female
CUST5297,Pune,2023-06-04,29,Female
CUST5298,Kolkata,2025-02-13,30,Female
CUST5299,Kolkata,2023-08-31,42,Male
CUST5300,Pune,2023-05-20,32,Female
CUST5301,Bengaluru,2024-08-22,35,Female
CUST5302,Delhi,2025-10-24,45,Female
CUST5303,Hyderabad,2025-07-08,29,Female
CUST5304,Ahmedabad,2025-09-21,43,Female
CUST5305,Pune,2024-05-25,55,Male
CUST5306,Hyderabad,2023-08-02,57,Female
CUST5307,Hyderabad,2025-03-18,55,Male
CUST5308,Chennai,2025-12-18,53,Male
CUST5309,Pune,2025-10-14,47,Male
CUST5310,Hyderabad,2024-05-15,36,Female
CUST5311,Ahmedabad,2023-09-04,39,Female
CUST5312,Delhi,2024-11-28,31,Male
CUST5313,Delhi,2025-12-13,39,Female
CUST5314,Mumbai,2024-03-24,23,Male
CUST5315,Bengaluru,2023-01-08,59,Female
CUST5316,Hyderabad,2025-03-10,40,Male
CUST5317,Hyderabad,2024-11-06,39,Male
CUST5318,Delhi,2023-03-12,39,Male
CUST5319,Kolkata,2025-11-02,40,Female
CUST5320,Delhi,2025-01-03,52,Female
CUST5321,Kolkata,2023-06-13,56,Female
CUST5322,Mumbai,2025-10-05,34,Male
CUST5323,Kolkata,2024-08-08,27,Female
CUST5324,Pune,2023-11-10,53,Male
CUST5325,Bengaluru,2024-05-13,49,Female
CUST5326,Bengaluru,2023-07-03,21,Male
CUST5327,Delhi,2024-07-09,32,Male
CUST5328,Mumbai,2025-08-05,19,Male
CUST5329,Hyderabad,2023-05-31,39,Female
CUST5330,Pune,2025-10-28,57,Male
CUST5331,Kolkata,2023-10-28,43,Male
CUST5332,Hyderabad,2024-09-09,38,Female
CUST5333,Kolkata,2025-10-23,52,Male
CUST5334,Ahmedabad,2025-07-07,54,Male
CUST5335,Kolkata,2024-02-29,31,Female
CUST5336,Mumbai,2023-11-02,58,Male
CUST5337,Kolkata,2024-05-11,56,Male
CUST5338,Delhi,2024-08-12,37,Male
CUST5339,Bengaluru,2023-02-23,44,Male
CUST5340,Hyderabad,2023-06-27,33,Male
CUST5341,Pune,2024-01-16,33,Male
CUST5342,Delhi,2025-05-13,52,Female
CUST5343,Mumbai,2024-01-10,37,Male
CUST5344,Pune,2023-05-12,57,Female
CUST5345,Ahmedabad,2025-10-30,26,Male
CUST5346,Bengaluru,2023-08-07,51,Female
CUST5347,Ahmedabad,2023-01-21,49,Male
CUST5348,Pune,2023-08-03,22,Male
CUST5349,Chennai,2024-01-23,33,Female
CUST5350,Pune,2025-12-10,49,Female
CUST5351,Chennai,2024-01-09,37,Female
CUST5352,Hyderabad,2025-05-21,50,Male
CUST5353,Bengaluru,2023-08-15,56,Male
CUST5354,Mumbai,2024-01-02,33,Male
CUST5355,Mumbai,2024-11-06,35,Male
CUST5356,Mumbai,2025-08-27,25,Female
CUST5357,Ahmedabad,2023-02-27,24,Male
CUST5358,Delhi,2023-11-07,51,Male
CUST5359,Pune,2024-08-16,48,Male
CUST5360,Chennai,2025-10-30,20,Male
CUST5361,Chennai,2023-06-24,43,Female
CUST5362,Kolkata,2024-09-16,44,Male
CUST5363,Chennai,2025-04-30,36,Female
CUST5364,Hyderabad,2023-06-22,45,Male
CUST5365,Delhi,2024-07-04,42,Male
CUST5366,Chennai,2024-03-15,33,Female
CUST5367,Delhi,2025-04-06,27,Female
CUST5368,Ahmedabad,2025-03-18,39,Male
CUST5369,Delhi,2023-04-12,20,Male
CUST5370,Chennai,2025-04-25,36,Male
CUST5371,Kolkata,2024-04-19,33,Male
CUST5372,Delhi,2023-05-15,34,Male
CUST5373,Ahmedabad,2023-04-07,31,Female
CUST5374,Pune,2023-11-23,49,Male
CUST5375,Delhi,2025-07-06,20,Male
CUST5376,Pune,2025-02-22,18,Female
CUST5377,Kolkata,2023-02-21,45,Male
CUST5378,Kolkata,2025-06-18,34,Female
CUST5379,Hyderabad,2024-02-29,47,Male
CUST5380,Kolkata,2024-08-29,52,Male
CUST5381,Kolkata,2025-08-14,37,Male
CUST5382,Delhi,2023-02-24,53,Male
CUST5383,Delhi,2025-12-22,34,Female
CUST5384,Kolkata,2025-10-31,24,Female
CUST5385,Chennai,2025-10-03,41,Male
CUST5386,Ahmedabad,2023-09-30,59,Female
CUST5387,Kolkata,2023-07-08,44,Female
CUST5388,Pune,2023-04-04,30,Female
CUST5389,Ahmedabad,2025-04-28,58,Male
CUST5390,Chennai,2023-11-24,47,Male
CUST5391,Bengaluru,2025-01-07,22,Male
CUST5392,Chennai,2025-10-08,21,Female
CUST5393,Delhi,2023-12-28,20,Female
CUST5394,Pune,2024-04-13,30,Male
CUST5395,Ahmedabad,2025-04-06,19,Female
CUST5396,Delhi,2024-04-30,39,Male
CUST5397,Bengaluru,2025-09-24,27,Male
CUST5398,Delhi,2025-03-30,28,Male
CUST5399,Pune,2023-01-31,37,Male
CUST5400,Chennai,2025-05-25,57,Male
CUST5401,Bengaluru,2025-10-22,42,Male
CUST5402,Ahmedabad,2023-02-14,33,Female
CUST5403,Ahmedabad,2023-07-27,41,Male
CUST5404,Ahmedabad,2024-10-30,36,Male
CUST5405,Pune,2024-08-03,43,Male
CUST5406,Bengaluru,2024-08-20,31,Male
CUST5407,Hyderabad,2023-11-17,28,Female
CUST5408,Chennai,2023-01-18,47,Female
CUST5409,Pune,2023-07-04,57,Male
CUST5410,Ahmedabad,2025-08-25,40,Male
CUST5411,Pune,2024-08-16,27,Female
CUST5412,Mumbai,2023-11-18,18,Male
CUST5413,Delhi,2025-03-05,55,Female
CUST5414,Mumbai,2024-07-02,47,Female
CUST5415,Hyderabad,2023-04-12,44,Male
CUST5416,Kolkata,2025-01-15,20,Female
CUST5417,Ahmedabad,2023-12-28,23,Male
CUST5418,Delhi,2025-03-18,53,Male
CUST5419,Bengaluru,2023-09-13,32,Female
CUST5420,Kolkata,2023-10-02,24,Female
CUST5421,Chennai,2025-05-16,34,Female
CUST5422,Hyderabad,2023-09-13,39,Female
CUST5423,Hyderabad,2025-04-18,35,Female
CUST5424,Bengaluru,2023-09-12,45,Female
CUST5425,Hyderabad,2024-04-03,53,Male
CUST5426,Pune,2024-06-19,31,Male
CUST5427,Hyderabad,2025-10-09,23,Male
CUST5428,Chennai,2024-05-22,25,Female
CUST5429,Bengaluru,2025-02-03,47,Male
CUST5430,Mumbai,2024-07-01,43,Male
CUST5431,Pune,2023-11-11,21,Male
CUST5432,Mumbai,2025-08-04,50,Female
CUST5433,Ahmedabad,2025-10-16,42,Female
CUST5434,Mumbai,2025-09-01,50,Male
CUST5435,Pune,2024-10-11,35,Male
CUST5436,Bengaluru,2024-03-26,43,Female
CUST5437,Kolkata,2023-03-10,25,Male
CUST5438,Mumbai,2025-12-10,39,Male
CUST5439,Delhi,2024-02-07,43,Male
CUST5440,Delhi,2024-02-14,58,Female
CUST5441,Pune,2024-01-04,56,Male
CUST5442,Mumbai,2023-01-23,27,Male
CUST5443,Ahmedabad,2025-05-20,30,Male
CUST5444,Delhi,2024-09-19,20,Male
CUST5445,Bengaluru,2025-06-14,43,Male
CUST5446,Chennai,2023-10-26,42,Female
CUST5447,Chennai,2025-05-15,36,Male
CUST5448,Pune,2024-10-11,52,Male
CUST5449,Bengaluru,2024-05-30,36,Male
CUST5450,Hyderabad,2023-12-07,55,Female
CUST5451,Delhi,2023-11-12,30,Male
CUST5452,Chennai,2023-09-10,56,Female
CUST5453,Bengaluru,2025-08-26,41,Male
CUST5454,Kolkata,2025-12-25,48,Female
CUST5455,Pune,2023-08-27,26,Male
CUST5456,Ahmedabad,2025-09-23,31,Male
CUST5457,Bengaluru,2023-05-27,44,Female
CUST5458,Ahmedabad,2023-10-07,45,Male
CUST5459,Kolkata,2024-02-15,53,Male
CUST5460,Hyderabad,2025-08-19,56,Female
CUST5461,Kolkata,2025-07-29,41,Male
CUST5462,Mumbai,2024-03-15,24,Male
CUST5463,Pune,2023-09-24,57,Female
CUST5464,Chennai,2025-03-05,19,Male
CUST5465,Ahmedabad,2024-09-25,24,Female
CUST5466,Chennai,2025-10-12,22,Male
CUST5467,Ahmedabad,2024-02-04,31,Male
CUST5468,Kolkata,2023-02-25,54,Female
CUST5469,Mumbai,2024-05-18,26,Female
CUST5470,Pune,2025-06-17,35,Male
CUST5471,Delhi,2024-10-22,37,Male
CUST5472,Mumbai,2024-03-04,22,Male
CUST5473,Ahmedabad,2023-01-27,53,Male
CUST5474,Bengaluru,2024-11-13,46,Female
CUST5475,Chennai,2024-12-04,37,Female
CUST5476,Mumbai,2024-12-10,24,Female
CUST5477,Bengaluru,2024-07-13,41,Female
CUST5478,Ahmedabad,2024-10-09,49,Female
CUST5479,Hyderabad,2025-03-13,44,Male
CUST5480,Mumbai,2025-01-15,38,Male
CUST5481,Pune,2023-02-23,40,Female
CUST5482,Hyderabad,2024-07-21,18,Male
CUST5483,Delhi,2023-11-23,23,Male
CUST5484,Bengaluru,2024-06-29,58,Male
CUST5485,Delhi,2024-06-28,39,Male
CUST5486,Delhi,2024-01-15,23,Female
CUST5487,Hyderabad,2024-02-23,52,Female
CUST5488,Chennai,2025-01-03,38,Female
CUST5489,Delhi,2025-12-24,53,Male
CUST5490,Chennai,2025-03-02,41,Male
CUST5491,Delhi,2024-08-25,22,Male
CUST5492,Pune,2025-06-11,49,Male
CUST5493,Kolkata,2024-11-01,34,Male
CUST5494,Bengaluru,2024-12-07,52,Male
CUST5495,Pune,2025-09-11,37,Female
CUST5496,Mumbai,2024-01-24,43,Female
CUST5497,Kolkata,2024-10-09,20,Female
CUST5498,Bengaluru,2025-06-30,27,Female
CUST5499,Ahmedabad,2024-09-17,53,Male
CUST5500,Delhi,2025-03-18,37,Male
CUST5501,Mumbai,2023-06-02,23,Male
CUST5502,Delhi,2023-04-15,50,Male
CUST5503,Chennai,2024-07-06,27,Male
CUST5504,Kolkata,2023-07-26,42,Female
CUST5505,Mumbai,2024-03-16,37,Female
CUST5506,Chennai,2024-09-19,36,Male
CUST5507,Bengaluru,2023-08-24,20,Female
CUST5508,Chennai,2023-06-11,55,Male
CUST5509,Delhi,2025-09-15,43,Male
CUST5510,Ahmedabad,2023-01-10,43,Male
CUST5511,Pune,2025-03-31,21,Female
CUST5512,Bengaluru,2023-03-12,41,Female
CUST5513,Hyderabad,2024-02-24,58,Male
CUST5514,Mumbai,2024-02-14,49,Male
CUST5515,Kolkata,2025-07-18,25,Male
CUST5516,Hyderabad,2025-02-10,38,Female
CUST5517,Pune,2023-06-29,55,Female
CUST5518,Pune,2023-09-23,44,Male
CUST5519,Hyderabad,2024-04-18,22,Female
CUST5520,Kolkata,2025-03-20,28,Male
CUST5521,Ahmedabad,2024-01-29,30,Female
CUST5522,Hyderabad,2024-03-24,52,Female
CUST5523,Ahmedabad,2025-12-22,59,Female
CUST5524,Kolkata,2025-11-17,57,Male
CUST5525,Ahmedabad,2024-07-27,39,Female
CUST5526,Delhi,2023-02-21,48,Female
CUST5527,Ahmedabad,2023-06-01,30,Male
CUST5528,Bengaluru,2024-06-24,53,Male
CUST5529,Ahmedabad,2023-04-27,43,Male
CUST5530,Ahmedabad,2023-11-04,22,Female
CUST5531,Bengaluru,2023-07-07,26,Male
CUST5532,Chennai,2024-08-11,30,Female
CUST5533,Mumbai,2024-12-29,49,Male
CUST5534,Pune,2023-11-11,42,Male
CUST5535,Bengaluru,2023-11-12,54,Male
CUST5536,Pune,2023-11-11,30,Male
CUST5537,Ahmedabad,2025-07-27,43,Female
CUST5538,Bengaluru,2025-06-11,54,Male
CUST5539,Mumbai,2024-05-22,22,Female
CUST5540,Kolkata,2023-10-15,22,Male
CUST5541,Hyderabad,2024-11-15,52,Female
CUST5542,Mumbai,2025-11-11,19,Female
CUST5543,Pune,2025-02-23,53,Female
CUST5544,Hyderabad,2025-06-28,31,Female
CUST5545,Ahmedabad,2024-09-09,51,Male
CUST5546,Pune,2023-12-05,53,Male
CUST5547,Bengaluru,2024-10-23,29,Male
CUST5548,Chennai,2025-04-02,56,Male
CUST5549,Bengaluru,2024-09-04,23,Male
CUST5550,Bengaluru,2023-07-15,48,Male
CUST5551,Chennai,2024-12-24,31,Female
CUST5552,Mumbai,2024-10-28,36,Female
CUST5553,Mumbai,2023-08-17,40,Male
CUST5554,Pune,2025-04-11,29,Male
CUST5555,Mumbai,2024-09-18,51,Male
CUST5556,Delhi,2024-05-18,36,Female
CUST5557,Chennai,2023-08-23,37,Female
CUST5558,Chennai,2025-03-30,36,Male
CUST5559,Ahmedabad,2023-10-03,20,Female
CUST5560,Bengaluru,2023-10-12,24,Male
CUST5561,Kolkata,2024-07-20,51,Male
CUST5562,Ahmedabad,2024-06-07,20,Male
CUST5563,Delhi,2024-04-27,54,Female
CUST5564,Hyderabad,2024-07-10,54,Male
CUST5565,Kolkata,2025-05-23,31,Male
CUST5566,Hyderabad,2025-06-19,48,Male
CUST5567,Ahmedabad,2023-08-16,47,Male
CUST5568,Mumbai,2023-04-01,20,Male
CUST5569,Mumbai,2025-10-20,21,Male
CUST5570,Ahmedabad,2025-09-06,58,Female
CUST5571,Mumbai,2023-10-07,19,Male
CUST5572,Kolkata,2024-10-17,52,Male
CUST5573,Chennai,2024-12-19,37,Female
CUST5574,Hyderabad,2023-09-30,26,Male
CUST5575,Pune,2023-05-06,46,Female
CUST5576,Kolkata,2025-06-22,53,Female
CUST5577,Pune,2023-12-11,40,Female
CUST5578,Hyderabad,2023-01-07,47,Male
CUST5579,Pune,2023-01-16,56,Male
CUST5580,Mumbai,2025-07-31,28,Female
CUST5581,Kolkata,2025-07-26,38,Male
CUST5582,Ahmedabad,2024-03-21,32,Male
CUST5583,Kolkata,2024-07-27,41,Male
CUST5584,Pune,2023-03-09,35,Male
CUST5585,Bengaluru,2024-03-30,26,Male
CUST5586,Bengaluru,2023-08-19,55,Male
CUST5587,Pune,2023-02-17,46,Male
CUST5588,Kolkata,2024-12-18,23,Male
CUST5589,Delhi,2025-06-07,34,Male
CUST5590,Chennai,2024-05-20,30,Male
CUST5591,Ahmedabad,2024-12-11,32,Male
CUST5592,Bengaluru,2025-01-10,50,Male
CUST5593,Ahmedabad,2025-09-30,42,Female
CUST5594,Hyderabad,2023-11-15,40,Male
CUST5595,Hyderabad,2024-08-12,58,Male
CUST5596,Delhi,2023-06-25,36,Female
CUST5597,Delhi,2025-12-14,40,Female
CUST5598,Delhi,2024-01-03,42,Male
CUST5599,Pune,2025-03-15,34,Male
CUST5600,Pune,2025-06-04,43,Male
CUST5601,Bengaluru,2023-04-06,25,Male
CUST5602,Ahmedabad,2025-05-10,41,Female
CUST5603,Ahmedabad,2023-12-08,40,Male
CUST5604,Delhi,2025-08-02,52,Female
CUST5605,Bengaluru,2025-12-04,32,Male
CUST5606,Chennai,2024-03-17,43,Male
CUST5607,Hyderabad,2024-03-21,28,Male
CUST5608,Mumbai,2025-11-10,48,Male
CUST5609,Hyderabad,2025-11-18,49,Male
CUST5610,Hyderabad,2024-09-06,52,Male
CUST5611,Mumbai,2023-01-27,22,Male
CUST5612,Ahmedabad,2024-09-24,26,Male
CUST5613,Mumbai,2024-11-08,24,Male
CUST5614,Hyderabad,2023-08-22,21,Male
CUST5615,Mumbai,2025-05-17,35,Female
CUST5616,Pune,2024-01-06,26,Male
CUST5617,Pune,2025-01-04,30,Female
CUST5618,Chennai,2023-12-04,29,Male
CUST5619,Bengaluru,2023-10-21,31,Male
CUST5620,Bengaluru,2025-09-30,19,Male
CUST5621,Delhi,2023-04-26,27,Male
CUST5622,Pune,2024-04-09,43,Male
CUST5623,Kolkata,2025-11-25,50,Female
CUST5624,Pune,2024-02-29,24,Female
CUST5625,Kolkata,2024-02-18,24,Male
CUST5626,Delhi,2025-05-06,22,Female
CUST5627,Pune,2024-08-21,57,Male
CUST5628,Chennai,2025-07-19,23,Female
CUST5629,Bengaluru,2024-03-12,59,Male
CUST5630,Bengaluru,2023-03-22,56,Female
CUST5631,Chennai,2024-01-27,26,Female
CUST5632,Bengaluru,2023-05-27,54,Male
CUST5633,Delhi,2025-08-16,45,Male
CUST5634,Kolkata,2024-02-09,25,Male
CUST5635,Chennai,2025-07-06,44,Female
CUST5636,Pune,2023-08-20,33,Male
CUST5637,Delhi,2024-05-10,18,Male
CUST5638,Ahmedabad,2025-07-29,33,Female
CUST5639,Hyderabad,2023-10-22,45,Female
CUST5640,Mumbai,2023-05-13,55,Female
CUST5641,Kolkata,2024-10-20,18,Male
CUST5642,Pune,2025-06-20,22,Male
CUST5643,Mumbai,2024-03-26,18,Male
CUST5644,Pune,2023-06-12,29,Female
CUST5645,Hyderabad,2025-06-26,28,Female
CUST5646,Ahmedabad,2025-06-30,19,Female
CUST5647,Hyderabad,2024-09-12,57,Male
CUST5648,Mumbai,2023-12-17,31,Male
CUST5649,Kolkata,2025-04-21,28,Female
CUST5650,Bengaluru,2023-01-06,23,Male
CUST5651,Hyderabad,2025-08-19,52,Female
CUST5652,Ahmedabad,2023-04-05,59,Male
CUST5653,Ahmedabad,2025-04-19,45,Female
CUST5654,Pune,2024-11-19,51,Male
CUST5655,Kolkata,2023-07-21,50,Female
CUST5656,Bengaluru,2024-03-26,45,Female
CUST5657,Delhi,2025-04-25,40,Female
CUST5658,Mumbai,2024-12-05,38,Male
CUST5659,Pune,2025-01-06,22,Male
CUST5660,Mumbai,2023-03-09,29,Female
CUST5661,Bengaluru,2024-12-30,31,Female
CUST5662,Ahmedabad,2024-12-28,48,Female
CUST5663,Ahmedabad,2024-06-12,42,Female
CUST5664,Pune,2024-03-26,44,Female
CUST5665,Pune,2024-03-01,18,Male
CUST5666,Kolkata,2024-12-15,53,Female
CUST5667,Delhi,2023-06-08,29,Male
CUST5668,Pune,2024-08-08,50,Female
CUST5669,Delhi,2024-06-07,30,Male
CUST5670,Bengaluru,2025-06-20,58,Female
CUST5671,Ahmedabad,2023-10-05,44,Female
CUST5672,Bengaluru,2025-09-18,56,Female
CUST5673,Chennai,2024-04-20,46,Female
CUST5674,Mumbai,2024-11-09,35,Female
CUST5675,Chennai,2024-09-20,53,Female
CUST5676,Delhi,2023-01-20,40,Male
CUST5677,Delhi,2024-07-23,37,Male
CUST5678,Bengaluru,2024-10-07,40,Male
CUST5679,Bengaluru,2024-02-14,36,Male
CUST5680,Pune,2023-12-17,43,Male
CUST5681,Pune,2025-07-28,36,Female
CUST5682,Delhi,2025-08-06,49,Female
CUST5683,Ahmedabad,2024-04-08,42,Male
CUST5684,Hyderabad,2025-10-16,18,Male
CUST5685,Delhi,2025-08-20,35,Male
CUST5686,Chennai,2023-11-20,30,Male
CUST5687,Mumbai,2024-08-16,40,Female
CUST5688,Pune,2024-04-01,20,Female
CUST5689,Chennai,2025-11-25,44,Female
CUST5690,Hyderabad,2023-08-09,42,Female
CUST5691,Mumbai,2025-08-12,54,Female
CUST5692,Chennai,2023-10-03,57,Female
CUST5693,Delhi,2023-11-03,24,Male
CUST5694,Chennai,2023-06-14,56,Female
CUST5695,Delhi,2023-07-04,56,Female
CUST5696,Ahmedabad,2025-10-16,44,Female
CUST5697,Kolkata,2023-05-29,58,Female
CUST5698,Pune,2024-11-19,26,Male
CUST5699,Chennai,2023-10-05,18,Female
CUST5700,Mumbai,2023-09-20,55,Female
CUST5701,Kolkata,2023-05-27,50,Male
CUST5702,Kolkata,2023-05-04,47,Female
CUST5703,Chennai,2023-05-02,50,Male
CUST5704,Pune,2025-01-28,32,Female
CUST5705,Delhi,2024-02-25,24,Male
CUST5706,Delhi,2025-10-27,31,Female
CUST5707,Delhi,2024-08-17,20,Male
CUST5708,Delhi,2023-08-25,53,Female
CUST5709,Kolkata,2025-12-09,20,Male
CUST5710,Chennai,2025-12-11,27,Female
CUST5711,Pune,2024-08-09,38,Male
CUST5712,Kolkata,2023-12-25,29,Female
CUST5713,Delhi,2024-03-16,43,Female
CUST5714,Bengaluru,2025-12-11,18,Male
CUST5715,Mumbai,2025-06-02,56,Female
CUST5716,Bengaluru,2023-12-03,40,Female
CUST5717,Hyderabad,2023-10-23,46,Female
CUST5718,Bengaluru,2024-06-25,50,Female
CUST5719,Ahmedabad,2024-11-30,36,Female
CUST5720,Mumbai,2025-01-21,31,Male
CUST5721,Pune,2025-09-27,25,Female
CUST5722,Hyderabad,2023-06-30,18,Female
CUST5723,Hyderabad,2024-11-20,22,Female
CUST5724,Pune,2025-10-05,50,Female
CUST5725,Delhi,2024-06-07,36,Male
CUST5726,Hyderabad,2025-03-18,22,Male
CUST5727,Pune,2023-12-24,58,Female
CUST5728,Kolkata,2024-12-19,28,Male
CUST5729,Pune,2023-05-31,30,Female
CUST5730,Chennai,2025-09-21,57,Male
CUST5731,Pune,2024-05-20,39,Female
CUST5732,Delhi,2023-05-26,35,Female
CUST5733,Mumbai,2024-11-06,52,Female
CUST5734,Chennai,2023-06-21,54,Female
CUST5735,Pune,2023-04-07,49,Female
CUST5736,Chennai,2025-06-25,54,Female
CUST5737,Hyderabad,2023-04-15,52,Female
CUST5738,Delhi,2025-04-18,56,Male
CUST5739,Chennai,2023-09-01,42,Female
CUST5740,Hyderabad,2024-08-07,56,Female
CUST5741,Ahmedabad,2023-11-07,55,Female
CUST5742,Kolkata,2023-07-27,54,Female
CUST5743,Kolkata,2025-08-22,23,Female
CUST5744,Hyderabad,2025-01-31,35,Female
CUST5745,Chennai,2023-01-07,38,Female
CUST5746,Hyderabad,2024-10-06,53,Male
CUST5747,Hyderabad,2024-09-10,18,Female
CUST5748,Chennai,2025-11-02,58,Male
CUST5749,Kolkata,2023-11-02,43,Female
CUST5750,Chennai,2024-10-06,25,Male
CUST5751,Ahmedabad,2025-07-22,40,Male
CUST5752,Bengaluru,2025-10-22,41,Female
CUST5753,Ahmedabad,2023-09-18,22,Female
CUST5754,Chennai,2024-05-13,25,Male
CUST5755,Delhi,2023-04-04,34,Female
CUST5756,Pune,2025-06-23,51,Female
CUST5757,Hyderabad,2025-09-23,47,Female
CUST5758,Ahmedabad,2024-02-19,26,Female
CUST5759,Pune,2024-07-06,28,Male
CUST5760,Kolkata,2024-09-13,22,Male
CUST5761,Chennai,2023-04-30,58,Male
CUST5762,Ahmedabad,2024-10-16,39,Male
CUST5763,Hyderabad,2024-09-03,44,Male
CUST5764,Delhi,2023-08-20,51,Female
CUST5765,Mumbai,2024-10-06,48,Female
CUST5766,Ahmedabad,2025-02-09,48,Male
CUST5767,Delhi,2024-08-23,49,Male
CUST5768,Hyderabad,2023-06-10,32,Female
CUST5769,Bengaluru,2023-05-22,38,Male
CUST5770,Delhi,2024-08-09,53,Female
CUST5771,Hyderabad,2023-12-07,59,Male
CUST5772,Delhi,2024-02-23,22,Female
CUST5773,Kolkata,2023-01-30,31,Male
CUST5774,Hyderabad,2023-12-23,18,Male
CUST5775,Pune,2025-04-26,42,Male
CUST5776,Delhi,2025-12-24,18,Female
CUST5777,Ahmedabad,2024-03-12,42,Male
CUST5778,Delhi,2023-07-15,29,Male
CUST5779,Ahmedabad,2024-09-13,52,Female
CUST5780,Chennai,2024-06-27,25,Male
CUST5781,Delhi,2025-04-14,25,Female
CUST5782,Bengaluru,2023-03-17,58,Male
CUST5783,Ahmedabad,2025-02-20,40,Female
CUST5784,Bengaluru,2024-11-16,51,Male
CUST5785,Hyderabad,2024-06-13,22,Male
CUST5786,Chennai,2023-04-10,18,Male
CUST5787,Hyderabad,2023-07-12,26,Female
CUST5788,Delhi,2024-06-30,24,Female
CUST5789,Delhi,2023-02-01,42,Female
CUST5790,Mumbai,2025-06-07,26,Female
CUST5791,Hyderabad,2024-08-10,35,Female
CUST5792,Ahmedabad,2024-08-20,50,Male
CUST5793,Kolkata,2024-05-07,26,Female
CUST5794,Mumbai,2024-06-20,23,Male
CUST5795,Bengaluru,2024-05-12,36,Male
CUST5796,Mumbai,2025-12-25,33,Male
CUST5797,Hyderabad,2025-02-21,42,Female
CUST5798,Delhi,2024-11-18,47,Male
CUST5799,Ahmedabad,2023-06-09,28,Female
CUST5800,Kolkata,2023-03-15,26,Male
CUST5801,Bengaluru,2024-01-03,38,Female
CUST5802,Pune,2025-12-11,44,Female
CUST5803,Delhi,2024-03-19,29,Female
CUST5804,Hyderabad,2023-05-22,43,Female
CUST5805,Hyderabad,2023-05-07,45,Female
CUST5806,Delhi,2023-04-18,29,Female
CUST5807,Bengaluru,2024-09-24,44,Female
CUST5808,Bengaluru,2025-08-04,41,Female
CUST5809,Chennai,2024-02-28,51,Male
CUST5810,Pune,2025-03-29,49,Female
CUST5811,Bengaluru,2023-06-09,58,Male
CUST5812,Ahmedabad,2024-06-13,53,Female
CUST5813,Pune,2025-04-19,25,Male
CUST5814,Kolkata,2025-05-25,25,Male
CUST5815,Mumbai,2023-11-24,18,Female
CUST5816,Kolkata,2024-07-04,49,Male
CUST5817,Hyderabad,2024-06-02,46,Female
CUST5818,Hyderabad,2023-12-12,22,Male
CUST5819,Chennai,2024-09-24,52,Male
CUST5820,Ahmedabad,2025-11-02,58,Female
CUST5821,Delhi,2023-04-24,56,Male
CUST5822,Mumbai,2024-03-17,29,Male
CUST5823,Pune,2024-06-03,44,Female
CUST5824,Pune,2025-05-05,39,Male
CUST5825,Pune,2024-09-27,23,Male
CUST5826,Ahmedabad,2025-08-13,19,Female
CUST5827,Mumbai,2023-03-17,25,Female
CUST5828,Bengaluru,2024-09-08,22,Male
CUST5829,Mumbai,2023-05-14,46,Male
CUST5830,Pune,2024-12-09,18,Female
CUST5831,Mumbai,2023-08-03,19,Male
CUST5832,Pune,2025-11-15,37,Male
CUST5833,Bengaluru,2025-04-19,56,Male
CUST5834,Mumbai,2023-11-11,23,Female
CUST5835,Ahmedabad,2025-12-14,20,Male
CUST5836,Bengaluru,2025-06-23,28,Female
CUST5837,Mumbai,2025-10-21,39,Female
CUST5838,Chennai,2025-12-26,25,Female
CUST5839,Hyderabad,2023-04-16,53,Male
CUST5840,Pune,2023-01-08,52,Female
CUST5841,Chennai,2025-05-30,21,Male
CUST5842,Ahmedabad,2023-07-13,45,Male
CUST5843,Mumbai,2023-08-01,56,Male
CUST5844,Kolkata,2024-06-24,59,Male
CUST5845,Pune,2025-01-29,52,Female
CUST5846,Hyderabad,2025-05-20,24,Male
CUST5847,Ahmedabad,2025-09-12,47,Female
CUST5848,Pune,2024-10-29,18,Female
CUST5849,Chennai,2025-10-28,19,Female
CUST5850,Kolkata,2023-04-15,24,Female
CUST5851,Mumbai,2023-12-28,22,Female
CUST5852,Pune,2025-06-03,51,Male
CUST5853,Bengaluru,2023-12-03,28,Male
CUST5854,Pune,2025-09-25,36,Female
CUST5855,Kolkata,2025-05-11,51,Male
CUST5856,Bengaluru,2025-10-23,55,Male
CUST5857,Hyderabad,2024-12-19,29,Female
CUST5858,Hyderabad,2023-03-01,33,Male
CUST5859,Bengaluru,2023-07-21,24,Male
CUST5860,Ahmedabad,2024-05-28,40,Male
CUST5861,Kolkata,2024-03-22,35,Female
CUST5862,Bengaluru,2025-08-10,31,Female
CUST5863,Chennai,2024-08-24,41,Female
CUST5864,Chennai,2025-01-29,40,Male
CUST5865,Kolkata,2025-03-25,57,Male
CUST5866,Chennai,2023-05-04,54,Female
CUST5867,Pune,2024-12-02,53,Female
CUST5868,Mumbai,2024-02-10,34,Male
CUST5869,Hyderabad,2023-01-04,26,Male
CUST5870,Ahmedabad,2025-01-06,23,Male
CUST5871,Ahmedabad,2025-06-11,39,Female
CUST5872,Ahmedabad,2023-04-21,33,Female
CUST5873,Mumbai,2023-06-13,23,Female
CUST5874,Delhi,2025-09-19,53,Female
CUST5875,Hyderabad,2025-02-15,39,Female
CUST5876,Chennai,2023-12-12,50,Male
CUST5877,Mumbai,2023-12-24,39,Female
CUST5878,Delhi,2025-01-29,55,Male
CUST5879,Ahmedabad,2023-07-10,54,Female
CUST5880,Pune,2024-04-27,41,Male
CUST5881,Pune,2024-06-19,38,Female
CUST5882,Kolkata,2024-07-04,25,Male
CUST5883,Pune,2025-04-25,53,Male
CUST5884,Bengaluru,2025-05-06,54,Male
CUST5885,Mumbai,2025-07-14,56,Male
CUST5886,Ahmedabad,2024-06-18,29,Male
CUST5887,Kolkata,2025-04-17,42,Female
CUST5888,Delhi,2024-11-03,44,Female
CUST5889,Bengaluru,2025-11-23,58,Male
CUST5890,Delhi,2024-07-29,50,Female
CUST5891,Hyderabad,2024-01-06,32,Female
CUST5892,Mumbai,2023-02-17,28,Male
CUST5893,Hyderabad,2024-07-14,50,Female
CUST5894,Kolkata,2024-04-05,18,Male
CUST5895,Mumbai,2023-03-11,26,Female
CUST5896,Pune,2024-12-15,45,Female
CUST5897,Bengaluru,2025-11-23,50,Female
CUST5898,Chennai,2023-10-09,35,Male
CUST5899,Chennai,2025-08-11,20,Female
CUST5900,Mumbai,2024-11-12,28,Female
CUST5901,Kolkata,2024-07-19,51,Male
CUST5902,Pune,2025-05-16,31,Female
CUST5903,Delhi,2024-10-28,52,Female
CUST5904,Mumbai,2025-10-19,22,Female
CUST5905,Pune,2024-06-24,24,Female
CUST5906,Delhi,2025-01-21,58,Female
CUST5907,Chennai,2025-05-03,46,Female
CUST5908,Hyderabad,2023-06-01,43,Female
CUST5909,Chennai,2024-01-25,59,Male
CUST5910,Chennai,2025-01-10,19,Male
CUST5911,Mumbai,2024-05-20,18,Female
CUST5912,Bengaluru,2025-07-19,37,Male
CUST5913,Chennai,2024-01-09,53,Male
CUST5914,Ahmedabad,2024-11-21,49,Female
CUST5915,Kolkata,2024-06-10,41,Male
CUST5916,Hyderabad,2025-03-28,35,Female
CUST5917,Kolkata,2024-06-21,55,Female
CUST5918,Mumbai,2023-08-15,32,Female
CUST5919,Bengaluru,2025-01-17,39,Male
CUST5920,Bengaluru,2025-07-11,54,Male
CUST5921,Bengaluru,2025-04-10,36,Female
CUST5922,Mumbai,2025-09-25,27,Male
CUST5923,Mumbai,2023-04-25,40,Male
CUST5924,Hyderabad,2025-12-14,56,Female
CUST5925,Kolkata,2024-01-19,30,Male
CUST5926,Delhi,2024-05-21,26,Female
CUST5927,Delhi,2023-10-17,38,Male
CUST5928,Delhi,2025-02-16,41,Female
CUST5929,Hyderabad,2025-01-16,49,Male
CUST5930,Delhi,2023-08-21,51,Male
CUST5931,Ahmedabad,2025-12-16,25,Male
CUST5932,Pune,2023-09-19,22,Female
CUST5933,Chennai,2025-07-30,46,Male
CUST5934,Ahmedabad,2025-03-06,34,Male
CUST5935,Chennai,2024-08-28,51,Male
CUST5936,Mumbai,2023-08-14,33,Female
CUST5937,Ahmedabad,2024-04-04,45,Male
CUST5938,Chennai,2025-06-23,31,Male
CUST5939,Delhi,2024-03-12,32,Male
CUST5940,Delhi,2025-01-28,58,Male
CUST5941,Bengaluru,2023-09-08,43,Female
CUST5942,Kolkata,2023-12-06,55,Female
CUST5943,Hyderabad,2025-04-27,45,Male
CUST5944,Bengaluru,2024-05-09,18,Male
CUST5945,Bengaluru,2024-01-05,29,Male
CUST5946,Chennai,2025-09-21,31,Male
CUST5947,Mumbai,2024-09-08,55,Male
CUST5948,Chennai,2024-06-16,59,Male
CUST5949,Mumbai,2023-04-24,22,Female
CUST5950,Hyderabad,2023-09-15,30,Female
CUST5951,Mumbai,2025-10-03,47,Male
CUST5952,Chennai,2024-05-22,46,Male
CUST5953,Pune,2024-10-25,43,Male
CUST5954,Hyderabad,2024-06-15,48,Female
CUST5955,Chennai,2023-05-04,39,Male
CUST5956,Chennai,2023-08-17,45,Female
CUST5957,Pune,2025-01-05,54,Female
CUST5958,Delhi,2024-01-30,22,Female
CUST5959,Mumbai,2024-09-28,24,Female
CUST5960,Pune,2025-07-03,51,Male
CUST5961,Chennai,2025-03-01,31,Female
CUST5962,Hyderabad,2024-11-15,24,Male
CUST5963,Ahmedabad,2024-06-22,50,Male
CUST5964,Mumbai,2025-03-30,54,Male
CUST5965,Bengaluru,2025-06-01,21,Male
CUST5966,Bengaluru,2025-11-04,34,Female
CUST5967,Mumbai,2023-08-06,23,Female
CUST5968,Mumbai,2024-01-12,34,Male
CUST5969,Kolkata,2023-03-10,21,Male
CUST5970,Mumbai,2025-01-08,46,Male
CUST5971,Ahmedabad,2023-06-27,40,Female
CUST5972,Ahmedabad,2023-03-27,34,Male
CUST5973,Delhi,2023-09-09,19,Female
CUST5974,Mumbai,2025-06-14,24,Female
CUST5975,Chennai,2025-06-22,23,Male
CUST5976,Ahmedabad,2024-04-21,27,Female
CUST5977,Mumbai,2025-08-11,18,Male
CUST5978,Pune,2024-01-28,27,Female
CUST5979,Chennai,2025-01-23,46,Female
CUST5980,Bengaluru,2025-08-23,24,Female
CUST5981,Mumbai,2024-12-25,23,Female
CUST5982,Bengaluru,2024-03-18,33,Male
CUST5983,Mumbai,2024-10-06,49,Male
CUST5984,Chennai,2025-09-23,23,Female
CUST5985,Delhi,2025-07-31,41,Male
CUST5986,Ahmedabad,2023-04-20,37,Male
CUST5987,Chennai,2023-09-15,44,Female
CUST5988,Bengaluru,2024-07-05,55,Female
CUST5989,Delhi,2024-11-22,46,Male
CUST5990,Pune,2024-12-27,43,Female
CUST5991,Delhi,2025-10-06,20,Male
CUST5992,Delhi,2025-08-14,40,Male
CUST5993,Ahmedabad,2024-10-17,44,Female
CUST5994,Pune,2024-02-08,44,Female
CUST5995,Delhi,2025-06-03,57,Female
CUST5996,Delhi,2025-11-19,59,Male
CUST5997,Hyderabad,2025-02-14,26,Female
CUST5998,Chennai,2023-12-25,59,Female
CUST5999,Ahmedabad,2023-06-04,54,Female
CUST6000,Kolkata,2025-03-28,34,Female
CUST6001,Pune,2023-05-05,27,Female
CUST6002,Ahmedabad,2023-05-05,38,Male
CUST6003,Bengaluru,2023-04-27,57,Female
CUST6004,Chennai,2025-05-12,40,Female
CUST6005,Ahmedabad,2023-01-25,32,Male
CUST6006,Bengaluru,2023-06-24,58,Male
CUST6007,Delhi,2024-06-10,50,Female
CUST6008,Chennai,2025-02-18,48,Male
CUST6009,Chennai,2023-12-25,54,Male
CUST6010,Hyderabad,2025-09-02,53,Male
CUST6011,Hyderabad,2025-02-28,48,Male
CUST6012,Chennai,2025-09-18,28,Female
CUST6013,Bengaluru,2024-11-05,43,Male
CUST6014,Mumbai,2025-02-15,36,Male
CUST6015,Hyderabad,2023-04-28,44,Male
CUST6016,Delhi,2025-06-24,47,Male
CUST6017,Bengaluru,2025-05-11,58,Male
CUST6018,Chennai,2023-09-29,51,Female
CUST6019,Kolkata,2024-05-17,29,Female
CUST6020,Kolkata,2023-06-25,32,Male
CUST6021,Chennai,2025-02-04,36,Female
CUST6022,Chennai,2023-03-31,19,Male
CUST6023,Delhi,2024-07-08,26,Female
CUST6024,Delhi,2024-03-07,33,Female
CUST6025,Pune,2024-05-10,48,Female
CUST6026,Bengaluru,2025-04-06,44,Male
CUST6027,Hyderabad,2023-09-09,37,Female
CUST6028,Ahmedabad,2024-12-30,26,Female
CUST6029,Bengaluru,2024-02-15,20,Female
CUST6030,Mumbai,2024-12-15,27,Female
CUST6031,Kolkata,2025-09-07,58,Female
CUST6032,Ahmedabad,2023-09-29,37,Female
CUST6033,Bengaluru,2024-11-24,39,Female
CUST6034,Hyderabad,2023-08-09,35,Female
CUST6035,Delhi,2023-11-18,27,Male
CUST6036,Mumbai,2025-12-05,24,Male
CUST6037,Pune,2023-03-23,57,Female
CUST6038,Hyderabad,2025-04-30,22,Male
CUST6039,Hyderabad,2023-07-28,35,Female
CUST6040,Mumbai,2024-01-05,29,Male
CUST6041,Bengaluru,2023-10-07,36,Female
CUST6042,Mumbai,2024-08-19,50,Female
CUST6043,Mumbai,2025-07-14,39,Female
CUST6044,Kolkata,2023-05-03,49,Female
CUST6045,Hyderabad,2024-02-01,51,Male
CUST6046,Hyderabad,2025-09-18,23,Female
CUST6047,Kolkata,2024-08-17,41,Female
CUST6048,Delhi,2024-08-11,23,Male
CUST6049,Bengaluru,2024-05-12,20,Male
CUST6050,Hyderabad,2025-04-17,19,Female
CUST6051,Bengaluru,2025-11-08,36,Male
CUST6052,Delhi,2024-06-12,29,Female
CUST6053,Chennai,2023-09-05,50,Male
CUST6054,Hyderabad,2025-11-14,46,Female
CUST6055,Hyderabad,2023-01-14,46,Female
CUST6056,Hyderabad,2023-08-06,51,Female
CUST6057,Kolkata,2023-08-03,39,Female
CUST6058,Mumbai,2024-01-04,53,Male
CUST6059,Kolkata,2024-06-13,33,Female
CUST6060,Delhi,2023-04-11,27,Female
CUST6061,Hyderabad,2024-07-23,48,Male
CUST6062,Hyderabad,2025-08-20,33,Male
CUST6063,Delhi,2025-12-22,34,Female
CUST6064,Bengaluru,2024-09-13,53,Female
CUST6065,Delhi,2024-12-30,47,Male
CUST6066,Chennai,2025-08-29,51,Male
CUST6067,Bengaluru,2025-12-27,19,Female
CUST6068,Hyderabad,2025-04-29,55,Male
CUST6069,Mumbai,2025-06-25,24,Female
CUST6070,Ahmedabad,2023-04-27,45,Female
CUST6071,Mumbai,2025-05-23,51,Male
CUST6072,Ahmedabad,2024-02-10,45,Female
CUST6073,Chennai,2024-08-14,23,Male
CUST6074,Chennai,2023-06-17,58,Male
CUST6075,Pune,2024-04-09,46,Female
CUST6076,Kolkata,2025-07-24,31,Female
CUST6077,Ahmedabad,2023-07-04,39,Female
CUST6078,Kolkata,2023-06-23,31,Male
CUST6079,Pune,2024-01-24,55,Male
CUST6080,Delhi,2023-02-10,31,Male
CUST6081,Delhi,2024-02-04,48,Male
CUST6082,Hyderabad,2024-08-14,22,Female
CUST6083,Kolkata,2024-12-31,37,Male
CUST6084,Bengaluru,2025-03-12,30,Male
CUST6085,Pune,2025-07-02,27,Female
CUST6086,Kolkata,2023-01-13,32,Female
CUST6087,Chennai,2025-01-03,22,Male
CUST6088,Pune,2024-02-17,49,Female
CUST6089,Hyderabad,2025-07-07,58,Female
CUST6090,Delhi,2024-10-25,22,Male
CUST6091,Ahmedabad,2025-03-18,54,Female
CUST6092,Ahmedabad,2024-11-06,38,Female
CUST6093,Mumbai,2024-11-02,51,Female
CUST6094,Kolkata,2025-05-26,54,Male
CUST6095,Chennai,2025-06-14,53,Male
CUST6096,Chennai,2025-06-01,51,Female
CUST6097,Bengaluru,2023-01-26,56,Male
CUST6098,Pune,2024-06-07,32,Female
CUST6099,Ahmedabad,2025-09-04,50,Male
CUST6100,Ahmedabad,2024-01-18,39,Female
CUST6101,Chennai,2024-03-01,47,Male
CUST6102,Chennai,2025-10-09,38,Female
CUST6103,Bengaluru,2025-11-25,32,Male
CUST6104,Ahmedabad,2024-04-16,23,Female
CUST6105,Hyderabad,2023-01-01,23,Male
CUST6106,Mumbai,2023-12-10,26,Male
CUST6107,Ahmedabad,2025-12-02,31,Male
CUST6108,Chennai,2024-10-09,45,Male
CUST6109,Ahmedabad,2023-09-18,57,Male
CUST6110,Pune,2024-02-09,54,Female
CUST6111,Hyderabad,2023-09-10,40,Male
CUST6112,Delhi,2024-03-16,46,Female
CUST6113,Chennai,2025-02-09,25,Female
CUST6114,Bengaluru,2025-03-26,26,Male
CUST6115,Kolkata,2025-06-17,24,Male
CUST6116,Kolkata,2023-10-12,37,Female
CUST6117,Delhi,2023-02-10,22,Male
CUST6118,Pune,2024-05-29,32,Male
CUST6119,Delhi,2023-08-26,25,Male
CUST6120,Pune,2023-09-22,28,Female
CUST6121,Chennai,2023-06-21,22,Female
CUST6122,Chennai,2025-04-22,18,Male
CUST6123,Hyderabad,2025-01-29,47,Female
CUST6124,Pune,2025-05-15,57,Male
CUST6125,Mumbai,2023-12-02,37,Male
CUST6126,Pune,2025-05-30,42,Female
CUST6127,Kolkata,2024-07-21,59,Female
CUST6128,Delhi,2025-06-23,22,Male
CUST6129,Kolkata,2023-05-06,48,Male
CUST6130,Hyderabad,2023-07-22,47,Male
CUST6131,Bengaluru,2023-01-17,46,Female
CUST6132,Hyderabad,2025-12-14,58,Male
CUST6133,Chennai,2025-10-09,32,Female
CUST6134,Mumbai,2024-09-30,56,Female
CUST6135,Chennai,2024-10-23,33,Female
CUST6136,Kolkata,2023-11-02,35,Male
CUST6137,Pune,2023-05-19,25,Female
CUST6138,Chennai,2023-03-19,25,Male
CUST6139,Chennai,2024-12-29,59,Female
CUST6140,Hyderabad,2025-08-13,48,Male
CUST6141,Delhi,2025-03-22,29,Female
CUST6142,Delhi,2024-02-11,57,Male
CUST6143,Kolkata,2023-09-06,33,Female
CUST6144,Ahmedabad,2023-07-30,48,Male
CUST6145,Hyderabad,2025-08-09,22,Male
CUST6146,Ahmedabad,2023-09-24,48,Male
CUST6147,Pune,2023-06-27,37,Female
CUST6148,Ahmedabad,2025-01-01,44,Female
CUST6149,Mumbai,2023-12-08,47,Male
CUST6150,Pune,2024-09-03,31,Female
CUST6151,Mumbai,2025-07-22,42,Male
CUST6152,Mumbai,2024-07-24,19,Male
CUST6153,Bengaluru,2025-10-10,35,Male
CUST6154,Pune,2025-08-02,19,Male
CUST6155,Ahmedabad,2024-02-09,27,Female
CUST6156,Ahmedabad,2023-07-18,18,Male
CUST6157,Mumbai,2023-12-03,26,Male
CUST6158,Pune,2025-02-02,21,Male
CUST6159,Kolkata,2023-04-21,40,Female
CUST6160,Kolkata,2025-10-08,31,Male
CUST6161,Delhi,2025-08-11,32,Female
CUST6162,Ahmedabad,2023-01-11,20,Female
CUST6163,Ahmedabad,2025-11-29,50,Male
CUST6164,Bengaluru,2024-05-31,51,Male
CUST6165,Chennai,2025-08-10,19,Female
CUST6166,Mumbai,2025-07-28,22,Female
CUST6167,Ahmedabad,2024-02-23,28,Female
CUST6168,Pune,2025-07-14,39,Female
CUST6169,Ahmedabad,2023-01-04,48,Male
CUST6170,Delhi,2024-08-09,36,Female
CUST6171,Ahmedabad,2023-03-22,34,Male
CUST6172,Kolkata,2024-06-18,27,Female
CUST6173,Hyderabad,2025-09-27,21,Male
CUST6174,Delhi,2024-06-05,26,Male
CUST6175,Hyderabad,2023-07-18,35,Female
CUST6176,Chennai,2024-11-25,29,Male
CUST6177,Mumbai,2025-04-02,56,Male
CUST6178,Hyderabad,2025-11-08,41,Male
CUST6179,Hyderabad,2023-07-24,55,Male
CUST6180,Hyderabad,2024-11-29,48,Male
CUST6181,Hyderabad,2024-03-20,58,Female
CUST6182,Mumbai,2025-06-17,58,Male
CUST6183,Hyderabad,2024-02-27,36,Male
CUST6184,Pune,2023-12-26,23,Female
CUST6185,Ahmedabad,2023-05-09,58,Male
CUST6186,Bengaluru,2023-06-28,26,Female
CUST6187,Kolkata,2024-07-09,57,Male
CUST6188,Delhi,2023-12-01,35,Male
CUST6189,Ahmedabad,2024-04-27,40,Female
CUST6190,Pune,2023-11-22,47,Male
CUST6191,Bengaluru,2025-01-31,37,Male
CUST6192,Delhi,2025-10-23,20,Male
CUST6193,Delhi,2024-08-09,29,Male
CUST6194,Delhi,2025-11-09,46,Female
CUST6195,Delhi,2025-07-31,59,Female
CUST6196,Hyderabad,2023-09-27,26,Male
CUST6197,Delhi,2024-08-24,30,Male
CUST6198,Ahmedabad,2023-05-05,22,Female
CUST6199,Mumbai,2023-06-27,41,Female
CUST6200,Kolkata,2023-04-08,39,Male
CUST6201,Chennai,2025-09-19,57,Male
CUST6202,Ahmedabad,2023-10-14,42,Male
CUST6203,Bengaluru,2023-08-17,22,Female
CUST6204,Ahmedabad,2025-11-22,46,Female
CUST6205,Hyderabad,2023-01-21,20,Female
CUST6206,Hyderabad,2025-07-30,59,Male
CUST6207,Chennai,2025-03-15,41,Male
CUST6208,Chennai,2024-01-27,42,Female
CUST6209,Bengaluru,2023-09-10,20,Female
CUST6210,Bengaluru,2023-11-09,23,Female
CUST6211,Mumbai,2025-02-26,45,Male
CUST6212,Hyderabad,2025-08-20,42,Female
CUST6213,Ahmedabad,2025-03-06,39,Female
CUST6214,Delhi,2025-06-10,46,Female
CUST6215,Hyderabad,2023-02-21,22,Male
CUST6216,Chennai,2025-10-30,18,Male
CUST6217,Mumbai,2024-06-15,52,Female
CUST6218,Chennai,2024-03-14,20,Male
CUST6219,Chennai,2024-11-11,44,Male
CUST6220,Pune,2024-06-02,59,Female
CUST6221,Hyderabad,2024-11-19,46,Female
CUST6222,Chennai,2024-03-28,36,Male
CUST6223,Mumbai,2024-05-26,32,Male
CUST6224,Kolkata,2025-03-12,51,Female
CUST6225,Mumbai,2023-10-09,45,Female
CUST6226,Bengaluru,2024-08-16,34,Male
CUST6227,Bengaluru,2025-08-03,23,Male
CUST6228,Chennai,2023-05-13,54,Male
CUST6229,Delhi,2023-01-10,19,Female
CUST6230,Kolkata,2024-04-19,56,Female
CUST6231,Ahmedabad,2023-06-15,25,Female
CUST6232,Ahmedabad,2025-03-27,47,Male
CUST6233,Mumbai,2025-06-12,36,Male
CUST6234,Chennai,2025-02-28,37,Female
CUST6235,Chennai,2025-09-01,46,Female
CUST6236,Hyderabad,2023-06-09,56,Male
CUST6237,Hyderabad,2025-05-03,59,Male
CUST6238,Delhi,2025-08-31,47,Male
CUST6239,Hyderabad,2024-01-12,22,Female
CUST6240,Kolkata,2024-12-28,32,Male
CUST6241,Mumbai,2024-12-10,40,Male
CUST6242,Pune,2025-12-01,29,Female
CUST6243,Delhi,2023-01-16,18,Male
CUST6244,Mumbai,2025-09-16,36,Male
CUST6245,Kolkata,2024-02-06,19,Female
CUST6246,Bengaluru,2025-09-12,53,Female
CUST6247,Chennai,2024-08-02,49,Male
CUST6248,Mumbai,2025-07-02,47,Male
CUST6249,Mumbai,2024-07-29,49,Male
CUST6250,Mumbai,2024-10-19,25,Female
CUST6251,Delhi,2023-11-29,52,Female
CUST6252,Hyderabad,2023-12-23,45,Male
CUST6253,Ahmedabad,2024-06-09,45,Male
CUST6254,Hyderabad,2023-06-03,43,Male
CUST6255,Ahmedabad,2023-02-06,33,Male
CUST6256,Kolkata,2025-08-22,36,Female
CUST6257,Bengaluru,2024-12-15,56,Male
CUST6258,Ahmedabad,2025-08-24,21,Female
CUST6259,Chennai,2023-11-12,27,Female
CUST6260,Mumbai,2025-06-29,40,Male
CUST6261,Bengaluru,2025-01-09,47,Female
CUST6262,Ahmedabad,2025-02-07,56,Male
CUST6263,Pune,2025-02-21,24,Male
CUST6264,Hyderabad,2025-06-20,45,Female
CUST6265,Ahmedabad,2023-12-04,30,Male
CUST6266,Chennai,2023-02-03,37,Female
CUST6267,Chennai,2025-04-29,57,Female
CUST6268,Chennai,2025-04-28,20,Male
CUST6269,Hyderabad,2025-06-07,57,Male
CUST6270,Hyderabad,2025-09-09,51,Female
CUST6271,Delhi,2023-06-10,22,Female
CUST6272,Pune,2025-02-04,45,Female
CUST6273,Chennai,2023-01-23,21,Female
CUST6274,Pune,2024-10-22,53,Female
CUST6275,Mumbai,2025-05-12,55,Female
CUST6276,Kolkata,2025-09-22,44,Female
CUST6277,Ahmedabad,2023-03-30,42,Male
CUST6278,Pune,2024-04-01,28,Female
CUST6279,Mumbai,2023-11-06,32,Male
CUST6280,Hyderabad,2025-07-08,19,Male
CUST6281,Delhi,2023-07-19,37,Female
CUST6282,Delhi,2024-09-11,23,Male
CUST6283,Mumbai,2024-06-23,46,Female
CUST6284,Bengaluru,2023-10-29,32,Female
CUST6285,Hyderabad,2025-01-25,56,Female
CUST6286,Delhi,2024-02-10,49,Female
CUST6287,Delhi,2023-04-02,48,Female
CUST6288,Kolkata,2024-01-25,52,Male
CUST6289,Pune,2025-04-09,38,Male
CUST6290,Ahmedabad,2024-11-06,18,Female
CUST6291,Bengaluru,2023-05-01,41,Female
CUST6292,Ahmedabad,2025-11-16,31,Female
CUST6293,Ahmedabad,2023-05-09,27,Female
CUST6294,Mumbai,2023-12-05,23,Female
CUST6295,Bengaluru,2025-09-03,26,Male
CUST6296,Hyderabad,2023-12-02,25,Male
CUST6297,Ahmedabad,2025-05-11,37,Female
CUST6298,Pune,2023-11-22,59,Male
CUST6299,Kolkata,2023-12-21,38,Male
CUST6300,Mumbai,2023-08-21,28,Male
CUST6301,Ahmedabad,2023-03-09,30,Male
CUST6302,Bengaluru,2023-08-22,38,Male
CUST6303,Delhi,2023-11-23,50,Female
CUST6304,Bengaluru,2025-02-14,19,Male
CUST6305,Ahmedabad,2025-12-22,45,Male
CUST6306,Kolkata,2023-01-12,39,Male
CUST6307,Kolkata,2023-05-02,33,Male
CUST6308,Pune,2025-06-12,51,Male
CUST6309,Hyderabad,2023-10-15,37,Female
CUST6310,Pune,2025-03-27,51,Male
CUST6311,Ahmedabad,2025-09-16,55,Female
CUST6312,Mumbai,2025-08-30,22,Male
CUST6313,Pune,2023-02-14,31,Male
CUST6314,Ahmedabad,2024-10-26,40,Male
CUST6315,Chennai,2024-09-18,19,Male
CUST6316,Delhi,2025-04-05,28,Male
CUST6317,Mumbai,2025-10-05,52,Female
CUST6318,Pune,2025-02-20,32,Female
CUST6319,Mumbai,2023-12-08,57,Male
CUST6320,Ahmedabad,2025-04-12,33,Male
CUST6321,Pune,2023-05-17,22,Male
CUST6322,Hyderabad,2024-08-22,48,Female
CUST6323,Kolkata,2025-02-11,58,Female
CUST6324,Kolkata,2024-07-26,53,Female
CUST6325,Hyderabad,2023-08-18,37,Female
CUST6326,Delhi,2023-12-06,57,Female
CUST6327,Bengaluru,2025-02-27,19,Male
CUST6328,Ahmedabad,2023-04-04,38,Male
CUST6329,Bengaluru,2025-05-04,22,Female
CUST6330,Delhi,2025-05-05,21,Female
CUST6331,Mumbai,2025-01-06,58,Female
CUST6332,Bengaluru,2024-03-07,46,Female
CUST6333,Pune,2025-05-15,39,Female
CUST6334,Kolkata,2025-09-30,27,Male
CUST6335,Kolkata,2025-11-30,51,Female
CUST6336,Ahmedabad,2025-07-02,30,Male
CUST6337,Kolkata,2024-03-29,54,Female
CUST6338,Delhi,2025-02-26,40,Female
CUST6339,Pune,2023-05-22,53,Male
CUST6340,Mumbai,2024-11-08,22,Male
CUST6341,Mumbai,2025-03-13,40,Female
CUST6342,Kolkata,2023-03-11,44,Male
CUST6343,Pune,2025-05-24,51,Male
CUST6344,Kolkata,2023-10-19,51,Female
CUST6345,Kolkata,2025-08-21,39,Male
CUST6346,Ahmedabad,2024-01-15,58,Female
CUST6347,Delhi,2023-07-24,39,Male
CUST6348,Ahmedabad,2025-07-03,32,Female
CUST6349,Chennai,2025-05-31,47,Female
CUST6350,Pune,2025-05-15,27,Male
CUST6351,Bengaluru,2025-09-07,26,Female
CUST6352,Kolkata,2024-03-14,53,Female
CUST6353,Bengaluru,2024-03-14,29,Female
CUST6354,Bengaluru,2023-05-27,35,Female
CUST6355,Chennai,2025-02-05,26,Male
CUST6356,Bengaluru,2024-12-09,47,Male
CUST6357,Bengaluru,2025-06-07,46,Male
CUST6358,Pune,2023-07-31,28,Male
CUST6359,Pune,2025-06-23,50,Male
CUST6360,Mumbai,2023-01-14,19,Female
CUST6361,Delhi,2025-09-29,39,Male
CUST6362,Bengaluru,2024-07-01,57,Male
CUST6363,Chennai,2023-03-01,51,Male
CUST6364,Hyderabad,2023-05-25,22,Female
CUST6365,Kolkata,2024-09-22,50,Male
CUST6366,Mumbai,2024-10-01,43,Male
CUST6367,Ahmedabad,2023-06-07,47,Female
CUST6368,Delhi,2023-09-08,28,Male
CUST6369,Mumbai,2023-02-16,37,Female
CUST6370,Delhi,2024-12-15,52,Male
CUST6371,Ahmedabad,2024-06-27,29,Male
CUST6372,Kolkata,2024-03-05,37,Female
CUST6373,Chennai,2023-10-13,51,Male
CUST6374,Bengaluru,2023-03-05,58,Female
CUST6375,Pune,2023-01-07,28,Male
CUST6376,Pune,2025-08-31,38,Male
CUST6377,Pune,2023-12-28,52,Male
CUST6378,Bengaluru,2025-01-13,58,Male
CUST6379,Bengaluru,2024-10-05,22,Male
CUST6380,Kolkata,2024-05-22,39,Male
CUST6381,Kolkata,2024-04-05,50,Male
CUST6382,Ahmedabad,2024-09-10,53,Female
CUST6383,Pune,2025-01-29,41,Female
CUST6384,Delhi,2025-02-13,23,Male
CUST6385,Chennai,2024-10-08,32,Female
CUST6386,Bengaluru,2024-04-28,59,Female
CUST6387,Chennai,2024-04-05,19,Female
CUST6388,Ahmedabad,2023-12-25,34,Male
CUST6389,Ahmedabad,2025-08-05,32,Female
CUST6390,Ahmedabad,2025-08-12,25,Female
CUST6391,Pune,2025-01-08,34,Male
CUST6392,Delhi,2025-11-22,52,Female
CUST6393,Hyderabad,2024-10-10,50,Female
CUST6394,Kolkata,2023-03-08,33,Male
CUST6395,Chennai,2023-02-13,37,Female
CUST6396,Ahmedabad,2023-10-30,58,Female
CUST6397,Bengaluru,2024-01-26,26,Female
CUST6398,Hyderabad,2025-06-10,35,Male
CUST6399,Chennai,2025-04-23,27,Female
CUST6400,Delhi,2024-12-27,35,Female
CUST6401,Mumbai,2023-01-07,30,Male
CUST6402,Bengaluru,2024-08-28,37,Female
CUST6403,Kolkata,2025-01-17,46,Female
CUST6404,Chennai,2024-10-02,44,Female
CUST6405,Bengaluru,2024-11-27,56,Male
CUST6406,Mumbai,2025-04-11,47,Female
CUST6407,Pune,2023-11-28,19,Male
CUST6408,Chennai,2023-06-13,51,Male
CUST6409,Pune,2024-02-23,52,Male
CUST6410,Bengaluru,2025-01-22,52,Female
CUST6411,Bengaluru,2024-06-28,35,Female
CUST6412,Delhi,2025-01-08,36,Male
CUST6413,Pune,2024-06-01,36,Male
CUST6414,Ahmedabad,2024-09-19,23,Male
CUST6415,Pune,2023-05-06,50,Male
CUST6416,Bengaluru,2024-10-27,27,Female
CUST6417,Delhi,2025-10-08,21,Male
CUST6418,Delhi,2024-02-03,29,Female
CUST6419,Kolkata,2025-03-24,18,Male
CUST6420,Kolkata,2025-11-10,36,Female
CUST6421,Ahmedabad,2025-07-16,33,Male
CUST6422,Delhi,2025-01-12,18,Male
CUST6423,Delhi,2024-10-02,57,Male
CUST6424,Hyderabad,2023-04-22,30,Male
CUST6425,Pune,2024-02-08,18,Female
CUST6426,Mumbai,2023-10-18,40,Female
CUST6427,Pune,2025-01-14,29,Female
CUST6428,Pune,2023-11-09,51,Male
CUST6429,Ahmedabad,2023-09-07,59,Male
CUST6430,Kolkata,2025-08-20,29,Female
CUST6431,Hyderabad,2025-05-09,21,Male
CUST6432,Delhi,2023-06-02,38,Male
CUST6433,Pune,2024-02-21,57,Male
CUST6434,Hyderabad,2023-09-02,51,Male
CUST6435,Mumbai,2025-01-19,54,Female
CUST6436,Kolkata,2024-07-10,39,Male
CUST6437,Bengaluru,2025-06-04,30,Male
CUST6438,Ahmedabad,2025-05-07,23,Female
CUST6439,Kolkata,2025-08-16,59,Male
CUST6440,Chennai,2024-08-06,43,Male
CUST6441,Bengaluru,2024-08-23,19,Female
CUST6442,Bengaluru,2025-12-08,44,Male
CUST6443,Pune,2023-11-24,44,Male
CUST6444,Pune,2023-08-12,45,Male
CUST6445,Hyderabad,2025-09-08,20,Female
CUST6446,Mumbai,2025-09-28,39,Male
CUST6447,Mumbai,2024-01-27,22,Male
CUST6448,Delhi,2025-08-04,47,Male
CUST6449,Delhi,2023-10-24,52,Female
CUST6450,Hyderabad,2023-11-13,24,Female
CUST6451,Mumbai,2025-01-10,49,Female
CUST6452,Bengaluru,2025-06-02,35,Male
CUST6453,Ahmedabad,2025-01-26,25,Male
CUST6454,Kolkata,2025-07-22,43,Female
CUST6455,Chennai,2024-10-22,55,Female
CUST6456,Bengaluru,2023-10-08,27,Male
CUST6457,Ahmedabad,2023-05-08,51,Female
CUST6458,Ahmedabad,2023-07-27,29,Female
CUST6459,Hyderabad,2023-12-11,46,Male
CUST6460,Hyderabad,2024-10-15,26,Male
CUST6461,Kolkata,2023-02-09,29,Female
CUST6462,Hyderabad,2025-10-15,25,Male
CUST6463,Chennai,2024-03-21,30,Male
CUST6464,Pune,2025-08-04,26,Male
CUST6465,Kolkata,2023-04-13,37,Male
CUST6466,Hyderabad,2024-07-11,47,Male
CUST6467,Kolkata,2024-07-06,56,Female
CUST6468,Pune,2025-01-15,41,Female
CUST6469,Hyderabad,2023-01-23,56,Male
CUST6470,Delhi,2024-09-27,29,Male
CUST6471,Ahmedabad,2023-07-22,40,Male
CUST6472,Bengaluru,2024-06-11,28,Male
CUST6473,Pune,2023-04-22,40,Female
CUST6474,Pune,2024-04-02,48,Male
CUST6475,Kolkata,2024-02-23,42,Female
CUST6476,Hyderabad,2023-03-13,35,Female
CUST6477,Chennai,2023-12-20,31,Male
CUST6478,Delhi,2023-10-06,31,Male
CUST6479,Kolkata,2023-03-31,56,Female
CUST6480,Delhi,2023-02-28,58,Male
CUST6481,Mumbai,2023-12-16,51,Male
CUST6482,Pune,2025-08-27,36,Male
CUST6483,Delhi,2023-06-15,50,Male
CUST6484,Chennai,2023-11-05,29,Male
CUST6485,Hyderabad,2023-03-01,54,Male
CUST6486,Pune,2023-06-26,57,Male
CUST6487,Delhi,2025-08-16,56,Male
CUST6488,Mumbai,2024-09-15,44,Male
CUST6489,Delhi,2025-11-25,46,Male
CUST6490,Pune,2025-05-09,55,Male
CUST6491,Bengaluru,2023-04-09,59,Female
CUST6492,Delhi,2025-06-04,47,Male
CUST6493,Pune,2024-06-28,52,Female
CUST6494,Ahmedabad,2025-09-27,30,Female
CUST6495,Mumbai,2024-02-01,31,Male
CUST6496,Delhi,2023-04-22,59,Female
CUST6497,Ahmedabad,2023-03-21,28,Male
CUST6498,Kolkata,2023-03-30,20,Male
CUST6499,Delhi,2023-02-14,56,Male
CUST6500,Hyderabad,2023-07-22,59,Male
CUST6501,Mumbai,2023-09-26,50,Female
CUST6502,Chennai,2025-11-17,40,Male
CUST6503,Chennai,2025-10-11,25,Female
CUST6504,Kolkata,2024-04-06,29,Female
CUST6505,Bengaluru,2024-12-13,54,Male
CUST6506,Delhi,2023-12-05,47,Female
CUST6507,Pune,2023-10-29,39,Female
CUST6508,Pune,2025-10-22,50,Female
CUST6509,Delhi,2023-08-13,26,Male
CUST6510,Delhi,2025-06-02,28,Female
CUST6511,Ahmedabad,2024-05-30,50,Female
CUST6512,Ahmedabad,2024-05-04,30,Male
CUST6513,Chennai,2023-01-21,31,Female
CUST6514,Chennai,2024-01-15,35,Female
CUST6515,Mumbai,2025-05-22,46,Female
CUST6516,Kolkata,2023-12-22,38,Male
CUST6517,Delhi,2025-03-16,29,Male
CUST6518,Mumbai,2023-11-09,53,Female
CUST6519,Mumbai,2023-11-21,47,Male
CUST6520,Hyderabad,2024-07-19,42,Female
CUST6521,Chennai,2024-04-13,26,Female
CUST6522,Bengaluru,2025-10-03,46,Male
CUST6523,Bengaluru,2024-12-15,48,Male
CUST6524,Ahmedabad,2023-12-30,30,Male
CUST6525,Ahmedabad,2023-04-28,44,Female
CUST6526,Delhi,2023-01-18,58,Female
CUST6527,Delhi,2024-08-08,48,Female
CUST6528,Kolkata,2023-02-04,32,Female
CUST6529,Bengaluru,2025-05-15,32,Male
CUST6530,Bengaluru,2024-11-09,22,Female
CUST6531,Kolkata,2024-08-22,52,Male
CUST6532,Kolkata,2025-05-11,49,Male
CUST6533,Bengaluru,2024-08-26,38,Female
CUST6534,Delhi,2025-09-06,58,Male
CUST6535,Delhi,2025-07-05,20,Female
CUST6536,Delhi,2023-07-09,41,Female
CUST6537,Ahmedabad,2023-06-13,32,Female
CUST6538,Chennai,2023-01-27,31,Male
CUST6539,Hyderabad,2023-09-21,33,Female
CUST6540,Kolkata,2024-08-29,51,Male
CUST6541,Ahmedabad,2023-06-24,40,Female
CUST6542,Hyderabad,2023-01-14,49,Male
CUST6543,Kolkata,2023-03-01,51,Male
CUST6544,Chennai,2025-08-27,44,Female
CUST6545,Chennai,2023-06-07,28,Female
CUST6546,Ahmedabad,2025-02-03,50,Male
CUST6547,Kolkata,2023-02-28,29,Female
CUST6548,Pune,2023-02-18,40,Female
CUST6549,Chennai,2025-08-28,34,Female
CUST6550,Kolkata,2024-04-22,35,Female
CUST6551,Delhi,2023-02-03,31,Male
CUST6552,Kolkata,2025-01-20,24,Male
CUST6553,Bengaluru,2025-10-19,37,Female
CUST6554,Ahmedabad,2025-01-28,51,Female
CUST6555,Ahmedabad,2023-03-19,19,Male
CUST6556,Delhi,2025-04-26,21,Female
CUST6557,Pune,2025-06-30,55,Male
CUST6558,Ahmedabad,2024-05-19,44,Female
CUST6559,Chennai,2024-09-11,35,Male
CUST6560,Bengaluru,2025-10-21,48,Female
CUST6561,Hyderabad,2023-11-22,57,Male
CUST6562,Pune,2025-02-20,29,Female
CUST6563,Ahmedabad,2023-04-01,32,Female
CUST6564,Bengaluru,2024-03-30,52,Male
CUST6565,Kolkata,2023-05-16,18,Male
CUST6566,Delhi,2024-12-01,39,Female
CUST6567,Delhi,2025-12-16,21,Male
CUST6568,Pune,2023-04-28,29,Female
CUST6569,Ahmedabad,2023-07-20,36,Female
CUST6570,Hyderabad,2024-10-09,39,Female
CUST6571,Delhi,2023-08-20,59,Female
CUST6572,Hyderabad,2025-01-14,19,Female
CUST6573,Chennai,2023-12-04,47,Male
CUST6574,Hyderabad,2023-12-22,26,Female
CUST6575,Pune,2025-03-19,49,Male
CUST6576,Hyderabad,2023-03-27,42,Female
CUST6577,Ahmedabad,2025-03-16,52,Male
CUST6578,Ahmedabad,2023-11-28,55,Female
CUST6579,Chennai,2023-12-11,34,Female
CUST6580,Kolkata,2025-11-22,39,Female
CUST6581,Hyderabad,2025-12-04,31,Male
CUST6582,Pune,2024-10-27,32,Female
CUST6583,Chennai,2024-10-23,52,Male
CUST6584,Chennai,2025-10-13,23,Female
CUST6585,Mumbai,2023-01-16,24,Female
CUST6586,Kolkata,2023-04-02,22,Female
CUST6587,Chennai,2024-09-19,30,Male
CUST6588,Mumbai,2024-01-27,18,Male
CUST6589,Ahmedabad,2024-11-03,24,Female
CUST6590,Delhi,2025-08-14,38,Male
CUST6591,Hyderabad,2024-12-28,28,Female
CUST6592,Kolkata,2025-03-13,35,Female
CUST6593,Hyderabad,2025-05-22,38,Female
CUST6594,Bengaluru,2024-07-24,40,Female
CUST6595,Delhi,2025-11-12,41,Male
CUST6596,Kolkata,2023-05-29,36,Female
CUST6597,Delhi,2023-06-18,25,Male
CUST6598,Delhi,2023-08-30,37,Male
CUST6599,Ahmedabad,2025-03-01,24,Female
CUST6600,Delhi,2025-04-09,40,Male
CUST6601,Kolkata,2024-10-18,29,Female
CUST6602,Delhi,2023-05-15,58,Male
CUST6603,Mumbai,2024-05-09,53,Male
CUST6604,Delhi,2023-09-06,49,Male
CUST6605,Ahmedabad,2023-11-08,42,Male
CUST6606,Chennai,2023-03-12,35,Female
CUST6607,Kolkata,2025-07-15,47,Male
CUST6608,Mumbai,2025-07-22,47,Male
CUST6609,Hyderabad,2023-06-07,20,Male
CUST6610,Mumbai,2023-05-31,42,Male
CUST6611,Kolkata,2025-03-27,57,Male
CUST6612,Ahmedabad,2024-09-25,39,Male
CUST6613,Ahmedabad,2024-02-06,24,Female
CUST6614,Ahmedabad,2023-01-08,24,Female
CUST6615,Bengaluru,2025-07-07,49,Female
CUST6616,Hyderabad,2024-08-29,29,Male
CUST6617,Ahmedabad,2025-09-04,35,Male
CUST6618,Ahmedabad,2024-06-04,19,Male
CUST6619,Mumbai,2023-01-27,37,Male
CUST6620,Pune,2023-10-20,47,Male
CUST6621,Ahmedabad,2023-09-23,56,Male
CUST6622,Mumbai,2025-12-24,29,Male
CUST6623,Bengaluru,2023-11-21,23,Female
CUST6624,Bengaluru,2025-10-09,48,Male
CUST6625,Hyderabad,2023-07-24,21,Female
CUST6626,Ahmedabad,2023-11-05,20,Female
CUST6627,Bengaluru,2024-10-19,41,Male
CUST6628,Ahmedabad,2025-05-18,31,Male
CUST6629,Mumbai,2023-06-05,33,Male
CUST6630,Hyderabad,2025-03-05,33,Male
CUST6631,Bengaluru,2025-04-05,26,Female
CUST6632,Ahmedabad,2024-12-26,51,Male
CUST6633,Ahmedabad,2025-04-10,30,Female
CUST6634,Hyderabad,2025-06-08,40,Male
CUST6635,Bengaluru,2024-10-18,39,Male
CUST6636,Hyderabad,2023-01-06,22,Male
CUST6637,Kolkata,2025-01-26,56,Male
CUST6638,Pune,2025-08-20,50,Male
CUST6639,Bengaluru,2025-05-21,22,Female
CUST6640,Kolkata,2025-12-09,46,Male
CUST6641,Chennai,2024-06-03,22,Female
CUST6642,Chennai,2024-09-04,43,Male
CUST6643,Bengaluru,2025-05-09,36,Male
CUST6644,Pune,2025-04-25,53,Male
CUST6645,Chennai,2023-12-27,31,Male
CUST6646,Bengaluru,2023-06-14,48,Male
CUST6647,Ahmedabad,2023-11-19,33,Male
CUST6648,Chennai,2024-02-09,32,Female
CUST6649,Kolkata,2024-11-09,24,Male
CUST6650,Ahmedabad,2023-11-14,52,Female
CUST6651,Delhi,2023-12-18,23,Female
CUST6652,Delhi,2023-10-02,43,Female
CUST6653,Hyderabad,2025-11-04,18,Female
CUST6654,Hyderabad,2023-06-06,53,Male
CUST6655,Kolkata,2025-02-07,21,Female
CUST6656,Delhi,2023-05-17,27,Male
CUST6657,Ahmedabad,2023-07-28,24,Male
CUST6658,Chennai,2023-12-11,33,Male
CUST6659,Hyderabad,2025-12-09,58,Male
CUST6660,Pune,2024-01-05,49,Female
CUST6661,Hyderabad,2023-10-11,44,Female
CUST6662,Bengaluru,2025-09-03,27,Male
CUST6663,Bengaluru,2023-08-21,55,Male
CUST6664,Kolkata,2023-05-14,38,Male
CUST6665,Delhi,2025-09-01,31,Male
CUST6666,Hyderabad,2024-11-07,31,Female
CUST6667,Delhi,2025-03-18,30,Male
CUST6668,Delhi,2025-04-16,21,Male
CUST6669,Mumbai,2024-05-05,23,Male
CUST6670,Bengaluru,2024-07-02,55,Male
CUST6671,Mumbai,2025-05-14,23,Male
CUST6672,Bengaluru,2024-02-07,51,Male
CUST6673,Chennai,2023-03-07,57,Male
CUST6674,Bengaluru,2025-08-07,53,Male
CUST6675,Kolkata,2025-01-28,44,Male
CUST6676,Mumbai,2023-05-17,33,Male
CUST6677,Hyderabad,2023-08-25,24,Female
CUST6678,Chennai,2024-08-19,41,Female
CUST6679,Mumbai,2025-08-28,51,Male
CUST6680,Bengaluru,2023-09-03,31,Male
CUST6681,Ahmedabad,2023-10-25,20,Female
CUST6682,Bengaluru,2024-08-01,39,Female
CUST6683,Pune,2024-12-15,31,Male
CUST6684,Mumbai,2023-08-25,21,Male
CUST6685,Bengaluru,2024-06-19,41,Female
CUST6686,Ahmedabad,2024-06-06,44,Female
CUST6687,Mumbai,2023-12-14,21,Female
CUST6688,Mumbai,2024-08-23,25,Male
CUST6689,Hyderabad,2024-09-06,22,Female
CUST6690,Delhi,2025-08-07,46,Female
CUST6691,Ahmedabad,2025-09-26,55,Male
CUST6692,Mumbai,2023-11-11,25,Female
CUST6693,Chennai,2025-01-31,21,Female
CUST6694,Hyderabad,2024-10-25,45,Female
CUST6695,Chennai,2023-06-17,49,Male
CUST6696,Chennai,2024-05-29,42,Female
CUST6697,Chennai,2025-10-12,55,Male
CUST6698,Bengaluru,2023-08-07,19,Female
CUST6699,Kolkata,2025-10-31,56,Female
CUST6700,Pune,2024-06-19,44,Male
CUST6701,Kolkata,2023-01-22,22,Female
CUST6702,Chennai,2023-03-30,35,Male
CUST6703,Mumbai,2025-06-02,45,Female
CUST6704,Mumbai,2025-10-27,32,Female
CUST6705,Kolkata,2024-12-17,24,Male
CUST6706,Delhi,2023-09-30,59,Male
CUST6707,Mumbai,2024-08-24,23,Male
CUST6708,Bengaluru,2025-06-26,31,Male
CUST6709,Kolkata,2025-05-15,28,Female
CUST6710,Chennai,2023-07-22,48,Female
CUST6711,Bengaluru,2025-03-26,49,Male
CUST6712,Kolkata,2023-06-08,37,Female
CUST6713,Delhi,2024-01-20,54,Male
CUST6714,Pune,2024-12-21,18,Male
CUST6715,Pune,2024-06-24,33,Male
CUST6716,Delhi,2023-01-31,33,Male
CUST6717,Kolkata,2025-12-29,34,Male
CUST6718,Delhi,2025-03-15,32,Male
CUST6719,Delhi,2025-08-19,33,Male
CUST6720,Pune,2023-03-22,38,Female
CUST6721,Hyderabad,2023-04-27,19,Male
CUST6722,Mumbai,2025-01-15,46,Male
CUST6723,Pune,2024-09-11,29,Male
CUST6724,Kolkata,2024-11-18,27,Female
CUST6725,Ahmedabad,2024-05-12,46,Male
CUST6726,Mumbai,2024-11-08,31,Male
CUST6727,Mumbai,2023-06-12,56,Female
CUST6728,Pune,2024-11-10,27,Male
CUST6729,Pune,2023-10-10,34,Male
CUST6730,Pune,2023-04-28,20,Female
CUST6731,Delhi,2025-03-08,20,Male
CUST6732,Chennai,2024-04-03,29,Male
CUST6733,Ahmedabad,2025-12-11,36,Male
CUST6734,Ahmedabad,2025-09-12,56,Female
CUST6735,Delhi,2023-07-08,41,Female
CUST6736,Ahmedabad,2024-05-12,49,Male
CUST6737,Bengaluru,2024-12-19,32,Female
CUST6738,Chennai,2025-11-13,37,Female
CUST6739,Pune,2025-06-23,54,Male
CUST6740,Kolkata,2024-10-27,46,Male
CUST6741,Ahmedabad,2024-01-16,28,Female
CUST6742,Hyderabad,2024-10-05,48,Male
CUST6743,Pune,2025-03-11,57,Male
CUST6744,Hyderabad,2024-07-07,38,Female
CUST6745,Delhi,2025-08-07,46,Female
CUST6746,Ahmedabad,2025-04-06,46,Female
CUST6747,Bengaluru,2024-03-20,43,Male
CUST6748,Pune,2024-05-02,37,Male
CUST6749,Bengaluru,2024-04-24,31,Male
CUST6750,Chennai,2023-10-16,52,Male
CUST6751,Delhi,2024-07-10,21,Male
CUST6752,Hyderabad,2024-11-23,54,Female
CUST6753,Chennai,2023-05-17,49,Male
CUST6754,Ahmedabad,2025-09-03,20,Female
CUST6755,Ahmedabad,2023-07-22,32,Female
CUST6756,Mumbai,2024-03-30,50,Female
CUST6757,Delhi,2023-09-04,53,Female
CUST6758,Bengaluru,2024-02-07,45,Female
CUST6759,Pune,2023-10-22,48,Male
CUST6760,Bengaluru,2025-04-09,40,Male
CUST6761,Ahmedabad,2024-04-27,25,Male
CUST6762,Chennai,2023-03-02,35,Female
CUST6763,Pune,2023-02-19,44,Male
CUST6764,Mumbai,2024-04-29,53,Male
CUST6765,Ahmedabad,2025-03-15,33,Female
CUST6766,Kolkata,2025-04-26,36,Male
CUST6767,Pune,2023-03-25,33,Female
CUST6768,Chennai,2024-07-27,27,Female
CUST6769,Mumbai,2024-07-17,33,Female
CUST6770,Pune,2023-12-04,36,Male
CUST6771,Pune,2025-04-24,51,Male
CUST6772,Pune,2023-06-24,38,Male
CUST6773,Chennai,2023-09-24,28,Female
CUST6774,Ahmedabad,2023-10-19,26,Male
CUST6775,Hyderabad,2023-05-03,23,Female
CUST6776,Chennai,2025-08-01,27,Female
CUST6777,Hyderabad,2023-02-06,22,Male
CUST6778,Kolkata,2024-05-15,59,Male
CUST6779,Mumbai,2025-02-20,44,Male
CUST6780,Mumbai,2024-06-06,36,Female
CUST6781,Hyderabad,2024-06-22,51,Female
CUST6782,Kolkata,2025-09-08,23,Male
CUST6783,Kolkata,2024-01-02,37,Female
CUST6784,Ahmedabad,2024-06-15,47,Male
CUST6785,Bengaluru,2025-11-02,53,Male
CUST6786,Delhi,2023-02-01,56,Male
CUST6787,Ahmedabad,2024-11-06,55,Male
CUST6788,Chennai,2023-11-13,19,Male
CUST6789,Pune,2023-01-27,47,Female
CUST6790,Ahmedabad,2023-10-19,32,Female
CUST6791,Kolkata,2023-02-20,59,Male
CUST6792,Hyderabad,2024-02-06,26,Male
CUST6793,Chennai,2025-12-29,27,Male
CUST6794,Delhi,2025-09-09,44,Female
CUST6795,Bengaluru,2024-11-16,50,Female
CUST6796,Ahmedabad,2023-11-13,55,Female
CUST6797,Pune,2025-07-19,47,Male
CUST6798,Mumbai,2023-02-14,49,Male
CUST6799,Bengaluru,2023-05-13,40,Female
CUST6800,Delhi,2025-05-27,50,Male
CUST6801,Mumbai,2025-09-01,21,Male
CUST6802,Pune,2023-06-25,56,Male
CUST6803,Hyderabad,2023-09-19,34,Female
CUST6804,Bengaluru,2023-09-02,36,Male
CUST6805,Bengaluru,2025-11-03,46,Male
CUST6806,Pune,2023-02-06,42,Male
CUST6807,Delhi,2024-01-26,46,Male
CUST6808,Kolkata,2025-09-08,54,Male
CUST6809,Pune,2024-07-23,29,Male
CUST6810,Chennai,2023-03-16,22,Male
CUST6811,Kolkata,2023-03-09,48,Male
CUST6812,Kolkata,2024-01-09,24,Male
CUST6813,Ahmedabad,2025-05-05,43,Male
CUST6814,Mumbai,2023-08-03,55,Male
CUST6815,Kolkata,2024-02-08,42,Female
CUST6816,Chennai,2023-09-22,30,Female
CUST6817,Delhi,2025-02-04,31,Female
CUST6818,Kolkata,2025-01-11,27,Male
CUST6819,Delhi,2024-02-06,47,Male
CUST6820,Chennai,2025-06-17,27,Female
CUST6821,Hyderabad,2024-09-17,51,Male
CUST6822,Bengaluru,2024-01-09,55,Male
CUST6823,Hyderabad,2024-12-31,21,Female
CUST6824,Mumbai,2025-06-27,57,Female
CUST6825,Kolkata,2025-04-09,20,Female
CUST6826,Mumbai,2025-07-15,47,Female
CUST6827,Ahmedabad,2024-10-31,56,Female
CUST6828,Pune,2025-01-05,29,Male
CUST6829,Bengaluru,2025-11-13,53,Male
CUST6830,Hyderabad,2024-07-15,56,Male
CUST6831,Bengaluru,2023-04-12,20,Female
CUST6832,Mumbai,2023-04-18,37,Female
CUST6833,Delhi,2024-03-09,36,Female
CUST6834,Ahmedabad,2023-11-01,50,Female
CUST6835,Ahmedabad,2025-05-06,29,Female
CUST6836,Bengaluru,2025-10-22,40,Male
CUST6837,Ahmedabad,2023-07-24,21,Male
CUST6838,Pune,2024-09-06,34,Female
CUST6839,Chennai,2024-06-05,39,Male
CUST6840,Chennai,2023-06-19,49,Female
CUST6841,Ahmedabad,2025-06-06,29,Male
CUST6842,Kolkata,2024-10-19,20,Female
CUST6843,Ahmedabad,2024-02-25,40,Male
CUST6844,Hyderabad,2023-06-08,23,Male
CUST6845,Bengaluru,2024-01-21,56,Female
CUST6846,Kolkata,2023-01-13,23,Male
CUST6847,Ahmedabad,2023-07-31,52,Male
CUST6848,Hyderabad,2025-04-26,54,Male
CUST6849,Pune,2025-06-22,47,Male
CUST6850,Kolkata,2023-01-14,39,Male
CUST6851,Pune,2025-12-16,37,Male
CUST6852,Pune,2025-02-28,46,Female
CUST6853,Chennai,2023-07-28,24,Female
CUST6854,Mumbai,2024-08-06,55,Female
CUST6855,Pune,2024-11-27,19,Male
CUST6856,Kolkata,2025-09-06,48,Male
CUST6857,Ahmedabad,2025-07-09,23,Female
CUST6858,Ahmedabad,2024-06-18,45,Female
CUST6859,Hyderabad,2025-05-28,41,Male
CUST6860,Kolkata,2023-05-31,44,Male
CUST6861,Ahmedabad,2025-01-08,32,Female
CUST6862,Pune,2023-07-02,51,Female
CUST6863,Bengaluru,2023-06-04,37,Female
CUST6864,Hyderabad,2024-08-15,37,Male
CUST6865,Hyderabad,2024-09-09,33,Female
CUST6866,Mumbai,2023-05-01,19,Male
CUST6867,Hyderabad,2024-08-27,53,Female
CUST6868,Delhi,2024-12-19,31,Female
CUST6869,Pune,2025-05-02,39,Male
CUST6870,Ahmedabad,2024-01-17,20,Male
CUST6871,Hyderabad,2024-08-07,32,Male
CUST6872,Bengaluru,2024-05-01,55,Female
CUST6873,Ahmedabad,2024-10-18,55,Female
CUST6874,Pune,2023-05-30,18,Male
CUST6875,Delhi,2025-02-22,43,Male
CUST6876,Delhi,2024-12-06,41,Male
CUST6877,Ahmedabad,2024-08-25,18,Male
CUST6878,Chennai,2025-10-12,58,Male
CUST6879,Pune,2025-06-27,48,Female
CUST6880,Pune,2025-11-02,50,Male
CUST6881,Bengaluru,2023-01-18,19,Male
CUST6882,Ahmedabad,2025-08-11,35,Male
CUST6883,Ahmedabad,2024-12-10,53,Female
CUST6884,Mumbai,2025-10-24,33,Male
CUST6885,Chennai,2024-07-19,43,Male
CUST6886,Kolkata,2024-06-11,36,Male
CUST6887,Chennai,2024-07-11,26,Female
CUST6888,Delhi,2024-06-22,43,Male
CUST6889,Hyderabad,2024-08-21,28,Female
CUST6890,Pune,2024-01-21,32,Male
CUST6891,Bengaluru,2023-01-23,55,Male
CUST6892,Kolkata,2024-05-16,20,Male
CUST6893,Pune,2024-05-23,42,Female
CUST6894,Hyderabad,2025-11-21,26,Female
CUST6895,Delhi,2023-10-09,38,Female
CUST6896,Chennai,2025-12-26,57,Female
CUST6897,Chennai,2023-11-24,50,Female
CUST6898,Pune,2024-12-18,41,Female
CUST6899,Mumbai,2025-05-03,20,Male
CUST6900,Hyderabad,2025-12-29,53,Male
CUST6901,Delhi,2025-08-04,36,Female
CUST6902,Mumbai,2025-01-11,31,Male
CUST6903,Pune,2023-02-15,36,Male
CUST6904,Chennai,2024-01-07,55,Female
CUST6905,Mumbai,2025-07-09,59,Male
CUST6906,Hyderabad,2024-01-19,27,Female
CUST6907,Ahmedabad,2023-05-21,41,Female
CUST6908,Chennai,2025-07-18,46,Female
CUST6909,Bengaluru,2023-07-22,32,Female
CUST6910,Hyderabad,2025-10-18,58,Male
CUST6911,Delhi,2025-10-12,55,Female
CUST6912,Hyderabad,2025-09-13,56,Male
CUST6913,Bengaluru,2024-12-15,59,Male
CUST6914,Pune,2024-07-10,25,Male
CUST6915,Kolkata,2023-02-10,36,Female
CUST6916,Pune,2023-01-18,46,Male
CUST6917,Ahmedabad,2025-07-22,40,Male
CUST6918,Hyderabad,2025-10-10,33,Female
CUST6919,Bengaluru,2024-05-16,26,Male
CUST6920,Pune,2024-11-11,59,Female
CUST6921,Bengaluru,2023-12-04,49,Male
CUST6922,Chennai,2023-09-22,37,Male
CUST6923,Kolkata,2024-11-08,26,Male
CUST6924,Kolkata,2024-10-27,52,Female
CUST6925,Kolkata,2025-10-16,19,Female
CUST6926,Kolkata,2025-08-17,20,Female
CUST6927,Ahmedabad,2023-06-17,30,Male
CUST6928,Pune,2023-01-29,52,Female
CUST6929,Kolkata,2024-02-16,31,Male
CUST6930,Bengaluru,2024-05-04,29,Male
CUST6931,Bengaluru,2023-04-18,23,Male
CUST6932,Chennai,2024-11-23,49,Male
CUST6933,Kolkata,2023-08-15,47,Female
CUST6934,Bengaluru,2024-04-06,27,Female
CUST6935,Mumbai,2024-10-07,43,Male
CUST6936,Ahmedabad,2025-04-08,18,Male
CUST6937,Hyderabad,2023-07-17,52,Female
CUST6938,Mumbai,2024-01-11,18,Male
CUST6939,Bengaluru,2024-11-11,26,Male
CUST6940,Delhi,2024-05-13,42,Female
CUST6941,Bengaluru,2023-03-23,21,Male
CUST6942,Hyderabad,2023-03-01,53,Female
CUST6943,Kolkata,2025-03-12,27,Male
CUST6944,Mumbai,2023-08-12,54,Female
CUST6945,Delhi,2025-11-11,36,Male
CUST6946,Mumbai,2025-12-26,39,Female
CUST6947,Delhi,2025-12-08,28,Female
CUST6948,Mumbai,2025-04-11,43,Male
CUST6949,Pune,2023-04-06,56,Female
CUST6950,Chennai,2023-10-01,39,Female
CUST6951,Bengaluru,2024-11-23,22,Female
CUST6952,Mumbai,2025-12-26,54,Female
CUST6953,Ahmedabad,2024-05-09,20,Male
CUST6954,Bengaluru,2024-02-25,53,Female
CUST6955,Hyderabad,2024-07-13,18,Female
CUST6956,Mumbai,2025-12-31,46,Female
CUST6957,Mumbai,2023-05-13,39,Female
CUST6958,Delhi,2024-01-06,44,Female
CUST6959,Delhi,2025-07-18,41,Male
CUST6960,Kolkata,2024-12-11,41,Male
CUST6961,Kolkata,2023-09-20,54,Female
CUST6962,Ahmedabad,2023-11-14,45,Male
CUST6963,Hyderabad,2025-10-01,58,Female
CUST6964,Bengaluru,2024-08-21,44,Female
CUST6965,Bengaluru,2023-10-04,24,Female
CUST6966,Kolkata,2024-12-10,42,Male
CUST6967,Hyderabad,2025-01-04,56,Male
CUST6968,Hyderabad,2025-06-08,55,Male
CUST6969,Delhi,2025-12-24,57,Female
CUST6970,Kolkata,2025-04-27,33,Female
CUST6971,Chennai,2024-01-03,26,Male
CUST6972,Ahmedabad,2025-03-20,28,Female
CUST6973,Hyderabad,2024-08-15,33,Female
CUST6974,Hyderabad,2025-10-15,47,Male
CUST6975,Pune,2023-11-07,56,Male
CUST6976,Ahmedabad,2024-09-06,25,Female
CUST6977,Delhi,2023-06-09,24,Male
CUST6978,Delhi,2023-07-18,51,Female
CUST6979,Mumbai,2025-12-26,47,Male
CUST6980,Delhi,2024-03-14,57,Male
CUST6981,Kolkata,2024-02-28,35,Male
CUST6982,Pune,2024-10-28,41,Male
CUST6983,Bengaluru,2025-05-22,56,Male
CUST6984,Bengaluru,2025-09-17,19,Female
CUST6985,Bengaluru,2024-02-29,35,Female
CUST6986,Bengaluru,2024-09-19,50,Female
CUST6987,Delhi,2023-07-24,37,Female
CUST6988,Hyderabad,2025-01-03,24,Female
CUST6989,Ahmedabad,2023-04-14,44,Male
CUST6990,Kolkata,2023-05-01,34,Female
CUST6991,Pune,2023-09-10,41,Male
CUST6992,Chennai,2024-10-30,40,Male
CUST6993,Bengaluru,2023-01-15,47,Female
CUST6994,Mumbai,2024-06-05,20,Male
CUST6995,Pune,2023-02-04,18,Female
CUST6996,Pune,2025-10-06,18,Female
CUST6997,Delhi,2025-04-12,22,Male
CUST6998,Hyderabad,2023-09-25,26,Female
CUST6999,Ahmedabad,2024-02-29,35,Female
CUST7000,Pune,2025-06-24,59,Male
CUST7001,Mumbai,2024-08-21,58,Female
CUST7002,Mumbai,2023-05-14,57,Female
CUST7003,Mumbai,2024-12-06,32,Female
CUST7004,Mumbai,2025-04-15,48,Female
CUST7005,Kolkata,2025-06-25,36,Female
CUST7006,Pune,2025-07-04,57,Male
CUST7007,Ahmedabad,2025-01-23,30,Female
CUST7008,Mumbai,2025-04-09,20,Male
CUST7009,Kolkata,2025-09-15,46,Male
CUST7010,Hyderabad,2024-03-13,36,Male
CUST7011,Ahmedabad,2023-06-29,51,Male
CUST7012,Delhi,2023-10-27,19,Female
CUST7013,Delhi,2024-12-22,29,Male
CUST7014,Pune,2025-01-16,48,Female
CUST7015,Kolkata,2024-06-11,29,Male
CUST7016,Pune,2025-06-25,27,Male
CUST7017,Mumbai,2024-07-26,47,Male
CUST7018,Ahmedabad,2024-11-29,20,Male
CUST7019,Delhi,2023-04-07,34,Male
CUST7020,Mumbai,2025-09-15,51,Male
CUST7021,Delhi,2025-03-13,30,Female
CUST7022,Delhi,2024-11-17,41,Female
CUST7023,Kolkata,2024-10-16,56,Male
CUST7024,Pune,2025-04-27,24,Female
CUST7025,Kolkata,2024-04-04,30,Male
CUST7026,Mumbai,2024-05-13,43,Female
CUST7027,Mumbai,2025-07-11,24,Male
CUST7028,Pune,2023-02-07,34,Female
CUST7029,Hyderabad,2025-02-22,44,Male
CUST7030,Mumbai,2025-06-04,42,Male
CUST7031,Chennai,2024-12-26,42,Male
CUST7032,Delhi,2025-07-22,32,Male
CUST7033,Delhi,2025-09-01,35,Male
CUST7034,Bengaluru,2025-05-27,48,Female
CUST7035,Delhi,2025-10-18,43,Female
CUST7036,Hyderabad,2023-02-27,27,Female
CUST7037,Kolkata,2025-11-04,59,Female
CUST7038,Ahmedabad,2023-12-06,21,Male
CUST7039,Ahmedabad,2023-01-07,58,Male
CUST7040,Chennai,2023-02-28,33,Male
CUST7041,Chennai,2025-06-06,52,Male
CUST7042,Mumbai,2024-10-27,44,Female
CUST7043,Mumbai,2025-12-24,31,Male
CUST7044,Ahmedabad,2023-07-01,22,Female
CUST7045,Chennai,2024-06-16,19,Female
CUST7046,Mumbai,2023-08-08,40,Female
CUST7047,Ahmedabad,2025-05-09,55,Female
CUST7048,Pune,2024-09-27,57,Female
CUST7049,Hyderabad,2025-06-21,24,Male
CUST7050,Pune,2025-07-15,23,Female
CUST7051,Mumbai,2025-02-02,28,Male
CUST7052,Mumbai,2023-10-09,23,Female
CUST7053,Kolkata,2025-07-12,41,Male
CUST7054,Kolkata,2024-11-02,34,Male
CUST7055,Pune,2024-12-30,41,Male
CUST7056,Ahmedabad,2023-12-21,25,Male
CUST7057,Bengaluru,2024-06-22,21,Male
CUST7058,Mumbai,2023-10-30,20,Male
CUST7059,Bengaluru,2023-12-15,48,Female
CUST7060,Pune,2023-06-17,39,Male
CUST7061,Hyderabad,2023-09-02,30,Male
CUST7062,Pune,2024-05-23,48,Male
CUST7063,Mumbai,2024-09-07,27,Female
CUST7064,Mumbai,2025-06-08,45,Female
CUST7065,Hyderabad,2024-07-23,31,Male
CUST7066,Ahmedabad,2023-08-12,29,Female
CUST7067,Hyderabad,2023-04-06,38,Male
CUST7068,Pune,2023-09-22,55,Female
CUST7069,Hyderabad,2024-12-13,53,Male
CUST7070,Hyderabad,2024-10-31,22,Male
CUST7071,Kolkata,2024-11-21,29,Female
CUST7072,Pune,2024-06-20,35,Male
CUST7073,Pune,2024-02-14,26,Female
CUST7074,Mumbai,2024-03-19,38,Male
CUST7075,Hyderabad,2024-07-09,23,Female
CUST7076,Chennai,2025-02-27,47,Male
CUST7077,Kolkata,2024-08-08,50,Female
CUST7078,Pune,2025-12-26,38,Female
CUST7079,Mumbai,2025-06-26,54,Female
CUST7080,Hyderabad,2024-01-26,37,Male
CUST7081,Mumbai,2025-09-17,41,Female
CUST7082,Ahmedabad,2025-01-27,38,Female
CUST7083,Mumbai,2025-06-05,51,Female
CUST7084,Chennai,2023-03-17,24,Female
CUST7085,Bengaluru,2025-04-05,32,Male
CUST7086,Ahmedabad,2023-03-20,44,Male
CUST7087,Kolkata,2024-03-30,56,Male
CUST7088,Pune,2023-01-28,43,Female
CUST7089,Hyderabad,2025-10-21,29,Male
CUST7090,Ahmedabad,2025-11-04,54,Female
CUST7091,Bengaluru,2023-08-15,53,Female
CUST7092,Chennai,2025-04-12,50,Male
CUST7093,Pune,2025-07-06,43,Female
CUST7094,Mumbai,2025-11-04,47,Female
CUST7095,Hyderabad,2025-08-14,32,Male
CUST7096,Delhi,2024-01-13,59,Female
CUST7097,Bengaluru,2023-08-01,21,Female
CUST7098,Bengaluru,2023-03-20,45,Male
CUST7099,Mumbai,2023-01-08,23,Male
CUST7100,Ahmedabad,2024-03-31,50,Male
CUST7101,Mumbai,2023-07-22,19,Female
CUST7102,Mumbai,2025-11-04,42,Male
CUST7103,Kolkata,2024-02-29,56,Female
CUST7104,Delhi,2025-10-01,57,Female
CUST7105,Chennai,2024-01-09,38,Female
CUST7106,Kolkata,2025-11-12,30,Male
CUST7107,Mumbai,2023-01-11,50,Female
CUST7108,Hyderabad,2023-09-11,48,Female
CUST7109,Ahmedabad,2024-09-25,47,Female
CUST7110,Pune,2025-05-27,55,Male
CUST7111,Ahmedabad,2024-11-21,32,Female
CUST7112,Kolkata,2024-05-02,29,Female
CUST7113,Bengaluru,2024-07-08,39,Female
CUST7114,Bengaluru,2024-12-21,42,Male
CUST7115,Hyderabad,2025-05-22,29,Female
CUST7116,Pune,2024-03-03,53,Male
CUST7117,Ahmedabad,2024-06-20,55,Male
CUST7118,Chennai,2023-03-14,52,Female
CUST7119,Bengaluru,2023-05-15,52,Male
CUST7120,Delhi,2025-06-25,32,Male
CUST7121,Chennai,2024-07-26,50,Male
CUST7122,Delhi,2025-02-25,36,Female
CUST7123,Mumbai,2025-06-08,55,Male
CUST7124,Hyderabad,2023-04-28,32,Female
CUST7125,Mumbai,2023-02-26,48,Female
CUST7126,Delhi,2025-06-24,18,Male
CUST7127,Chennai,2024-01-07,54,Female
CUST7128,Hyderabad,2023-02-24,21,Male
CUST7129,Mumbai,2025-03-19,24,Male
CUST7130,Mumbai,2025-11-17,20,Male
CUST7131,Bengaluru,2025-08-07,54,Male
CUST7132,Kolkata,2025-06-05,49,Female
CUST7133,Chennai,2025-01-27,55,Male
CUST7134,Pune,2024-02-22,31,Female
CUST7135,Bengaluru,2024-12-03,18,Male
CUST7136,Pune,2025-08-02,38,Female
CUST7137,Delhi,2025-07-03,35,Male
CUST7138,Chennai,2023-07-20,42,Female
CUST7139,Chennai,2025-01-05,29,Male
CUST7140,Pune,2023-03-07,27,Female
CUST7141,Bengaluru,2023-09-11,46,Male
CUST7142,Hyderabad,2024-08-29,55,Male
CUST7143,Mumbai,2024-10-05,47,Female
CUST7144,Kolkata,2025-01-27,53,Male
CUST7145,Hyderabad,2024-12-23,46,Female
CUST7146,Kolkata,2024-09-11,34,Female
CUST7147,Kolkata,2023-09-29,35,Male
CUST7148,Chennai,2024-02-09,49,Male
CUST7149,Ahmedabad,2024-05-21,37,Female
CUST7150,Hyderabad,2024-05-20,41,Male
CUST7151,Ahmedabad,2024-04-27,44,Male
CUST7152,Ahmedabad,2024-04-10,36,Male
CUST7153,Kolkata,2025-09-02,57,Male
CUST7154,Bengaluru,2023-08-06,55,Female
CUST7155,Hyderabad,2023-05-09,31,Male
CUST7156,Hyderabad,2024-10-26,45,Male
CUST7157,Kolkata,2023-07-02,54,Male
CUST7158,Kolkata,2023-06-05,57,Female
CUST7159,Mumbai,2025-05-10,19,Female
CUST7160,Chennai,2023-03-13,23,Female
CUST7161,Pune,2025-06-05,22,Male
CUST7162,Pune,2023-04-26,19,Female
CUST7163,Bengaluru,2024-08-25,37,Female
CUST7164,Mumbai,2025-10-03,26,Female
CUST7165,Pune,2024-08-22,56,Male
CUST7166,Ahmedabad,2025-04-06,28,Male
CUST7167,Hyderabad,2023-04-08,55,Male
CUST7168,Kolkata,2024-04-10,32,Male
CUST7169,Mumbai,2025-11-26,27,Female
CUST7170,Chennai,2023-04-19,27,Female
CUST7171,Bengaluru,2024-04-11,59,Male
CUST7172,Hyderabad,2025-07-31,18,Male
CUST7173,Delhi,2025-04-01,26,Female
CUST7174,Pune,2024-09-16,21,Male
CUST7175,Ahmedabad,2023-10-24,32,Female
CUST7176,Kolkata,2023-07-10,37,Female
CUST7177,Mumbai,2025-10-06,28,Male
CUST7178,Delhi,2023-05-20,35,Male
CUST7179,Bengaluru,2025-01-16,55,Female
CUST7180,Hyderabad,2024-05-09,51,Female
CUST7181,Ahmedabad,2025-10-28,21,Male
CUST7182,Bengaluru,2025-06-28,28,Female
CUST7183,Bengaluru,2024-07-01,31,Male
CUST7184,Bengaluru,2024-05-29,42,Male
CUST7185,Pune,2025-01-28,49,Male
CUST7186,Mumbai,2023-08-10,46,Female
CUST7187,Hyderabad,2025-02-13,36,Male
CUST7188,Mumbai,2024-01-20,35,Male
CUST7189,Delhi,2024-01-20,50,Male
CUST7190,Pune,2024-02-22,49,Female
CUST7191,Chennai,2023-08-09,44,Male
CUST7192,Hyderabad,2025-04-05,34,Female
CUST7193,Delhi,2024-01-11,49,Male
CUST7194,Kolkata,2024-03-29,24,Female
CUST7195,Hyderabad,2024-05-30,35,Male
CUST7196,Mumbai,2025-09-01,37,Female
CUST7197,Pune,2024-11-13,21,Female
CUST7198,Mumbai,2025-02-06,46,Male
CUST7199,Kolkata,2023-03-18,54,Male
CUST7200,Delhi,2023-06-28,42,Male
CUST7201,Hyderabad,2025-01-13,18,Male
CUST7202,Delhi,2024-01-22,29,Male
CUST7203,Delhi,2023-01-18,35,Male
CUST7204,Hyderabad,2023-04-16,33,Male
CUST7205,Mumbai,2023-10-13,29,Male
CUST7206,Mumbai,2023-10-23,31,Female
CUST7207,Hyderabad,2024-10-31,58,Male
CUST7208,Delhi,2023-05-24,48,Male
CUST7209,Hyderabad,2023-06-17,50,Female
CUST7210,Bengaluru,2025-07-26,20,Female
CUST7211,Mumbai,2024-02-17,43,Male
CUST7212,Pune,2025-04-29,49,Female
CUST7213,Pune,2025-08-27,18,Male
CUST7214,Kolkata,2023-10-15,58,Male
CUST7215,Mumbai,2024-07-07,42,Male
CUST7216,Bengaluru,2025-12-31,29,Male
CUST7217,Pune,2024-07-24,22,Male
CUST7218,Ahmedabad,2024-05-20,18,Male
CUST7219,Bengaluru,2023-01-12,26,Male
CUST7220,Ahmedabad,2024-10-16,34,Male
CUST7221,Kolkata,2025-03-21,54,Male
CUST7222,Chennai,2025-09-17,30,Female
CUST7223,Mumbai,2025-06-25,51,Male
CUST7224,Kolkata,2023-02-23,53,Female
CUST7225,Pune,2025-09-01,48,Male
CUST7226,Hyderabad,2025-10-14,54,Female
CUST7227,Ahmedabad,2023-01-02,59,Female
CUST7228,Hyderabad,2024-06-26,34,Female
CUST7229,Bengaluru,2025-04-24,36,Female
CUST7230,Chennai,2024-09-14,51,Female
CUST7231,Mumbai,2025-09-15,41,Male
CUST7232,Delhi,2025-09-24,48,Female
CUST7233,Hyderabad,2024-07-19,34,Male
CUST7234,Mumbai,2024-08-22,25,Female
CUST7235,Bengaluru,2023-09-22,25,Male
CUST7236,Bengaluru,2025-03-30,57,Female
CUST7237,Ahmedabad,2025-08-03,25,Female
CUST7238,Pune,2025-08-29,56,Female
CUST7239,Hyderabad,2025-05-06,46,Male
CUST7240,Chennai,2024-09-23,59,Male
CUST7241,Hyderabad,2023-07-02,34,Female
CUST7242,Mumbai,2023-08-21,54,Female
CUST7243,Delhi,2024-05-01,30,Female
CUST7244,Chennai,2025-06-01,27,Male
CUST7245,Delhi,2023-09-06,49,Female
CUST7246,Delhi,2024-11-08,51,Female
CUST7247,Pune,2023-07-29,37,Female
CUST7248,Pune,2025-05-04,28,Female
CUST7249,Ahmedabad,2023-07-29,34,Male
CUST7250,Pune,2025-06-15,57,Male
CUST7251,Delhi,2025-04-06,51,Female
CUST7252,Hyderabad,2025-06-28,39,Female
CUST7253,Mumbai,2023-11-03,37,Female
CUST7254,Chennai,2024-08-27,36,Male
CUST7255,Hyderabad,2025-12-31,24,Male
CUST7256,Kolkata,2023-11-12,25,Female
CUST7257,Ahmedabad,2024-12-27,31,Male
CUST7258,Hyderabad,2024-08-05,40,Male
CUST7259,Pune,2025-03-19,22,Female
CUST7260,Mumbai,2023-02-19,45,Male
CUST7261,Ahmedabad,2023-03-29,49,Male
CUST7262,Chennai,2023-03-31,23,Male
CUST7263,Ahmedabad,2024-07-14,41,Male
CUST7264,Bengaluru,2023-01-09,32,Female
CUST7265,Ahmedabad,2024-06-23,52,Male
CUST7266,Kolkata,2023-03-04,32,Male
CUST7267,Hyderabad,2024-08-18,22,Male
CUST7268,Kolkata,2025-11-23,18,Female
CUST7269,Ahmedabad,2024-05-10,26,Male
CUST7270,Chennai,2023-01-31,30,Female
CUST7271,Mumbai,2025-12-09,51,Male
CUST7272,Pune,2023-12-28,40,Female
CUST7273,Kolkata,2024-06-24,46,Female
CUST7274,Bengaluru,2025-07-21,34,Male
CUST7275,Kolkata,2025-02-10,27,Female
CUST7276,Pune,2025-11-16,28,Male
CUST7277,Ahmedabad,2025-03-28,37,Female
CUST7278,Delhi,2023-10-18,27,Male
CUST7279,Bengaluru,2024-03-09,43,Male
CUST7280,Delhi,2024-06-06,18,Male
CUST7281,Mumbai,2024-08-23,21,Female
CUST7282,Pune,2025-05-27,57,Male
CUST7283,Chennai,2023-01-10,29,Male
CUST7284,Bengaluru,2024-10-02,41,Female
CUST7285,Pune,2024-09-09,53,Female
CUST7286,Chennai,2023-11-08,56,Female
CUST7287,Chennai,2023-11-01,35,Female
CUST7288,Kolkata,2023-12-27,39,Male
CUST7289,Mumbai,2024-01-25,37,Female
CUST7290,Pune,2023-11-15,46,Female
CUST7291,Pune,2023-07-21,55,Female
CUST7292,Bengaluru,2024-07-23,36,Female
CUST7293,Kolkata,2023-04-05,46,Female
CUST7294,Mumbai,2025-04-15,43,Female
CUST7295,Hyderabad,2025-11-19,35,Female
CUST7296,Bengaluru,2023-04-20,50,Male
CUST7297,Chennai,2025-08-16,28,Female
CUST7298,Hyderabad,2023-06-14,57,Male
CUST7299,Delhi,2023-02-22,33,Female
CUST7300,Delhi,2024-07-19,29,Female
CUST7301,Delhi,2024-08-11,19,Female
CUST7302,Delhi,2023-05-20,56,Female
CUST7303,Bengaluru,2024-11-09,23,Male
CUST7304,Pune,2025-10-31,30,Male
CUST7305,Delhi,2023-11-11,28,Male
CUST7306,Kolkata,2023-11-30,47,Female
CUST7307,Mumbai,2025-01-25,41,Male
CUST7308,Kolkata,2025-09-21,19,Male
CUST7309,Chennai,2025-12-21,43,Male
CUST7310,Delhi,2024-12-21,27,Female
CUST7311,Mumbai,2024-05-15,35,Female
CUST7312,Ahmedabad,2024-07-26,29,Female
CUST7313,Ahmedabad,2024-10-28,44,Female
CUST7314,Bengaluru,2025-03-04,52,Female
CUST7315,Pune,2025-12-21,21,Male
CUST7316,Mumbai,2024-09-06,54,Female
CUST7317,Chennai,2024-01-27,18,Male
CUST7318,Hyderabad,2023-07-13,47,Male
CUST7319,Ahmedabad,2025-09-21,34,Female
CUST7320,Delhi,2025-05-03,31,Male
CUST7321,Mumbai,2024-02-29,44,Male
CUST7322,Pune,2025-04-02,28,Female
CUST7323,Delhi,2025-07-07,50,Male
CUST7324,Chennai,2024-12-31,42,Male
CUST7325,Hyderabad,2025-04-24,22,Male
CUST7326,Ahmedabad,2024-10-05,58,Male
CUST7327,Delhi,2025-04-29,52,Male
CUST7328,Ahmedabad,2025-07-13,59,Male
CUST7329,Pune,2025-04-25,18,Female
CUST7330,Hyderabad,2023-07-24,23,Female
CUST7331,Chennai,2023-07-11,52,Female
CUST7332,Ahmedabad,2023-12-21,48,Female
CUST7333,Hyderabad,2023-01-27,27,Male
CUST7334,Hyderabad,2025-06-20,43,Female
CUST7335,Chennai,2025-07-24,55,Female
CUST7336,Hyderabad,2024-07-25,35,Male
CUST7337,Mumbai,2024-07-29,26,Female
CUST7338,Kolkata,2023-05-22,45,Female
CUST7339,Mumbai,2025-03-02,19,Male
CUST7340,Hyderabad,2025-01-27,44,Male
CUST7341,Pune,2023-09-24,58,Female
CUST7342,Delhi,2024-09-10,37,Female
CUST7343,Kolkata,2023-10-07,51,Male
CUST7344,Pune,2023-06-12,48,Female
CUST7345,Kolkata,2023-04-28,48,Female
CUST7346,Pune,2023-10-31,31,Female
CUST7347,Delhi,2023-09-10,56,Male
CUST7348,Ahmedabad,2025-12-20,42,Male
CUST7349,Mumbai,2023-01-10,35,Male
CUST7350,Delhi,2025-08-18,48,Male
CUST7351,Delhi,2024-08-04,26,Female
CUST7352,Bengaluru,2025-09-27,45,Female
CUST7353,Ahmedabad,2023-07-24,18,Male
CUST7354,Delhi,2024-11-07,28,Female
CUST7355,Kolkata,2024-11-10,52,Female
CUST7356,Pune,2025-11-12,32,Male
CUST7357,Pune,2024-04-08,48,Male
CUST7358,Kolkata,2025-06-01,40,Female
CUST7359,Hyderabad,2024-11-29,46,Male
CUST7360,Delhi,2023-01-30,48,Female
CUST7361,Hyderabad,2023-12-14,55,Female
CUST7362,Bengaluru,2023-08-01,23,Male
CUST7363,Kolkata,2023-05-10,44,Male
CUST7364,Pune,2023-08-19,47,Female
CUST7365,Mumbai,2025-10-28,31,Female
CUST7366,Bengaluru,2025-06-09,47,Male
CUST7367,Pune,2023-08-18,36,Female
CUST7368,Kolkata,2024-07-08,59,Male
CUST7369,Ahmedabad,2024-02-28,31,Female
CUST7370,Mumbai,2023-02-06,53,Male
CUST7371,Delhi,2024-10-26,40,Male
CUST7372,Ahmedabad,2023-07-06,27,Male
CUST7373,Ahmedabad,2024-08-11,49,Female
CUST7374,Kolkata,2025-09-06,19,Female
CUST7375,Bengaluru,2023-02-06,33,Female
CUST7376,Ahmedabad,2023-11-12,28,Male
CUST7377,Kolkata,2025-12-06,51,Male
CUST7378,Pune,2023-06-11,58,Female
CUST7379,Chennai,2023-06-09,21,Female
CUST7380,Hyderabad,2023-11-19,18,Female
CUST7381,Delhi,2025-01-25,38,Male
CUST7382,Kolkata,2023-09-25,44,Female
CUST7383,Hyderabad,2023-06-30,42,Male
CUST7384,Delhi,2025-09-07,21,Female
CUST7385,Mumbai,2025-04-06,48,Female
CUST7386,Kolkata,2023-08-15,20,Male
CUST7387,Ahmedabad,2023-11-19,37,Female
CUST7388,Ahmedabad,2023-03-18,26,Male
CUST7389,Bengaluru,2024-05-09,34,Male
CUST7390,Kolkata,2024-11-14,43,Female
CUST7391,Ahmedabad,2024-07-01,44,Male
CUST7392,Kolkata,2023-09-04,20,Female
CUST7393,Pune,2025-11-23,44,Male
CUST7394,Mumbai,2023-08-12,29,Male
CUST7395,Chennai,2024-12-01,48,Male
CUST7396,Delhi,2025-02-01,28,Male
CUST7397,Ahmedabad,2025-09-05,43,Female
CUST7398,Delhi,2024-08-07,21,Male
CUST7399,Pune,2023-08-14,52,Female
CUST7400,Delhi,2024-06-25,27,Male
CUST7401,Kolkata,2024-04-27,36,Female
CUST7402,Chennai,2023-12-18,18,Female
CUST7403,Mumbai,2024-12-21,49,Male
CUST7404,Ahmedabad,2024-11-07,23,Female
CUST7405,Ahmedabad,2023-03-05,19,Female
CUST7406,Bengaluru,2025-06-14,22,Male
CUST7407,Kolkata,2024-10-13,59,Male
CUST7408,Bengaluru,2024-12-21,45,Male
CUST7409,Pune,2024-06-01,19,Male
CUST7410,Kolkata,2023-12-24,32,Male
CUST7411,Ahmedabad,2023-10-19,23,Female
CUST7412,Mumbai,2023-02-05,45,Male
CUST7413,Ahmedabad,2024-04-21,49,Male
CUST7414,Kolkata,2025-04-30,19,Male
CUST7415,Kolkata,2024-01-01,50,Female
CUST7416,Hyderabad,2025-02-15,28,Male
CUST7417,Kolkata,2023-05-07,27,Male
CUST7418,Mumbai,2024-04-15,19,Male
CUST7419,Kolkata,2024-11-30,51,Male
CUST7420,Mumbai,2023-04-15,28,Male
CUST7421,Bengaluru,2023-01-19,29,Female
CUST7422,Ahmedabad,2023-08-02,35,Female
CUST7423,Pune,2024-02-12,56,Female
CUST7424,Mumbai,2025-08-16,43,Female
CUST7425,Ahmedabad,2025-02-24,43,Male
CUST7426,Bengaluru,2023-05-11,43,Female
CUST7427,Bengaluru,2023-09-07,40,Female
CUST7428,Delhi,2023-12-16,33,Male
CUST7429,Delhi,2025-06-05,55,Female
CUST7430,Delhi,2024-04-08,38,Female
CUST7431,Ahmedabad,2024-02-06,25,Female
CUST7432,Delhi,2023-01-10,20,Female
CUST7433,Ahmedabad,2025-04-09,52,Male
CUST7434,Bengaluru,2025-02-24,43,Male
CUST7435,Ahmedabad,2024-01-28,39,Female
CUST7436,Delhi,2024-07-10,29,Female
CUST7437,Bengaluru,2024-01-16,41,Male
CUST7438,Ahmedabad,2025-12-22,41,Male
CUST7439,Mumbai,2023-04-10,30,Male
CUST7440,Hyderabad,2025-01-08,38,Male
CUST7441,Delhi,2025-02-25,40,Male
CUST7442,Chennai,2025-02-08,57,Female
CUST7443,Pune,2024-03-13,29,Female
CUST7444,Mumbai,2024-07-04,32,Female
CUST7445,Mumbai,2023-07-06,52,Female
CUST7446,Ahmedabad,2024-07-02,53,Female
CUST7447,Pune,2024-11-11,30,Male
CUST7448,Delhi,2023-02-18,47,Male
CUST7449,Chennai,2025-04-02,48,Male
CUST7450,Chennai,2023-05-16,50,Female
CUST7451,Ahmedabad,2025-12-27,49,Male
CUST7452,Mumbai,2025-07-05,37,Female
CUST7453,Chennai,2023-12-22,28,Female
CUST7454,Hyderabad,2023-03-10,37,Male
CUST7455,Mumbai,2023-02-17,22,Female
CUST7456,Delhi,2023-01-03,46,Female
CUST7457,Kolkata,2023-12-30,49,Male
CUST7458,Chennai,2023-12-29,44,Female
CUST7459,Hyderabad,2025-02-22,23,Male
CUST7460,Mumbai,2025-07-29,44,Male
CUST7461,Bengaluru,2024-12-19,53,Female
CUST7462,Pune,2023-07-30,21,Female
CUST7463,Kolkata,2025-03-13,45,Female
CUST7464,Ahmedabad,2024-11-11,18,Female
CUST7465,Delhi,2025-04-02,44,Male
CUST7466,Chennai,2023-09-10,53,Male
CUST7467,Kolkata,2023-07-22,55,Female
CUST7468,Ahmedabad,2024-08-13,34,Male
CUST7469,Pune,2025-06-09,42,Male
CUST7470,Bengaluru,2023-06-02,22,Male
CUST7471,Chennai,2023-07-06,42,Male
CUST7472,Ahmedabad,2023-09-11,53,Male
CUST7473,Pune,2025-10-20,20,Male
CUST7474,Bengaluru,2023-01-14,50,Male
CUST7475,Mumbai,2023-08-15,52,Female
CUST7476,Ahmedabad,2024-02-26,49,Female
CUST7477,Kolkata,2024-02-10,33,Male
CUST7478,Pune,2024-07-21,41,Female
CUST7479,Bengaluru,2023-08-06,47,Female
CUST7480,Delhi,2023-11-01,31,Female
CUST7481,Pune,2023-10-26,53,Male
CUST7482,Delhi,2024-06-27,31,Male
CUST7483,Pune,2024-04-23,36,Female
CUST7484,Pune,2024-05-15,36,Male
CUST7485,Delhi,2023-06-27,18,Female
CUST7486,Ahmedabad,2023-01-28,43,Female
CUST7487,Pune,2023-07-25,57,Male
CUST7488,Bengaluru,2024-01-11,39,Male
CUST7489,Pune,2025-10-10,26,Male
CUST7490,Mumbai,2025-04-18,51,Male
CUST7491,Delhi,2024-01-09,20,Male
CUST7492,Chennai,2023-10-16,25,Male
CUST7493,Mumbai,2025-03-30,57,Male
CUST7494,Hyderabad,2023-02-19,22,Male
CUST7495,Delhi,2023-02-18,35,Male
CUST7496,Kolkata,2023-11-16,38,Male
CUST7497,Ahmedabad,2024-06-06,43,Male
CUST7498,Bengaluru,2025-03-14,19,Male
CUST7499,Kolkata,2023-10-27,22,Male
CUST7500,Hyderabad,2023-06-24,22,Male
CUST7501,Ahmedabad,2025-11-15,58,Male
CUST7502,Ahmedabad,2023-05-25,24,Female
CUST7503,Mumbai,2025-07-29,37,Male
CUST7504,Mumbai,2024-03-25,56,Male
CUST7505,Delhi,2023-08-27,45,Male
CUST7506,Mumbai,2025-09-09,42,Female
CUST7507,Chennai,2025-10-14,36,Male
CUST7508,Kolkata,2025-03-17,49,Male
CUST7509,Ahmedabad,2023-04-14,52,Female
CUST7510,Chennai,2025-01-17,34,Male
CUST7511,Delhi,2023-09-13,31,Male
CUST7512,Kolkata,2024-03-29,45,Female
CUST7513,Mumbai,2025-09-16,57,Male
CUST7514,Ahmedabad,2025-12-20,41,Male
CUST7515,Ahmedabad,2024-06-11,38,Male
CUST7516,Delhi,2024-05-22,27,Female
CUST7517,Chennai,2024-12-18,48,Male
CUST7518,Mumbai,2024-05-31,28,Female
CUST7519,Kolkata,2023-10-16,24,Female
CUST7520,Ahmedabad,2024-09-06,23,Female
CUST7521,Mumbai,2025-12-01,38,Female
CUST7522,Bengaluru,2024-06-12,49,Female
CUST7523,Pune,2024-04-19,19,Female
CUST7524,Ahmedabad,2024-03-13,54,Female
CUST7525,Hyderabad,2023-10-08,57,Male
CUST7526,Delhi,2025-02-21,30,Female
CUST7527,Mumbai,2024-04-12,21,Female
CUST7528,Delhi,2025-08-05,36,Female
CUST7529,Kolkata,2023-10-10,26,Female
CUST7530,Bengaluru,2024-06-28,39,Female
CUST7531,Delhi,2024-03-30,51,Female
CUST7532,Pune,2023-12-21,37,Female
CUST7533,Mumbai,2024-07-11,19,Male
CUST7534,Ahmedabad,2025-09-16,45,Female
CUST7535,Kolkata,2023-04-17,58,Female
CUST7536,Pune,2025-11-30,55,Male
CUST7537,Mumbai,2024-01-20,46,Female
CUST7538,Bengaluru,2024-02-15,42,Female
CUST7539,Ahmedabad,2023-08-01,20,Female
CUST7540,Bengaluru,2025-01-28,41,Male
CUST7541,Chennai,2025-04-21,59,Male
CUST7542,Delhi,2024-09-04,55,Female
CUST7543,Kolkata,2024-05-22,44,Female
CUST7544,Bengaluru,2023-11-02,50,Female
CUST7545,Ahmedabad,2025-07-04,23,Male
CUST7546,Bengaluru,2024-12-24,19,Male
CUST7547,Chennai,2023-12-15,37,Female
CUST7548,Delhi,2024-10-06,28,Male
CUST7549,Pune,2024-11-12,32,Female
CUST7550,Delhi,2024-01-14,56,Male
CUST7551,Chennai,2023-11-12,19,Female
CUST7552,Mumbai,2025-03-12,36,Male
CUST7553,Mumbai,2025-12-30,20,Female
CUST7554,Ahmedabad,2025-07-09,51,Male
CUST7555,Chennai,2023-12-04,23,Male
CUST7556,Hyderabad,2023-10-20,49,Male
CUST7557,Bengaluru,2024-09-23,31,Female
CUST7558,Bengaluru,2025-10-31,52,Female
CUST7559,Delhi,2024-07-29,22,Male
CUST7560,Delhi,2024-07-13,55,Male
CUST7561,Ahmedabad,2023-12-08,48,Female
CUST7562,Ahmedabad,2023-05-21,23,Female
CUST7563,Delhi,2023-03-21,51,Female
CUST7564,Chennai,2025-11-29,31,Male
CUST7565,Hyderabad,2023-05-03,33,Male
CUST7566,Mumbai,2024-10-25,20,Male
CUST7567,Delhi,2025-03-31,42,Male
CUST7568,Kolkata,2025-07-28,29,Female
CUST7569,Pune,2025-02-03,42,Female
CUST7570,Delhi,2025-01-30,18,Male
CUST7571,Pune,2023-01-05,34,Male
CUST7572,Pune,2025-01-09,48,Male
CUST7573,Hyderabad,2023-03-03,20,Female
CUST7574,Hyderabad,2023-06-10,54,Female
CUST7575,Chennai,2025-02-11,58,Male
CUST7576,Bengaluru,2023-01-06,51,Female
CUST7577,Hyderabad,2024-10-21,57,Male
CUST7578,Mumbai,2023-02-17,52,Male
CUST7579,Kolkata,2025-02-10,28,Female
CUST7580,Hyderabad,2023-01-22,58,Female
CUST7581,Mumbai,2023-09-02,58,Male
CUST7582,Delhi,2023-02-20,50,Female
CUST7583,Chennai,2023-07-06,52,Female
CUST7584,Chennai,2024-11-17,21,Female
CUST7585,Hyderabad,2023-05-01,18,Male
CUST7586,Mumbai,2025-02-21,36,Female
CUST7587,Delhi,2024-07-24,35,Female
CUST7588,Ahmedabad,2024-03-15,21,Female
CUST7589,Bengaluru,2023-01-16,59,Female
CUST7590,Pune,2024-05-21,54,Male
CUST7591,Kolkata,2024-06-23,56,Female
CUST7592,Ahmedabad,2023-01-06,29,Female
CUST7593,Mumbai,2025-03-03,55,Female
CUST7594,Kolkata,2024-07-21,30,Female
CUST7595,Pune,2023-08-20,20,Male
CUST7596,Kolkata,2023-11-12,59,Female
CUST7597,Bengaluru,2023-02-22,31,Female
CUST7598,Ahmedabad,2024-04-16,53,Female
CUST7599,Hyderabad,2023-06-15,26,Male
CUST7600,Chennai,2024-03-25,56,Male
CUST7601,Bengaluru,2025-05-08,26,Male
CUST7602,Pune,2023-06-27,30,Female
CUST7603,Ahmedabad,2025-12-23,28,Male
CUST7604,Bengaluru,2025-08-21,19,Female
CUST7605,Pune,2023-04-21,39,Female
CUST7606,Chennai,2024-12-01,41,Male
CUST7607,Bengaluru,2023-07-03,53,Male
CUST7608,Ahmedabad,2025-07-25,31,Female
CUST7609,Ahmedabad,2024-04-12,19,Female
CUST7610,Ahmedabad,2024-05-02,31,Female
CUST7611,Pune,2024-10-04,44,Male
CUST7612,Mumbai,2024-06-02,40,Female
CUST7613,Hyderabad,2024-05-20,28,Male
CUST7614,Delhi,2024-04-26,35,Female
CUST7615,Delhi,2024-07-17,40,Female
CUST7616,Hyderabad,2024-07-17,28,Female
CUST7617,Kolkata,2023-06-13,37,Female
CUST7618,Hyderabad,2025-08-22,23,Female
CUST7619,Pune,2023-08-08,37,Male
CUST7620,Chennai,2024-06-16,21,Male
CUST7621,Mumbai,2023-09-02,22,Male
CUST7622,Ahmedabad,2024-06-17,45,Male
CUST7623,Bengaluru,2025-06-08,24,Female
CUST7624,Bengaluru,2024-10-01,24,Female
CUST7625,Kolkata,2023-07-01,41,Female
CUST7626,Hyderabad,2025-10-01,28,Female
CUST7627,Bengaluru,2024-10-18,32,Female
CUST7628,Pune,2025-09-28,46,Male
CUST7629,Kolkata,2024-12-01,49,Female
CUST7630,Hyderabad,2024-03-26,53,Female
CUST7631,Hyderabad,2025-10-15,50,Female
CUST7632,Chennai,2023-11-14,54,Female
CUST7633,Hyderabad,2025-11-26,37,Male
CUST7634,Ahmedabad,2023-09-16,47,Female
CUST7635,Hyderabad,2025-11-19,57,Male
CUST7636,Chennai,2024-02-27,37,Male
CUST7637,Kolkata,2025-01-10,24,Female
CUST7638,Chennai,2024-02-26,57,Male
CUST7639,Ahmedabad,2024-10-04,29,Male
CUST7640,Bengaluru,2023-06-16,22,Female
CUST7641,Chennai,2023-09-11,25,Female
CUST7642,Ahmedabad,2023-09-19,30,Male
CUST7643,Pune,2024-10-31,51,Male
CUST7644,Ahmedabad,2024-08-05,33,Female
CUST7645,Ahmedabad,2025-05-18,56,Female
CUST7646,Ahmedabad,2024-11-13,48,Female
CUST7647,Pune,2023-02-23,38,Male
CUST7648,Chennai,2024-11-17,51,Male
CUST7649,Ahmedabad,2023-07-10,56,Male
CUST7650,Kolkata,2024-06-10,47,Male
CUST7651,Pune,2025-08-11,39,Male
CUST7652,Ahmedabad,2023-10-27,20,Female
CUST7653,Kolkata,2023-01-29,54,Male
CUST7654,Bengaluru,2025-06-21,52,Female
CUST7655,Bengaluru,2023-03-21,51,Male
CUST7656,Mumbai,2023-03-01,49,Male
CUST7657,Kolkata,2024-03-01,47,Male
CUST7658,Hyderabad,2023-12-08,50,Male
CUST7659,Kolkata,2025-05-15,19,Female
CUST7660,Bengaluru,2025-03-16,48,Female
CUST7661,Pune,2025-12-30,59,Female
CUST7662,Hyderabad,2024-12-23,39,Female
CUST7663,Pune,2025-11-12,25,Male
CUST7664,Mumbai,2025-04-11,34,Female
CUST7665,Ahmedabad,2025-02-26,22,Female
CUST7666,Mumbai,2025-12-11,24,Male
CUST7667,Kolkata,2025-03-28,55,Female
CUST7668,Kolkata,2025-02-12,22,Male
CUST7669,Bengaluru,2025-04-11,55,Male
CUST7670,Bengaluru,2023-05-23,21,Female
CUST7671,Mumbai,2023-11-14,48,Male
CUST7672,Hyderabad,2024-10-12,55,Male
CUST7673,Chennai,2025-04-03,18,Male
CUST7674,Bengaluru,2024-02-06,48,Female
CUST7675,Hyderabad,2024-03-17,35,Male
CUST7676,Delhi,2025-04-16,49,Female
CUST7677,Mumbai,2023-01-03,47,Male
CUST7678,Ahmedabad,2024-12-13,52,Male
CUST7679,Mumbai,2023-03-20,38,Male
CUST7680,Bengaluru,2024-06-04,26,Male
CUST7681,Pune,2024-11-08,25,Male
CUST7682,Delhi,2023-11-26,33,Male
CUST7683,Ahmedabad,2024-05-17,51,Male
CUST7684,Pune,2025-11-28,20,Male
CUST7685,Ahmedabad,2023-09-13,56,Female
CUST7686,Kolkata,2023-10-25,33,Female
CUST7687,Delhi,2025-12-27,50,Male
CUST7688,Chennai,2023-03-12,29,Female
CUST7689,Hyderabad,2023-02-16,57,Female
CUST7690,Ahmedabad,2024-12-30,59,Female
CUST7691,Chennai,2025-10-15,55,Female
CUST7692,Chennai,2024-01-28,58,Male
CUST7693,Hyderabad,2024-12-26,48,Male
CUST7694,Bengaluru,2024-11-12,42,Female
CUST7695,Pune,2025-10-28,27,Male
CUST7696,Ahmedabad,2023-11-06,57,Male
CUST7697,Chennai,2024-02-04,41,Male
CUST7698,Hyderabad,2025-11-18,24,Female
CUST7699,Mumbai,2023-01-14,47,Male
CUST7700,Kolkata,2023-10-24,45,Female
CUST7701,Mumbai,2024-01-09,55,Male
CUST7702,Hyderabad,2023-11-01,59,Male
CUST7703,Delhi,2023-05-04,50,Female
CUST7704,Chennai,2024-04-09,40,Female
CUST7705,Delhi,2025-11-13,50,Male
CUST7706,Hyderabad,2025-06-19,44,Female
CUST7707,Mumbai,2023-12-27,29,Male
CUST7708,Mumbai,2025-08-09,43,Female
CUST7709,Kolkata,2025-10-29,36,Female
CUST7710,Pune,2023-10-19,41,Female
CUST7711,Hyderabad,2024-12-30,38,Female
CUST7712,Pune,2024-11-08,28,Male
CUST7713,Bengaluru,2024-04-02,51,Female
CUST7714,Pune,2025-04-06,49,Female
CUST7715,Hyderabad,2023-02-20,39,Male
CUST7716,Kolkata,2025-03-22,57,Male
CUST7717,Kolkata,2025-06-06,56,Female
CUST7718,Ahmedabad,2025-01-20,30,Female
CUST7719,Ahmedabad,2023-02-20,37,Male
CUST7720,Mumbai,2023-01-17,47,Female
CUST7721,Hyderabad,2024-02-20,50,Male
CUST7722,Pune,2025-03-05,23,Female
CUST7723,Pune,2024-03-20,39,Male
CUST7724,Ahmedabad,2023-11-17,41,Female
CUST7725,Hyderabad,2024-09-08,47,Male
CUST7726,Mumbai,2025-07-30,43,Female
CUST7727,Hyderabad,2024-07-16,19,Female
CUST7728,Delhi,2023-11-22,28,Male
CUST7729,Bengaluru,2024-09-13,56,Male
CUST7730,Delhi,2023-08-11,43,Male
CUST7731,Delhi,2023-06-28,44,Male
CUST7732,Chennai,2023-09-17,40,Female
CUST7733,Hyderabad,2023-09-06,19,Male
CUST7734,Chennai,2023-12-16,59,Male
CUST7735,Bengaluru,2025-04-16,41,Female
CUST7736,Delhi,2023-04-18,57,Male
CUST7737,Chennai,2024-05-24,36,Female
CUST7738,Chennai,2023-11-26,50,Female
CUST7739,Delhi,2025-03-30,37,Male
CUST7740,Kolkata,2025-05-26,36,Male
CUST7741,Ahmedabad,2023-03-11,27,Male
CUST7742,Chennai,2025-06-25,37,Male
CUST7743,Mumbai,2023-03-15,23,Male
CUST7744,Bengaluru,2023-03-09,24,Female
CUST7745,Hyderabad,2025-12-03,40,Male
CUST7746,Pune,2024-09-01,18,Male
CUST7747,Mumbai,2023-09-27,40,Female
CUST7748,Hyderabad,2024-11-29,32,Female
CUST7749,Bengaluru,2023-11-13,36,Male
CUST7750,Hyderabad,2023-12-12,56,Female
CUST7751,Kolkata,2024-04-24,46,Female
CUST7752,Hyderabad,2024-09-12,49,Female
CUST7753,Bengaluru,2024-07-08,33,Female
CUST7754,Chennai,2024-03-19,35,Female
CUST7755,Pune,2023-08-23,39,Female
CUST7756,Pune,2025-03-28,51,Female
CUST7757,Chennai,2025-04-03,41,Male
CUST7758,Delhi,2023-02-03,34,Male
CUST7759,Bengaluru,2025-11-08,41,Female
CUST7760,Mumbai,2023-03-16,22,Male
CUST7761,Hyderabad,2025-03-03,32,Male
CUST7762,Chennai,2025-06-03,41,Female
CUST7763,Mumbai,2025-11-19,20,Female
CUST7764,Kolkata,2024-03-21,37,Female
CUST7765,Kolkata,2024-12-16,27,Female
CUST7766,Delhi,2025-04-17,40,Female
CUST7767,Hyderabad,2024-12-30,36,Male
CUST7768,Mumbai,2023-03-18,50,Female
CUST7769,Pune,2025-06-08,53,Female
CUST7770,Pune,2025-04-01,19,Male
CUST7771,Kolkata,2024-02-01,18,Male
CUST7772,Kolkata,2025-03-28,29,Female
CUST7773,Kolkata,2025-09-11,35,Male
CUST7774,Pune,2024-11-11,39,Female
CUST7775,Hyderabad,2024-04-20,34,Male
CUST7776,Ahmedabad,2025-02-15,25,Female
CUST7777,Hyderabad,2025-01-10,32,Male
CUST7778,Delhi,2023-03-31,43,Male
CUST7779,Kolkata,2025-03-02,58,Female
CUST7780,Hyderabad,2023-10-25,29,Female
CUST7781,Ahmedabad,2025-03-20,57,Female
CUST7782,Mumbai,2025-11-06,18,Female
CUST7783,Bengaluru,2023-01-15,18,Male
CUST7784,Bengaluru,2025-03-14,19,Male
CUST7785,Delhi,2024-09-17,55,Female
CUST7786,Hyderabad,2023-01-26,52,Male
CUST7787,Chennai,2025-01-28,51,Female
CUST7788,Hyderabad,2024-07-01,20,Male
CUST7789,Delhi,2024-03-27,22,Female
CUST7790,Chennai,2024-05-12,52,Female
CUST7791,Ahmedabad,2023-12-07,23,Female
CUST7792,Delhi,2025-12-01,45,Female
CUST7793,Delhi,2024-07-20,55,Male
CUST7794,Mumbai,2023-08-24,43,Male
CUST7795,Kolkata,2023-05-07,38,Male
CUST7796,Hyderabad,2024-03-20,20,Female
CUST7797,Chennai,2024-11-24,30,Male
CUST7798,Mumbai,2024-05-04,20,Female
CUST7799,Chennai,2025-05-02,26,Female
CUST7800,Pune,2025-12-10,23,Male
CUST7801,Ahmedabad,2025-12-08,47,Male
CUST7802,Ahmedabad,2024-08-22,43,Female
CUST7803,Kolkata,2025-08-18,31,Male
CUST7804,Hyderabad,2025-04-24,25,Female
CUST7805,Mumbai,2024-07-24,25,Male
CUST7806,Delhi,2025-08-25,27,Male
CUST7807,Pune,2024-04-09,54,Male
CUST7808,Pune,2025-09-24,42,Female
CUST7809,Kolkata,2023-02-06,32,Female
CUST7810,Hyderabad,2025-03-19,59,Male
CUST7811,Hyderabad,2024-08-06,19,Male
CUST7812,Kolkata,2023-10-02,23,Female
CUST7813,Chennai,2024-05-11,44,Female
CUST7814,Kolkata,2025-02-21,50,Female
CUST7815,Kolkata,2023-06-23,23,Male
CUST7816,Kolkata,2024-07-06,35,Female
CUST7817,Bengaluru,2025-09-02,59,Male
CUST7818,Ahmedabad,2023-10-13,54,Female
CUST7819,Pune,2023-04-04,39,Female
CUST7820,Kolkata,2023-08-03,52,Female
CUST7821,Bengaluru,2024-10-08,21,Male
CUST7822,Hyderabad,2025-07-15,44,Male
CUST7823,Mumbai,2023-03-14,33,Female
CUST7824,Hyderabad,2025-04-27,22,Male
CUST7825,Hyderabad,2025-03-23,19,Male
CUST7826,Bengaluru,2025-02-09,25,Male
CUST7827,Kolkata,2024-04-10,35,Male
CUST7828,Pune,2023-08-26,26,Male
CUST7829,Bengaluru,2024-06-02,24,Male
CUST7830,Mumbai,2025-11-24,44,Male
CUST7831,Kolkata,2023-10-21,31,Female
CUST7832,Kolkata,2025-10-28,28,Female
CUST7833,Mumbai,2025-10-08,30,Female
CUST7834,Bengaluru,2023-04-02,39,Male
CUST7835,Ahmedabad,2025-09-08,35,Female
CUST7836,Kolkata,2024-11-03,24,Male
CUST7837,Bengaluru,2024-11-15,27,Male
CUST7838,Bengaluru,2024-12-22,58,Male
CUST7839,Bengaluru,2025-05-15,40,Female
CUST7840,Bengaluru,2024-09-08,44,Female
CUST7841,Chennai,2023-03-18,54,Male
CUST7842,Chennai,2024-08-09,47,Female
CUST7843,Kolkata,2024-04-25,41,Male
CUST7844,Hyderabad,2024-03-30,23,Female
CUST7845,Mumbai,2024-03-14,33,Male
CUST7846,Ahmedabad,2025-12-18,53,Female
CUST7847,Kolkata,2023-07-15,50,Female
CUST7848,Delhi,2025-06-26,24,Male
CUST7849,Delhi,2024-08-14,23,Female
CUST7850,Ahmedabad,2024-09-12,48,Female
CUST7851,Delhi,2025-04-03,33,Male
CUST7852,Kolkata,2025-10-05,50,Female
CUST7853,Kolkata,2023-01-15,48,Female
CUST7854,Chennai,2024-12-08,55,Female
CUST7855,Hyderabad,2024-01-04,19,Female
CUST7856,Chennai,2025-09-11,37,Female
CUST7857,Ahmedabad,2024-06-28,49,Male
CUST7858,Kolkata,2023-07-31,47,Male
CUST7859,Bengaluru,2023-01-31,41,Female
CUST7860,Delhi,2023-04-06,57,Male
CUST7861,Pune,2024-10-28,22,Female
CUST7862,Pune,2023-07-14,52,Male
CUST7863,Hyderabad,2025-01-30,25,Female
CUST7864,Mumbai,2025-12-21,46,Female
CUST7865,Pune,2024-11-12,19,Male
CUST7866,Bengaluru,2023-11-14,28,Female
CUST7867,Pune,2023-07-05,58,Female
CUST7868,Bengaluru,2023-07-05,56,Male
CUST7869,Pune,2024-06-18,57,Female
CUST7870,Ahmedabad,2024-04-30,56,Female
CUST7871,Ahmedabad,2024-05-18,29,Female
CUST7872,Kolkata,2024-08-16,27,Female
CUST7873,Mumbai,2025-08-14,43,Male
CUST7874,Mumbai,2023-05-16,27,Female
CUST7875,Kolkata,2025-12-28,41,Male
CUST7876,Mumbai,2025-01-09,54,Male
CUST7877,Mumbai,2025-07-15,40,Female
CUST7878,Ahmedabad,2024-04-10,32,Male
CUST7879,Mumbai,2024-04-24,26,Male
CUST7880,Delhi,2025-08-07,18,Male
CUST7881,Bengaluru,2024-10-05,30,Female
CUST7882,Chennai,2025-10-25,45,Female
CUST7883,Hyderabad,2025-04-01,49,Male
CUST7884,Mumbai,2024-08-22,31,Male
CUST7885,Delhi,2023-04-16,58,Female
CUST7886,Hyderabad,2024-04-21,50,Female
CUST7887,Ahmedabad,2024-12-07,52,Male
CUST7888,Delhi,2025-01-23,29,Female
CUST7889,Hyderabad,2025-10-06,18,Female
CUST7890,Pune,2025-11-21,54,Female
CUST7891,Bengaluru,2024-08-25,44,Female
CUST7892,Bengaluru,2023-04-21,56,Male
CUST7893,Mumbai,2023-10-05,25,Male
CUST7894,Chennai,2025-08-30,41,Male
CUST7895,Mumbai,2023-05-20,48,Male
CUST7896,Chennai,2025-08-31,19,Female
CUST7897,Chennai,2024-07-13,50,Female
CUST7898,Delhi,2025-12-21,18,Female
CUST7899,Pune,2024-02-27,39,Female
CUST7900,Pune,2024-04-30,20,Male
CUST7901,Delhi,2025-06-24,26,Male
CUST7902,Delhi,2025-06-28,50,Female
CUST7903,Bengaluru,2025-07-27,46,Female
CUST7904,Ahmedabad,2023-08-28,47,Female
CUST7905,Delhi,2025-03-09,26,Male
CUST7906,Ahmedabad,2023-03-01,35,Male
CUST7907,Pune,2023-08-10,30,Female
CUST7908,Bengaluru,2025-07-18,24,Female
CUST7909,Ahmedabad,2023-09-28,47,Male
CUST7910,Kolkata,2025-06-26,36,Male
CUST7911,Chennai,2023-02-06,45,Male
CUST7912,Hyderabad,2024-02-14,48,Female
CUST7913,Ahmedabad,2024-11-06,31,Male
CUST7914,Pune,2025-03-10,59,Female
CUST7915,Pune,2025-10-13,40,Male
CUST7916,Kolkata,2025-09-17,41,Male
CUST7917,Ahmedabad,2025-08-25,46,Female
CUST7918,Kolkata,2025-10-12,26,Female
CUST7919,Bengaluru,2024-09-01,27,Female
CUST7920,Chennai,2023-10-25,30,Female
CUST7921,Chennai,2025-03-02,21,Female
CUST7922,Bengaluru,2025-04-27,28,Male
CUST7923,Kolkata,2023-06-13,47,Male
CUST7924,Mumbai,2024-11-06,23,Female
CUST7925,Pune,2024-04-18,56,Male
CUST7926,Pune,2024-08-04,48,Male
CUST7927,Mumbai,2025-11-23,26,Male
CUST7928,Hyderabad,2023-12-02,40,Female
CUST7929,Pune,2025-08-18,29,Male
CUST7930,Bengaluru,2024-10-16,54,Male
CUST7931,Mumbai,2024-10-09,59,Female
CUST7932,Pune,2023-10-02,49,Female
CUST7933,Mumbai,2023-03-12,56,Male
CUST7934,Delhi,2025-06-04,22,Female
CUST7935,Kolkata,2024-06-13,24,Female
CUST7936,Hyderabad,2025-01-10,46,Female
CUST7937,Ahmedabad,2024-06-12,47,Male
CUST7938,Chennai,2024-10-17,29,Male
CUST7939,Kolkata,2024-02-24,50,Female
CUST7940,Hyderabad,2024-01-06,18,Male
CUST7941,Kolkata,2023-08-03,33,Female
CUST7942,Pune,2025-09-21,21,Male
CUST7943,Kolkata,2025-08-17,38,Female
CUST7944,Hyderabad,2023-11-29,56,Female
CUST7945,Pune,2024-06-02,25,Female
CUST7946,Delhi,2024-06-14,25,Female
CUST7947,Pune,2025-01-20,19,Male
CUST7948,Chennai,2023-08-22,48,Female
CUST7949,Bengaluru,2023-07-28,33,Male
CUST7950,Delhi,2025-09-15,19,Male
CUST7951,Chennai,2023-07-20,34,Female
CUST7952,Ahmedabad,2025-03-15,55,Female
CUST7953,Hyderabad,2024-11-20,34,Male
CUST7954,Delhi,2023-10-27,36,Male
CUST7955,Mumbai,2025-02-23,34,Male
CUST7956,Pune,2023-11-19,44,Male
CUST7957,Pune,2025-07-04,29,Female
CUST7958,Hyderabad,2024-09-28,27,Female
CUST7959,Chennai,2023-10-14,22,Female
CUST7960,Mumbai,2023-01-21,21,Male
CUST7961,Kolkata,2023-12-02,18,Female
CUST7962,Kolkata,2024-01-02,20,Male
CUST7963,Mumbai,2025-01-09,30,Male
CUST7964,Chennai,2024-03-27,54,Female
CUST7965,Chennai,2025-06-09,36,Male
CUST7966,Pune,2025-08-30,26,Male
CUST7967,Pune,2023-06-11,37,Female
CUST7968,Chennai,2025-07-19,54,Female
CUST7969,Chennai,2023-09-11,31,Male
CUST7970,Kolkata,2025-11-03,32,Male
CUST7971,Mumbai,2023-09-15,28,Female
CUST7972,Mumbai,2023-10-18,54,Female
CUST7973,Delhi,2025-04-04,26,Female
CUST7974,Hyderabad,2023-12-30,33,Male
CUST7975,Bengaluru,2024-08-15,19,Male
CUST7976,Mumbai,2024-07-14,59,Female
CUST7977,Hyderabad,2023-06-26,51,Male
CUST7978,Chennai,2024-09-20,21,Male
CUST7979,Kolkata,2025-06-26,41,Male
CUST7980,Ahmedabad,2025-09-16,49,Male
CUST7981,Bengaluru,2025-01-04,43,Male
CUST7982,Pune,2024-03-13,24,Male
CUST7983,Pune,2024-01-03,40,Male
CUST7984,Mumbai,2024-07-16,47,Male
CUST7985,Pune,2025-04-07,46,Male
CUST7986,Delhi,2023-06-08,27,Female
CUST7987,Ahmedabad,2024-07-17,29,Female
CUST7988,Hyderabad,2023-03-02,33,Male
CUST7989,Ahmedabad,2023-10-18,45,Male
CUST7990,Delhi,2023-01-03,34,Male
CUST7991,Mumbai,2023-11-01,28,Male
CUST7992,Pune,2023-11-30,24,Female
CUST7993,Bengaluru,2025-11-27,53,Female
CUST7994,Pune,2024-05-08,41,Male
CUST7995,Hyderabad,2024-09-15,35,Male
CUST7996,Hyderabad,2023-03-03,28,Male
CUST7997,Pune,2025-11-11,39,Female
CUST7998,Hyderabad,2024-12-26,36,Female
CUST7999,Chennai,2023-09-05,37,Female
