customer_id,last_order_date,frequency,monetary,recency_days,r_score,f_score,m_score,rfm_total,segment
CUST5000,2025-11-14,4,48098.49,229,2,2,3,7,Potential Loyalists
CUST5001,2025-03-03,2,17117.88,485,1,1,1,3,Lost / Churned
CUST5002,2026-01-11,5,30057.91,171,2,2,2,6,Potential Loyalists
CUST5003,2026-03-13,7,38004.86,110,3,3,2,8,Loyal Customers
CUST5004,2024-08-18,1,10541.5,682,1,1,1,3,Lost / Churned
CUST5005,2026-06-10,6,75178.61,21,4,3,4,11,Champions
CUST5006,2025-03-22,3,61143.869999999995,466,1,1,3,5,At Risk
CUST5007,2024-05-17,1,3892.73,775,1,1,1,3,Lost / Churned
CUST5008,2026-02-18,9,83646.76,133,3,4,4,11,Champions
CUST5009,2026-02-12,14,144956.31,139,2,4,4,10,Champions
CUST5010,2026-06-03,6,59781.2,28,4,3,3,10,Champions
CUST5011,2026-06-20,11,122911.16,11,4,4,4,12,Champions
CUST5012,2026-01-23,5,20693.31,159,2,2,1,5,At Risk
CUST5013,2026-05-29,4,36408.46,33,4,2,2,8,Loyal Customers
CUST5014,2026-04-24,11,95123.36,68,3,4,4,11,Champions
CUST5015,2026-04-28,2,12266.64,64,3,1,1,5,At Risk
CUST5016,2026-05-21,10,100481.85,41,4,4,4,12,Champions
CUST5017,2026-01-17,4,49572.71,165,2,2,3,7,Potential Loyalists
CUST5018,2026-01-05,5,37528.57,177,2,2,2,6,Potential Loyalists
CUST5019,2026-05-18,7,73439.88,44,4,3,4,11,Champions
CUST5020,2026-05-30,3,12158.6,32,4,1,1,6,Potential Loyalists
CUST5021,2025-02-08,2,2785.42,508,1,1,1,3,Lost / Churned
CUST5022,2026-06-19,2,16411.75,12,4,1,1,6,Potential Loyalists
CUST5023,2026-02-25,4,43729.76,126,3,2,2,7,Potential Loyalists
CUST5024,2026-03-03,2,13970.480000000001,120,3,1,1,5,At Risk
CUST5025,2026-06-03,4,40856.380000000005,28,4,2,2,8,Loyal Customers
CUST5026,2025-12-06,8,111067.19,207,2,4,4,10,Champions
CUST5027,2025-01-21,1,9282.39,526,1,1,1,3,Lost / Churned
CUST5028,2026-05-11,8,94267.73,51,4,4,4,12,Champions
CUST5029,2025-06-09,1,31859.44,387,1,1,2,4,At Risk
CUST5030,2026-05-21,5,31216.18,41,4,2,2,8,Loyal Customers
CUST5031,2025-10-22,2,18951.84,252,2,1,1,4,At Risk
CUST5032,2026-03-28,2,9567.93,95,3,1,1,5,At Risk
CUST5033,2026-02-18,3,59467.29,133,3,1,3,7,Potential Loyalists
CUST5034,2026-01-17,4,19008.61,165,2,2,1,5,At Risk
CUST5035,2026-01-19,8,133704.03,163,2,4,4,10,Champions
CUST5036,2026-06-04,4,35199.38,27,4,2,2,8,Loyal Customers
CUST5037,2026-01-23,3,39833.33,159,2,1,2,5,At Risk
CUST5038,2026-05-28,3,17197.26,34,4,1,1,6,Potential Loyalists
CUST5039,2026-03-03,5,39319.2,120,3,2,2,7,Potential Loyalists
CUST5040,2026-02-05,4,46436.770000000004,146,2,2,3,7,Potential Loyalists
CUST5041,2025-12-26,7,82636.01,187,2,3,4,9,Loyal Customers
CUST5042,2026-03-13,8,108583.4,110,3,4,4,11,Champions
CUST5043,2025-09-15,4,31530.83,289,1,2,2,5,At Risk
CUST5044,2025-08-24,4,41770.33,311,1,2,2,5,At Risk
CUST5045,2026-05-15,9,110348.97,47,4,4,4,12,Champions
CUST5046,2025-12-01,3,12317.23,212,2,1,1,4,At Risk
CUST5047,2025-05-08,3,18063.07,419,1,1,1,3,Lost / Churned
CUST5048,2025-10-01,1,6554.4,273,2,1,1,4,At Risk
CUST5049,2026-05-17,1,6230.7,45,4,1,1,6,Potential Loyalists
CUST5050,2025-12-18,7,45609.26,195,2,3,3,8,Loyal Customers
CUST5051,2024-08-07,1,17723.58,693,1,1,1,3,Lost / Churned
CUST5052,2025-05-11,1,18457.26,416,1,1,1,3,Lost / Churned
CUST5053,2024-12-15,6,44961.79,563,1,3,3,7,Potential Loyalists
CUST5054,2026-03-10,4,42966.229999999996,113,3,2,2,7,Potential Loyalists
CUST5055,2026-05-18,3,12339.83,44,4,1,1,6,Potential Loyalists
CUST5056,2026-02-02,4,35238.87,149,2,2,2,6,Potential Loyalists
CUST5057,2026-04-22,7,59799.94,70,3,3,3,9,Loyal Customers
CUST5058,2024-04-14,2,6344.7699999999995,808,1,1,1,3,Lost / Churned
CUST5059,2026-05-16,15,164673.43,46,4,4,4,12,Champions
CUST5060,2026-06-17,10,129287.23,14,4,4,4,12,Champions
CUST5061,2024-09-10,2,33746.44,659,1,1,2,4,At Risk
CUST5062,2026-03-09,6,61446.22,114,3,3,3,9,Loyal Customers
CUST5063,2026-03-16,7,45759.87,107,3,3,3,9,Loyal Customers
CUST5064,2026-04-16,4,43086.09,76,3,2,2,7,Potential Loyalists
CUST5065,2026-06-23,9,63509.8,8,4,4,3,11,Champions
CUST5066,2025-04-06,3,40333.189999999995,451,1,1,2,4,At Risk
CUST5067,2026-03-20,1,16375.92,103,3,1,1,5,At Risk
CUST5068,2026-06-05,2,9145.01,26,4,1,1,6,Potential Loyalists
CUST5069,2024-01-16,1,1288.09,897,1,1,1,3,Lost / Churned
CUST5070,2026-03-10,17,127702.15,113,3,4,4,11,Champions
CUST5071,2026-04-16,3,40495.76,76,3,1,2,6,Potential Loyalists
CUST5072,2026-05-31,16,149356.2,31,4,4,4,12,Champions
CUST5073,2025-06-06,4,32899.88,390,1,2,2,5,At Risk
CUST5074,2025-08-01,8,64093.7,334,1,4,3,8,Loyal Customers
CUST5075,2025-10-30,4,20093.61,244,2,2,1,5,At Risk
CUST5076,2026-04-10,8,96390.07,82,3,4,4,11,Champions
CUST5077,2026-06-29,6,44391.200000000004,2,4,3,3,10,Champions
CUST5078,2026-06-15,5,65397.71,16,4,2,3,9,Loyal Customers
CUST5079,2026-04-25,4,35211.57,67,3,2,2,7,Potential Loyalists
CUST5080,2025-11-22,6,53091.43,221,2,3,3,8,Loyal Customers
CUST5081,2026-06-25,13,86562.57,6,4,4,4,12,Champions
CUST5082,2026-06-26,13,123984.34,5,4,4,4,12,Champions
CUST5083,2025-04-12,7,60903.69,445,1,3,3,7,Potential Loyalists
CUST5084,2026-04-12,11,147827.72,80,3,4,4,11,Champions
CUST5085,2026-06-24,8,83125.14,7,4,4,4,12,Champions
CUST5086,2024-10-20,4,18733.41,619,1,2,1,4,At Risk
CUST5087,2025-09-01,6,71987.4,303,1,3,4,8,Loyal Customers
CUST5088,2026-02-04,3,28793.62,147,2,1,2,5,At Risk
CUST5089,2024-11-18,2,29355.61,590,1,1,2,4,At Risk
CUST5090,2026-06-19,7,59902.57,12,4,3,3,10,Champions
CUST5091,2026-03-12,8,65534.13,111,3,4,3,10,Champions
CUST5092,2026-06-25,4,20728.66,6,4,2,1,7,Potential Loyalists
CUST5093,2026-02-26,4,63633.76,125,3,2,3,8,Loyal Customers
CUST5094,2025-07-08,1,19744.49,358,1,1,1,3,Lost / Churned
CUST5095,2026-04-15,6,32142.93,77,3,3,2,8,Loyal Customers
CUST5096,2026-05-30,15,97178.23,32,4,4,4,12,Champions
CUST5097,2026-04-18,6,47512.0,74,3,3,3,9,Loyal Customers
CUST5098,2025-08-04,2,26223.97,331,1,1,2,4,At Risk
CUST5099,2026-03-14,4,29339.73,109,3,2,2,7,Potential Loyalists
CUST5100,2026-06-12,13,143006.19,19,4,4,4,12,Champions
CUST5101,2025-11-19,10,111127.19,224,2,4,4,10,Champions
CUST5102,2026-04-29,2,18053.149999999998,63,3,1,1,5,At Risk
CUST5103,2026-04-27,11,104886.45999999999,65,3,4,4,11,Champions
CUST5104,2026-04-02,14,129427.66,90,3,4,4,11,Champions
CUST5105,2025-08-27,5,38033.03,308,1,2,2,5,At Risk
CUST5106,2026-05-11,10,55990.490000000005,51,4,4,3,11,Champions
CUST5107,2026-04-13,12,108715.24,79,3,4,4,11,Champions
CUST5108,2026-04-30,15,139259.28,62,3,4,4,11,Champions
CUST5109,2026-06-25,7,37128.24,6,4,3,2,9,Loyal Customers
CUST5110,2026-04-22,11,85684.31,70,3,4,4,11,Champions
CUST5111,2026-03-07,4,33568.63,116,3,2,2,7,Potential Loyalists
CUST5112,2025-10-09,4,42998.479999999996,265,2,2,2,6,Potential Loyalists
CUST5113,2026-06-14,4,19702.510000000002,17,4,2,1,7,Potential Loyalists
CUST5114,2025-07-20,6,109439.82,346,1,3,4,8,Loyal Customers
CUST5115,2025-04-17,3,34003.44,440,1,1,2,4,At Risk
CUST5116,2024-03-10,1,1355.38,843,1,1,1,3,Lost / Churned
CUST5117,2026-05-10,3,25439.309999999998,52,4,1,2,7,Potential Loyalists
CUST5118,2026-03-23,3,31433.57,100,3,1,2,6,Potential Loyalists
CUST5119,2026-04-25,13,164795.35,67,3,4,4,11,Champions
CUST5120,2025-06-01,1,2496.01,395,1,1,1,3,Lost / Churned
CUST5121,2025-11-13,8,77459.17,230,2,4,4,10,Champions
CUST5122,2026-06-12,7,80932.45,19,4,3,4,11,Champions
CUST5123,2026-02-02,5,72040.9,149,2,2,4,8,Loyal Customers
CUST5124,2026-01-30,1,2740.64,152,2,1,1,4,At Risk
CUST5125,2026-01-18,8,72555.47,164,2,4,4,10,Champions
CUST5126,2026-06-30,9,63601.61,1,4,4,3,11,Champions
CUST5127,2026-06-14,7,37361.81,17,4,3,2,9,Loyal Customers
CUST5128,2026-01-13,4,34041.67,169,2,2,2,6,Potential Loyalists
CUST5129,2025-10-07,3,18689.17,267,2,1,1,4,At Risk
CUST5130,2026-06-17,10,94683.65,14,4,4,4,12,Champions
CUST5131,2026-03-04,4,16647.93,119,3,2,1,6,Potential Loyalists
CUST5132,2026-01-22,4,31073.84,160,2,2,2,6,Potential Loyalists
CUST5133,2026-05-23,6,69483.51,39,4,3,3,10,Champions
CUST5134,2026-02-18,10,112101.72,133,3,4,4,11,Champions
CUST5135,2026-06-06,7,67757.01,25,4,3,3,10,Champions
CUST5136,2026-04-15,3,31231.9,77,3,1,2,6,Potential Loyalists
CUST5137,2025-12-24,1,6690.24,189,2,1,1,4,At Risk
CUST5138,2026-05-21,5,53576.17,41,4,2,3,9,Loyal Customers
CUST5139,2026-03-26,6,64795.79,97,3,3,3,9,Loyal Customers
CUST5140,2025-12-18,14,126662.79,195,2,4,4,10,Champions
CUST5141,2026-04-20,7,78255.20999999999,72,3,3,4,10,Champions
CUST5142,2026-03-09,7,66616.51000000001,114,3,3,3,9,Loyal Customers
CUST5143,2026-05-05,7,72268.21,57,3,3,4,10,Champions
CUST5144,2026-06-06,7,85848.0,25,4,3,4,11,Champions
CUST5145,2026-01-02,5,63308.2,180,2,2,3,7,Potential Loyalists
CUST5146,2026-03-10,5,41741.880000000005,113,3,2,2,7,Potential Loyalists
CUST5147,2025-07-20,3,20460.940000000002,346,1,1,1,3,Lost / Churned
CUST5148,2026-01-22,4,33751.399999999994,160,2,2,2,6,Potential Loyalists
CUST5149,2026-05-19,9,44900.58,43,4,4,3,11,Champions
CUST5150,2026-01-06,9,78820.84,176,2,4,4,10,Champions
CUST5151,2024-08-03,1,9169.55,697,1,1,1,3,Lost / Churned
CUST5152,2025-04-25,2,14891.19,432,1,1,1,3,Lost / Churned
CUST5153,2025-09-16,8,65454.15,288,1,4,3,8,Loyal Customers
CUST5154,2025-10-18,2,3096.07,256,2,1,1,4,At Risk
CUST5155,2026-04-15,9,89892.92,77,3,4,4,11,Champions
CUST5156,2026-01-23,5,56901.409999999996,159,2,2,3,7,Potential Loyalists
CUST5157,2026-04-15,4,20514.73,77,3,2,1,6,Potential Loyalists
CUST5158,2025-02-18,7,66111.56,498,1,3,3,7,Potential Loyalists
CUST5159,2025-05-20,1,4896.1,407,1,1,1,3,Lost / Churned
CUST5160,2025-12-24,5,69756.95,189,2,2,3,7,Potential Loyalists
CUST5161,2026-06-01,1,3564.12,30,4,1,1,6,Potential Loyalists
CUST5162,2025-12-20,5,59297.399999999994,193,2,2,3,7,Potential Loyalists
CUST5163,2026-06-06,6,59180.86,25,4,3,3,10,Champions
CUST5164,2026-06-20,6,40680.84,11,4,3,2,9,Loyal Customers
CUST5165,2026-06-02,6,61282.520000000004,29,4,3,3,10,Champions
CUST5166,2026-06-23,4,30945.26,8,4,2,2,8,Loyal Customers
CUST5167,2026-05-26,9,92743.51,36,4,4,4,12,Champions
CUST5168,2025-10-24,3,20111.75,250,2,1,1,4,At Risk
CUST5169,2026-05-14,8,120219.64,48,4,4,4,12,Champions
CUST5170,2024-08-18,1,1448.18,682,1,1,1,3,Lost / Churned
CUST5171,2026-06-26,8,64718.43,5,4,4,3,11,Champions
CUST5172,2025-11-17,5,65255.44,226,2,2,3,7,Potential Loyalists
CUST5173,2025-03-02,1,13588.85,486,1,1,1,3,Lost / Churned
CUST5174,2026-04-11,4,34104.85,81,3,2,2,7,Potential Loyalists
CUST5175,2026-02-14,2,32908.83,137,2,1,2,5,At Risk
CUST5176,2026-06-19,6,69849.45,12,4,3,3,10,Champions
CUST5177,2026-06-01,10,86415.45,30,4,4,4,12,Champions
CUST5178,2026-04-19,6,51634.55,73,3,3,3,9,Loyal Customers
CUST5179,2025-10-08,4,27543.989999999998,266,2,2,2,6,Potential Loyalists
CUST5180,2025-02-26,1,2134.5,490,1,1,1,3,Lost / Churned
CUST5181,2026-03-11,6,63406.66,112,3,3,3,9,Loyal Customers
CUST5182,2026-06-14,8,63987.2,17,4,4,3,11,Champions
CUST5183,2026-06-03,6,44218.16,28,4,3,2,9,Loyal Customers
CUST5184,2026-04-29,2,17936.33,63,3,1,1,5,At Risk
CUST5185,2026-02-11,6,70429.17,140,2,3,3,8,Loyal Customers
CUST5186,2026-04-06,1,4281.48,86,3,1,1,5,At Risk
CUST5187,2026-05-03,4,14985.89,59,3,2,1,6,Potential Loyalists
CUST5188,2026-05-28,3,52854.94,34,4,1,3,8,Loyal Customers
CUST5189,2024-10-28,2,20317.36,611,1,1,1,3,Lost / Churned
CUST5190,2026-06-06,8,79018.34999999999,25,4,4,4,12,Champions
CUST5191,2025-11-01,6,27560.08,242,2,3,2,7,Potential Loyalists
CUST5192,2024-10-27,1,1506.9,612,1,1,1,3,Lost / Churned
CUST5193,2025-12-01,5,33137.880000000005,212,2,2,2,6,Potential Loyalists
CUST5194,2026-04-07,7,91081.38,85,3,3,4,10,Champions
CUST5195,2026-05-08,6,27271.95,54,4,3,2,9,Loyal Customers
CUST5196,2024-10-17,2,16556.82,622,1,1,1,3,Lost / Churned
CUST5197,2026-05-05,7,69378.5,57,3,3,3,9,Loyal Customers
CUST5198,2026-05-02,8,72557.18,60,3,4,4,11,Champions
CUST5199,2025-11-28,7,68764.76,215,2,3,3,8,Loyal Customers
CUST5200,2024-10-28,1,14831.6,611,1,1,1,3,Lost / Churned
CUST5201,2026-05-12,14,171862.98,50,4,4,4,12,Champions
CUST5202,2026-05-25,4,18363.35,37,4,2,1,7,Potential Loyalists
CUST5203,2026-05-08,6,42568.55,54,4,3,2,9,Loyal Customers
CUST5204,2024-05-18,1,9067.99,774,1,1,1,3,Lost / Churned
CUST5205,2025-12-26,15,145039.71,187,2,4,4,10,Champions
CUST5206,2026-04-16,8,72010.02,76,3,4,4,11,Champions
CUST5207,2025-12-14,2,9744.08,199,2,1,1,4,At Risk
CUST5208,2026-06-29,3,50369.16,2,4,1,3,8,Loyal Customers
CUST5209,2026-02-21,5,42050.020000000004,130,3,2,2,7,Potential Loyalists
CUST5210,2026-06-21,10,53333.79,10,4,4,3,11,Champions
CUST5211,2026-05-14,5,43740.579999999994,48,4,2,2,8,Loyal Customers
CUST5212,2026-01-11,4,39000.520000000004,171,2,2,2,6,Potential Loyalists
CUST5213,2025-02-06,3,13837.23,510,1,1,1,3,Lost / Churned
CUST5214,2025-11-12,1,15848.42,231,2,1,1,4,At Risk
CUST5215,2026-06-22,8,44831.83,9,4,4,3,11,Champions
CUST5216,2024-07-02,2,21299.989999999998,729,1,1,1,3,Lost / Churned
CUST5217,2026-05-13,11,74244.82,49,4,4,4,12,Champions
CUST5218,2025-11-23,6,39043.32,220,2,3,2,7,Potential Loyalists
CUST5219,2026-06-16,6,77412.33,15,4,3,4,11,Champions
CUST5220,2026-04-30,7,87848.87,62,3,3,4,10,Champions
CUST5221,2026-03-21,11,115214.51,102,3,4,4,11,Champions
CUST5222,2025-10-19,6,40700.22,255,2,3,2,7,Potential Loyalists
CUST5223,2025-12-09,4,27949.87,204,2,2,2,6,Potential Loyalists
CUST5224,2025-05-17,2,28692.41,410,1,1,2,4,At Risk
CUST5225,2026-05-18,8,91429.3,44,4,4,4,12,Champions
CUST5226,2026-02-04,2,13287.5,147,2,1,1,4,At Risk
CUST5227,2026-04-02,9,109973.08,90,3,4,4,11,Champions
CUST5228,2025-11-10,10,114696.22,233,2,4,4,10,Champions
CUST5229,2024-10-01,1,2324.12,638,1,1,1,3,Lost / Churned
CUST5230,2025-08-11,1,4128.42,324,1,1,1,3,Lost / Churned
CUST5231,2026-05-31,6,56607.28999999999,31,4,3,3,10,Champions
CUST5232,2026-05-04,5,46837.47,58,3,2,3,8,Loyal Customers
CUST5233,2026-01-06,2,14678.99,176,2,1,1,4,At Risk
CUST5234,2026-06-02,10,103561.12,29,4,4,4,12,Champions
CUST5235,2025-06-04,1,6525.68,392,1,1,1,3,Lost / Churned
CUST5236,2025-10-09,3,8169.24,265,2,1,1,4,At Risk
CUST5237,2026-06-15,2,9459.2,16,4,1,1,6,Potential Loyalists
CUST5238,2025-09-26,4,57654.990000000005,278,2,2,3,7,Potential Loyalists
CUST5239,2025-12-13,2,26010.68,200,2,1,2,5,At Risk
CUST5240,2024-09-14,1,5470.66,655,1,1,1,3,Lost / Churned
CUST5241,2026-03-14,1,1510.76,109,3,1,1,5,At Risk
CUST5242,2026-02-17,2,19813.62,134,3,1,1,5,At Risk
CUST5243,2026-06-20,2,16124.67,11,4,1,1,6,Potential Loyalists
CUST5244,2026-04-16,4,39805.06,76,3,2,2,7,Potential Loyalists
CUST5245,2026-04-04,10,77279.8,88,3,4,4,11,Champions
CUST5246,2026-02-21,3,16783.6,130,3,1,1,5,At Risk
CUST5247,2025-07-21,5,34120.95,345,1,2,2,5,At Risk
CUST5248,2026-06-28,14,115819.41,3,4,4,4,12,Champions
CUST5249,2025-07-31,5,28020.489999999998,335,1,2,2,5,At Risk
CUST5250,2025-05-20,7,72057.36,407,1,3,4,8,Loyal Customers
CUST5251,2026-06-02,8,46948.31,29,4,4,3,11,Champions
CUST5252,2026-05-16,9,51766.95,46,4,4,3,11,Champions
CUST5253,2026-01-04,6,43448.6,178,2,3,2,7,Potential Loyalists
CUST5254,2026-05-27,11,113715.53,35,4,4,4,12,Champions
CUST5255,2026-02-12,1,19485.06,139,2,1,1,4,At Risk
CUST5256,2025-08-30,2,30180.11,305,1,1,2,4,At Risk
CUST5257,2026-02-03,8,75683.54,148,2,4,4,10,Champions
CUST5258,2026-03-16,2,7762.45,107,3,1,1,5,At Risk
CUST5259,2026-06-17,8,38687.31,14,4,4,2,10,Champions
CUST5260,2025-10-23,4,24301.86,251,2,2,1,5,At Risk
CUST5261,2025-11-24,3,38613.29,219,2,1,2,5,At Risk
CUST5262,2026-01-29,5,54148.39,153,2,2,3,7,Potential Loyalists
CUST5263,2026-05-08,4,25783.670000000002,54,4,2,2,8,Loyal Customers
CUST5264,2026-04-26,1,1733.02,66,3,1,1,5,At Risk
CUST5265,2026-02-15,4,22757.21,136,3,2,1,6,Potential Loyalists
CUST5266,2026-04-27,6,70994.92,65,3,3,4,10,Champions
CUST5267,2026-01-07,6,65354.26,175,2,3,3,8,Loyal Customers
CUST5268,2024-01-16,1,11730.13,897,1,1,1,3,Lost / Churned
CUST5269,2026-04-13,1,6257.3,79,3,1,1,5,At Risk
CUST5270,2025-07-09,3,13758.880000000001,357,1,1,1,3,Lost / Churned
CUST5271,2026-04-07,6,90492.19,85,3,3,4,10,Champions
CUST5272,2026-05-24,10,93300.05,38,4,4,4,12,Champions
CUST5273,2025-02-06,8,101082.26000000001,510,1,4,4,9,Loyal Customers
CUST5274,2025-03-22,5,20390.87,466,1,2,1,4,At Risk
CUST5275,2024-10-02,3,34432.23,637,1,1,2,4,At Risk
CUST5276,2026-05-22,8,50395.45,40,4,4,3,11,Champions
CUST5277,2025-11-05,3,20617.519999999997,238,2,1,1,4,At Risk
CUST5278,2026-02-08,13,93057.92,143,2,4,4,10,Champions
CUST5279,2026-03-30,6,23103.29,93,3,3,1,7,Potential Loyalists
CUST5280,2026-06-02,9,89084.95,29,4,4,4,12,Champions
CUST5281,2025-05-14,1,31272.64,413,1,1,2,4,At Risk
CUST5282,2025-06-16,2,35116.56,380,1,1,2,4,At Risk
CUST5283,2025-06-15,2,24077.37,381,1,1,1,3,Lost / Churned
CUST5284,2025-04-03,4,42717.51,454,1,2,2,5,At Risk
CUST5285,2025-10-17,3,46840.65,257,2,1,3,6,Potential Loyalists
CUST5286,2025-12-07,3,19148.809999999998,206,2,1,1,4,At Risk
CUST5287,2024-07-04,2,25659.25,727,1,1,2,4,At Risk
CUST5288,2026-06-08,12,89957.37,23,4,4,4,12,Champions
CUST5289,2026-03-21,5,47974.27,102,3,2,3,8,Loyal Customers
CUST5290,2026-05-13,6,73291.36,49,4,3,4,11,Champions
CUST5291,2026-01-19,13,142893.2,163,2,4,4,10,Champions
CUST5292,2026-06-28,7,46045.96,3,4,3,3,10,Champions
CUST5293,2026-05-11,8,68701.93,51,4,4,3,11,Champions
CUST5294,2026-06-30,7,78149.37,1,4,3,4,11,Champions
CUST5295,2026-06-11,6,48091.96,20,4,3,3,10,Champions
CUST5296,2026-01-29,7,33854.57,153,2,3,2,7,Potential Loyalists
CUST5297,2026-02-25,4,63098.44,126,3,2,3,8,Loyal Customers
CUST5298,2025-07-12,3,15384.93,354,1,1,1,3,Lost / Churned
CUST5299,2026-06-09,12,112108.37,22,4,4,4,12,Champions
CUST5300,2026-03-27,3,20637.78,96,3,1,1,5,At Risk
CUST5301,2025-01-26,2,16088.279999999999,521,1,1,1,3,Lost / Churned
CUST5302,2026-06-08,10,89301.94,23,4,4,4,12,Champions
CUST5303,2026-02-13,8,67102.48,138,2,4,3,9,Loyal Customers
CUST5304,2025-10-11,2,29971.42,263,2,1,2,5,At Risk
CUST5305,2025-10-28,8,37218.219999999994,246,2,4,2,8,Loyal Customers
CUST5306,2026-06-06,10,68038.73,25,4,4,3,11,Champions
CUST5307,2024-02-07,2,30827.260000000002,875,1,1,2,4,At Risk
CUST5308,2025-10-31,3,35032.65,243,2,1,2,5,At Risk
CUST5309,2025-04-25,4,33910.87,432,1,2,2,5,At Risk
CUST5310,2025-10-17,3,38557.979999999996,257,2,1,2,5,At Risk
CUST5311,2025-12-14,7,33046.81,199,2,3,2,7,Potential Loyalists
CUST5312,2026-06-28,7,49216.26,3,4,3,3,10,Champions
CUST5313,2026-06-26,7,39676.44,5,4,3,2,9,Loyal Customers
CUST5314,2024-10-28,3,27730.5,611,1,1,2,4,At Risk
CUST5315,2025-06-26,3,44545.1,370,1,1,3,5,At Risk
CUST5316,2025-12-07,5,61358.37,206,2,2,3,7,Potential Loyalists
CUST5317,2026-06-20,16,155691.91,11,4,4,4,12,Champions
CUST5318,2025-11-23,9,83416.11,220,2,4,4,10,Champions
CUST5319,2026-02-10,11,136851.21,141,2,4,4,10,Champions
CUST5320,2026-01-10,7,71310.97,172,2,3,4,9,Loyal Customers
CUST5321,2026-04-22,3,51382.91,70,3,1,3,7,Potential Loyalists
CUST5322,2026-04-06,7,47335.41,86,3,3,3,9,Loyal Customers
CUST5323,2026-05-23,9,73786.45,39,4,4,4,12,Champions
CUST5324,2025-12-31,3,20472.66,182,2,1,1,4,At Risk
CUST5325,2026-06-19,5,53466.310000000005,12,4,2,3,9,Loyal Customers
CUST5326,2026-05-17,7,73064.22,45,4,3,4,11,Champions
CUST5327,2025-07-09,2,38714.55,357,1,1,2,4,At Risk
CUST5328,2026-06-04,12,119948.83,27,4,4,4,12,Champions
CUST5329,2026-01-16,6,63188.22,166,2,3,3,8,Loyal Customers
CUST5330,2026-06-28,6,54906.18,3,4,3,3,10,Champions
CUST5331,2026-02-09,9,82345.69,142,2,4,4,10,Champions
CUST5332,2026-02-19,4,40680.32,132,3,2,2,7,Potential Loyalists
CUST5333,2026-05-29,7,52323.18,33,4,3,3,10,Champions
CUST5334,2026-01-29,5,51449.69,153,2,2,3,7,Potential Loyalists
CUST5335,2026-06-09,9,91471.99,22,4,4,4,12,Champions
CUST5336,2026-01-12,3,26438.300000000003,170,2,1,2,5,At Risk
CUST5337,2025-11-09,5,51825.28,234,2,2,3,7,Potential Loyalists
CUST5338,2025-01-03,5,20927.39,544,1,2,1,4,At Risk
CUST5339,2026-06-10,7,61005.06,21,4,3,3,10,Champions
CUST5340,2026-03-11,2,6957.1,112,3,1,1,5,At Risk
CUST5341,2026-05-24,6,56909.78,38,4,3,3,10,Champions
CUST5342,2026-06-28,2,27503.9,3,4,1,2,7,Potential Loyalists
CUST5343,2026-04-30,12,107455.8,62,3,4,4,11,Champions
CUST5344,2025-02-09,5,40298.6,507,1,2,2,5,At Risk
CUST5345,2025-11-23,7,76108.72,220,2,3,4,9,Loyal Customers
CUST5346,2025-07-25,4,44535.36,341,1,2,3,6,Potential Loyalists
CUST5347,2026-06-20,6,63327.72,11,4,3,3,10,Champions
CUST5348,2026-05-25,6,54379.409999999996,37,4,3,3,10,Champions
CUST5349,2026-03-27,7,63292.65,96,3,3,3,9,Loyal Customers
CUST5350,2026-05-23,11,84587.79000000001,39,4,4,4,12,Champions
CUST5351,2025-01-06,4,82087.34,541,1,2,4,7,Potential Loyalists
CUST5352,2026-05-29,4,32784.29,33,4,2,2,8,Loyal Customers
CUST5353,2025-06-27,11,94606.66,369,1,4,4,9,Loyal Customers
CUST5354,2025-12-17,7,79623.5,196,2,3,4,9,Loyal Customers
CUST5355,2025-02-09,3,25564.46,507,1,1,2,4,At Risk
CUST5356,2026-01-25,7,99134.41,157,2,3,4,9,Loyal Customers
CUST5357,2026-01-22,7,49907.83,160,2,3,3,8,Loyal Customers
CUST5358,2026-01-25,6,75730.65,157,2,3,4,9,Loyal Customers
CUST5359,2026-06-15,13,101790.20999999999,16,4,4,4,12,Champions
CUST5360,2025-12-04,5,47284.93,209,2,2,3,7,Potential Loyalists
CUST5361,2026-03-21,5,79501.51000000001,102,3,2,4,9,Loyal Customers
CUST5362,2025-05-05,4,44368.259999999995,422,1,2,3,6,Potential Loyalists
CUST5363,2024-12-07,2,12705.75,571,1,1,1,3,Lost / Churned
CUST5364,2025-01-26,2,27765.64,521,1,1,2,4,At Risk
CUST5365,2026-03-25,11,121578.93000000001,98,3,4,4,11,Champions
CUST5366,2025-07-07,3,46669.99,359,1,1,3,5,At Risk
CUST5367,2026-02-25,8,68955.69,126,3,4,3,10,Champions
CUST5368,2026-03-17,3,15379.64,106,3,1,1,5,At Risk
CUST5369,2025-03-15,1,4349.52,473,1,1,1,3,Lost / Churned
CUST5370,2025-01-10,3,35149.81,537,1,1,2,4,At Risk
CUST5371,2024-01-17,1,1900.87,896,1,1,1,3,Lost / Churned
CUST5372,2025-12-21,12,93455.98999999999,192,2,4,4,10,Champions
CUST5373,2024-12-02,1,16221.37,576,1,1,1,3,Lost / Churned
CUST5374,2025-04-13,5,53474.85,444,1,2,3,6,Potential Loyalists
CUST5375,2024-01-23,1,23123.07,890,1,1,1,3,Lost / Churned
CUST5376,2026-02-07,1,13094.96,144,2,1,1,4,At Risk
CUST5377,2026-05-11,7,33174.07,51,4,3,2,9,Loyal Customers
CUST5378,2026-05-02,6,33086.11,60,3,3,2,8,Loyal Customers
CUST5379,2026-06-22,12,137276.4,9,4,4,4,12,Champions
CUST5380,2026-06-01,7,62760.44,30,4,3,3,10,Champions
CUST5381,2025-09-13,8,56154.82,291,1,4,3,8,Loyal Customers
CUST5382,2026-06-21,9,72402.32,10,4,4,4,12,Champions
CUST5383,2026-01-23,8,99629.12000000001,159,2,4,4,10,Champions
CUST5384,2026-01-21,3,8205.58,161,2,1,1,4,At Risk
CUST5385,2024-04-28,1,16179.15,794,1,1,1,3,Lost / Churned
CUST5386,2026-06-29,9,86606.95999999999,2,4,4,4,12,Champions
CUST5387,2025-01-16,2,19219.0,531,1,1,1,3,Lost / Churned
CUST5388,2025-12-25,7,70280.11,188,2,3,3,8,Loyal Customers
CUST5389,2026-02-20,8,81262.25,131,3,4,4,11,Champions
CUST5390,2025-12-16,3,29824.579999999998,197,2,1,2,5,At Risk
CUST5391,2026-04-01,9,80751.12,91,3,4,4,11,Champions
CUST5392,2024-10-27,4,50405.33,612,1,2,3,6,Potential Loyalists
CUST5393,2025-08-27,7,102822.51999999999,308,1,3,4,8,Loyal Customers
CUST5394,2025-10-29,8,105166.8,245,2,4,4,10,Champions
CUST5395,2026-02-27,5,53587.78,124,3,2,3,8,Loyal Customers
CUST5396,2025-10-07,9,52219.420000000006,267,2,4,3,9,Loyal Customers
CUST5397,2026-02-04,6,49242.85,147,2,3,3,8,Loyal Customers
CUST5398,2025-12-28,9,80812.64,185,2,4,4,10,Champions
CUST5399,2025-03-13,3,24635.410000000003,475,1,1,1,3,Lost / Churned
CUST5400,2025-09-07,5,60146.229999999996,297,1,2,3,6,Potential Loyalists
CUST5401,2026-01-17,1,3869.14,165,2,1,1,4,At Risk
CUST5402,2026-05-07,5,41210.31,55,3,2,2,7,Potential Loyalists
CUST5403,2026-05-05,4,43218.49,57,3,2,2,7,Potential Loyalists
CUST5404,2025-07-26,4,18923.43,340,1,2,1,4,At Risk
CUST5405,2026-05-14,6,63261.590000000004,48,4,3,3,10,Champions
CUST5406,2025-11-24,3,26659.79,219,2,1,2,5,At Risk
CUST5407,2026-05-10,3,29101.010000000002,52,4,1,2,7,Potential Loyalists
CUST5408,2024-01-28,1,5630.09,885,1,1,1,3,Lost / Churned
CUST5409,2026-03-15,4,48622.03,108,3,2,3,8,Loyal Customers
CUST5410,2025-06-28,4,17286.37,368,1,2,1,4,At Risk
CUST5411,2026-02-11,4,29561.809999999998,140,2,2,2,6,Potential Loyalists
CUST5412,2026-06-04,1,7870.02,27,4,1,1,6,Potential Loyalists
CUST5413,2025-12-08,6,32450.47,205,2,3,2,7,Potential Loyalists
CUST5414,2026-05-28,5,85810.07,34,4,2,4,10,Champions
CUST5415,2026-04-24,8,81112.13,68,3,4,4,11,Champions
CUST5416,2025-08-05,2,33224.31,330,1,1,2,4,At Risk
CUST5417,2025-11-24,6,46501.13,219,2,3,3,8,Loyal Customers
CUST5418,2026-06-16,3,18077.04,15,4,1,1,6,Potential Loyalists
CUST5419,2025-12-31,7,72268.12,182,2,3,4,9,Loyal Customers
CUST5420,2026-04-08,3,39994.41,84,3,1,2,6,Potential Loyalists
CUST5421,2025-08-08,3,39785.119999999995,327,1,1,2,4,At Risk
CUST5422,2026-02-20,7,76622.18000000001,131,3,3,4,10,Champions
CUST5423,2026-04-26,3,25917.96,66,3,1,2,6,Potential Loyalists
CUST5424,2026-02-25,9,113505.44,126,3,4,4,11,Champions
CUST5425,2025-10-24,6,43320.649999999994,250,2,3,2,7,Potential Loyalists
CUST5426,2025-10-10,1,11959.3,264,2,1,1,4,At Risk
CUST5427,2026-04-20,4,44112.36,72,3,2,2,7,Potential Loyalists
CUST5428,2026-01-26,10,115354.08,156,2,4,4,10,Champions
CUST5429,2026-04-28,4,45316.61,64,3,2,3,8,Loyal Customers
CUST5430,2025-06-07,6,72041.81,389,1,3,4,8,Loyal Customers
CUST5431,2026-05-20,8,28558.28,42,4,4,2,10,Champions
CUST5432,2025-03-11,4,36181.9,477,1,2,2,5,At Risk
CUST5433,2026-06-13,4,30397.24,18,4,2,2,8,Loyal Customers
CUST5434,2025-12-11,1,19323.84,202,2,1,1,4,At Risk
CUST5435,2026-04-22,5,55513.24,70,3,2,3,8,Loyal Customers
CUST5436,2026-05-15,12,104020.06999999999,47,4,4,4,12,Champions
CUST5437,2026-04-29,3,46448.17,63,3,1,3,7,Potential Loyalists
CUST5438,2026-02-18,6,58662.740000000005,133,3,3,3,9,Loyal Customers
CUST5439,2026-05-17,3,11192.6,45,4,1,1,6,Potential Loyalists
CUST5440,2025-11-20,3,16577.0,223,2,1,1,4,At Risk
CUST5441,2026-05-13,4,44449.409999999996,49,4,2,3,9,Loyal Customers
CUST5442,2025-07-22,4,31468.22,344,1,2,2,5,At Risk
CUST5443,2026-06-18,8,66813.64,13,4,4,3,11,Champions
CUST5444,2025-02-24,4,46093.89,492,1,2,3,6,Potential Loyalists
CUST5445,2026-06-17,10,76134.45,14,4,4,4,12,Champions
CUST5446,2025-09-13,8,65066.44,291,1,4,3,8,Loyal Customers
CUST5447,2026-06-20,9,108170.72,11,4,4,4,12,Champions
CUST5448,2026-03-22,1,14150.4,101,3,1,1,5,At Risk
CUST5449,2026-05-08,8,53362.46,54,4,4,3,11,Champions
CUST5450,2025-09-14,3,17169.23,290,1,1,1,3,Lost / Churned
CUST5451,2026-02-05,13,161745.31,146,2,4,4,10,Champions
CUST5452,2026-03-21,12,169992.58000000002,102,3,4,4,11,Champions
CUST5453,2026-03-14,6,28940.550000000003,109,3,3,2,8,Loyal Customers
CUST5454,2026-06-01,7,66663.1,30,4,3,3,10,Champions
CUST5455,2025-10-03,3,48879.68,271,2,1,3,6,Potential Loyalists
CUST5456,2026-06-01,9,72490.53,30,4,4,4,12,Champions
CUST5457,2026-04-22,5,57015.64,70,3,2,3,8,Loyal Customers
CUST5458,2025-06-16,4,20412.87,380,1,2,1,4,At Risk
CUST5459,2025-09-18,3,40740.72,286,1,1,2,4,At Risk
CUST5460,2024-11-06,6,64701.61,602,1,3,3,7,Potential Loyalists
CUST5461,2026-02-16,10,130563.06999999999,135,3,4,4,11,Champions
CUST5462,2026-03-06,10,107679.72,117,3,4,4,11,Champions
CUST5463,2026-04-09,9,97455.48,83,3,4,4,11,Champions
CUST5464,2026-04-19,11,84103.12,73,3,4,4,11,Champions
CUST5465,2026-06-27,2,29767.7,4,4,1,2,7,Potential Loyalists
CUST5466,2026-06-09,8,67551.13,22,4,4,3,11,Champions
CUST5467,2025-09-12,8,79692.68,292,1,4,4,9,Loyal Customers
CUST5468,2026-01-31,4,63625.71,151,2,2,3,7,Potential Loyalists
CUST5469,2026-04-13,7,62241.009999999995,79,3,3,3,9,Loyal Customers
CUST5470,2026-04-18,5,37180.9,74,3,2,2,7,Potential Loyalists
CUST5471,2026-02-16,3,11818.41,135,3,1,1,5,At Risk
CUST5472,2026-03-16,3,22866.99,107,3,1,1,5,At Risk
CUST5473,2024-01-16,1,1371.84,897,1,1,1,3,Lost / Churned
CUST5474,2026-06-22,4,50652.64,9,4,2,3,9,Loyal Customers
CUST5475,2024-08-08,2,10286.789999999999,692,1,1,1,3,Lost / Churned
CUST5476,2025-05-07,1,3323.08,420,1,1,1,3,Lost / Churned
CUST5477,2026-06-20,3,21696.31,11,4,1,1,6,Potential Loyalists
CUST5478,2026-06-26,13,146506.76,5,4,4,4,12,Champions
CUST5479,2026-02-09,2,22263.550000000003,142,2,1,1,4,At Risk
CUST5480,2024-12-22,2,24046.51,556,1,1,1,3,Lost / Churned
CUST5481,2024-08-27,1,600.48,673,1,1,1,3,Lost / Churned
CUST5482,2025-06-29,1,31996.52,367,1,1,2,4,At Risk
CUST5483,2025-11-23,3,32641.02,220,2,1,2,5,At Risk
CUST5484,2026-01-29,4,54745.67999999999,153,2,2,3,7,Potential Loyalists
CUST5485,2026-06-18,4,12354.08,13,4,2,1,7,Potential Loyalists
CUST5486,2026-06-02,5,74012.3,29,4,2,4,10,Champions
CUST5487,2026-01-02,8,71266.74,180,2,4,4,10,Champions
CUST5488,2025-12-06,4,37181.21,207,2,2,2,6,Potential Loyalists
CUST5489,2026-05-12,11,91166.70999999999,50,4,4,4,12,Champions
CUST5490,2026-06-19,14,155794.78,12,4,4,4,12,Champions
CUST5491,2024-03-23,2,14743.279999999999,830,1,1,1,3,Lost / Churned
CUST5492,2024-02-12,1,11077.81,870,1,1,1,3,Lost / Churned
CUST5493,2026-01-20,2,14092.080000000002,162,2,1,1,4,At Risk
CUST5494,2026-06-02,6,56022.119999999995,29,4,3,3,10,Champions
CUST5495,2025-01-21,2,15161.85,526,1,1,1,3,Lost / Churned
CUST5496,2026-06-01,6,47066.229999999996,30,4,3,3,10,Champions
CUST5497,2026-06-21,12,89972.31999999999,10,4,4,4,12,Champions
CUST5498,2026-04-13,3,28776.980000000003,79,3,1,2,6,Potential Loyalists
CUST5499,2025-09-21,1,27990.36,283,2,1,2,5,At Risk
CUST5500,2026-03-05,4,35492.130000000005,118,3,2,2,7,Potential Loyalists
CUST5501,2026-06-12,9,78789.3,19,4,4,4,12,Champions
CUST5502,2026-05-31,4,20416.84,31,4,2,1,7,Potential Loyalists
CUST5503,2026-04-06,4,52476.87,86,3,2,3,8,Loyal Customers
CUST5504,2025-04-01,1,4502.73,456,1,1,1,3,Lost / Churned
CUST5505,2025-02-05,5,36635.729999999996,511,1,2,2,5,At Risk
CUST5506,2025-12-04,4,21412.050000000003,209,2,2,1,5,At Risk
CUST5507,2026-05-14,8,71738.49,48,4,4,4,12,Champions
CUST5508,2025-05-03,2,18522.12,424,1,1,1,3,Lost / Churned
CUST5509,2024-06-12,1,2689.27,749,1,1,1,3,Lost / Churned
CUST5510,2025-08-17,4,35261.56,318,1,2,2,5,At Risk
CUST5511,2025-07-30,5,43999.0,336,1,2,2,5,At Risk
CUST5512,2026-02-28,9,72626.36,123,3,4,4,11,Champions
CUST5513,2026-04-13,7,46164.17,79,3,3,3,9,Loyal Customers
CUST5514,2026-05-26,9,51127.840000000004,36,4,4,3,11,Champions
CUST5515,2026-05-18,8,48850.84,44,4,4,3,11,Champions
CUST5516,2026-05-25,4,50641.91,37,4,2,3,9,Loyal Customers
CUST5517,2026-04-24,3,27793.050000000003,68,3,1,2,6,Potential Loyalists
CUST5518,2026-05-03,8,125531.89,59,3,4,4,11,Champions
CUST5519,2025-09-21,2,11334.58,283,2,1,1,4,At Risk
CUST5520,2026-05-27,13,85162.44,35,4,4,4,12,Champions
CUST5521,2025-07-22,1,2966.29,344,1,1,1,3,Lost / Churned
CUST5522,2026-04-03,6,53634.73,89,3,3,3,9,Loyal Customers
CUST5523,2026-01-03,1,14791.33,179,2,1,1,4,At Risk
CUST5524,2026-06-23,6,26679.010000000002,8,4,3,2,9,Loyal Customers
CUST5525,2024-11-28,1,2164.1,580,1,1,1,3,Lost / Churned
CUST5526,2026-02-08,5,53151.71,143,2,2,3,7,Potential Loyalists
CUST5527,2026-06-04,4,21785.34,27,4,2,1,7,Potential Loyalists
CUST5528,2025-11-10,7,60107.119999999995,233,2,3,3,8,Loyal Customers
CUST5529,2026-03-10,4,51452.31,113,3,2,3,8,Loyal Customers
CUST5530,2025-07-29,5,52635.08,337,1,2,3,6,Potential Loyalists
CUST5531,2026-04-26,9,125193.16,66,3,4,4,11,Champions
CUST5532,2026-02-21,6,51484.810000000005,130,3,3,3,9,Loyal Customers
CUST5533,2026-02-02,12,109757.19,149,2,4,4,10,Champions
CUST5534,2026-06-16,8,101259.03,15,4,4,4,12,Champions
CUST5535,2026-04-02,11,108253.66,90,3,4,4,11,Champions
CUST5536,2026-06-23,5,58563.22,8,4,2,3,9,Loyal Customers
CUST5537,2024-10-01,5,33629.61,638,1,2,2,5,At Risk
CUST5538,2026-04-25,6,82311.61,67,3,3,4,10,Champions
CUST5539,2026-06-21,4,27040.579999999998,10,4,2,2,8,Loyal Customers
CUST5540,2025-02-16,1,6208.03,500,1,1,1,3,Lost / Churned
CUST5541,2026-06-05,1,3859.24,26,4,1,1,6,Potential Loyalists
CUST5542,2025-01-19,3,17645.34,528,1,1,1,3,Lost / Churned
CUST5543,2025-06-06,1,14096.84,390,1,1,1,3,Lost / Churned
CUST5544,2026-03-10,9,102247.72,113,3,4,4,11,Champions
CUST5545,2024-06-19,1,2652.48,742,1,1,1,3,Lost / Churned
CUST5546,2026-02-13,9,113470.64,138,2,4,4,10,Champions
CUST5547,2026-02-04,9,81566.94,147,2,4,4,10,Champions
CUST5548,2026-02-24,6,68440.85,127,3,3,3,9,Loyal Customers
CUST5549,2025-03-17,1,10547.51,471,1,1,1,3,Lost / Churned
CUST5550,2026-03-13,6,65299.07000000001,110,3,3,3,9,Loyal Customers
CUST5551,2026-03-24,2,14597.2,99,3,1,1,5,At Risk
CUST5552,2026-06-19,9,40544.67,12,4,4,2,10,Champions
CUST5553,2024-08-06,1,25132.78,694,1,1,2,4,At Risk
CUST5554,2024-01-15,1,22626.48,898,1,1,1,3,Lost / Churned
CUST5555,2025-09-22,5,35914.32,282,2,2,2,6,Potential Loyalists
CUST5556,2026-04-20,10,96707.15,72,3,4,4,11,Champions
CUST5557,2026-05-12,3,22554.7,50,4,1,1,6,Potential Loyalists
CUST5558,2026-04-15,13,149399.56,77,3,4,4,11,Champions
CUST5559,2026-05-29,2,17746.66,33,4,1,1,6,Potential Loyalists
CUST5560,2026-05-15,6,50044.450000000004,47,4,3,3,10,Champions
CUST5561,2025-12-24,6,77890.65000000001,189,2,3,4,9,Loyal Customers
CUST5562,2026-06-08,11,119036.45,23,4,4,4,12,Champions
CUST5563,2025-05-17,3,28432.3,410,1,1,2,4,At Risk
CUST5564,2025-08-24,5,32583.71,311,1,2,2,5,At Risk
CUST5565,2024-09-24,1,20400.84,645,1,1,1,3,Lost / Churned
CUST5566,2025-12-16,3,51921.56,197,2,1,3,6,Potential Loyalists
CUST5567,2025-11-03,4,66157.61,240,2,2,3,7,Potential Loyalists
CUST5568,2025-07-26,5,29664.489999999998,340,1,2,2,5,At Risk
CUST5569,2026-01-27,5,40986.17,155,2,2,2,6,Potential Loyalists
CUST5570,2026-02-16,3,29578.79,135,3,1,2,6,Potential Loyalists
CUST5571,2026-01-24,6,45496.799999999996,158,2,3,3,8,Loyal Customers
CUST5572,2024-09-14,1,16549.81,655,1,1,1,3,Lost / Churned
CUST5573,2024-07-10,1,23954.78,721,1,1,1,3,Lost / Churned
CUST5574,2025-12-31,7,106351.68,182,2,3,4,9,Loyal Customers
CUST5575,2026-05-21,8,79410.04000000001,41,4,4,4,12,Champions
CUST5576,2025-12-25,7,103121.28,188,2,3,4,9,Loyal Customers
CUST5577,2026-01-25,3,28636.9,157,2,1,2,5,At Risk
CUST5578,2026-02-15,3,12270.08,136,3,1,1,5,At Risk
CUST5579,2025-07-29,3,34426.130000000005,337,1,1,2,4,At Risk
CUST5580,2025-02-15,4,62379.16,501,1,2,3,6,Potential Loyalists
CUST5581,2026-03-05,6,75162.53,118,3,3,4,10,Champions
CUST5582,2026-01-14,4,31605.82,168,2,2,2,6,Potential Loyalists
CUST5583,2025-12-20,13,166304.82,193,2,4,4,10,Champions
CUST5584,2026-04-25,4,19927.1,67,3,2,1,6,Potential Loyalists
CUST5585,2026-06-28,8,44895.44,3,4,4,3,11,Champions
CUST5586,2026-06-17,18,162118.72,14,4,4,4,12,Champions
CUST5587,2025-07-01,5,51011.71,365,1,2,3,6,Potential Loyalists
CUST5588,2025-06-25,3,32320.059999999998,371,1,1,2,4,At Risk
CUST5589,2026-01-09,2,4950.32,173,2,1,1,4,At Risk
CUST5590,2026-02-14,2,29141.64,137,2,1,2,5,At Risk
CUST5591,2026-06-07,6,35036.8,24,4,3,2,9,Loyal Customers
CUST5592,2026-06-09,7,53866.55,22,4,3,3,10,Champions
CUST5593,2025-12-31,7,47955.850000000006,182,2,3,3,8,Loyal Customers
CUST5594,2025-03-09,1,12061.33,479,1,1,1,3,Lost / Churned
CUST5595,2026-05-27,3,53564.159999999996,35,4,1,3,8,Loyal Customers
CUST5596,2026-06-05,14,156936.2,26,4,4,4,12,Champions
CUST5597,2025-06-29,2,17640.67,367,1,1,1,3,Lost / Churned
CUST5598,2025-08-08,2,25463.42,327,1,1,2,4,At Risk
CUST5599,2026-06-11,8,102636.78,20,4,4,4,12,Champions
CUST5600,2025-12-02,2,35185.8,211,2,1,2,5,At Risk
CUST5601,2026-06-17,12,86529.31,14,4,4,4,12,Champions
CUST5602,2026-03-29,2,20930.120000000003,94,3,1,1,5,At Risk
CUST5603,2026-02-18,3,30191.64,133,3,1,2,6,Potential Loyalists
CUST5604,2025-04-20,2,32434.22,437,1,1,2,4,At Risk
CUST5605,2026-06-19,4,50318.729999999996,12,4,2,3,9,Loyal Customers
CUST5606,2026-01-16,11,99156.46,166,2,4,4,10,Champions
CUST5607,2026-01-09,5,76481.78,173,2,2,4,8,Loyal Customers
CUST5608,2025-10-05,5,35035.88,269,2,2,2,6,Potential Loyalists
CUST5609,2026-06-28,7,57800.24,3,4,3,3,10,Champions
CUST5610,2026-03-17,10,88906.93000000001,106,3,4,4,11,Champions
CUST5611,2026-06-16,13,102976.84999999999,15,4,4,4,12,Champions
CUST5612,2026-02-20,8,91432.69,131,3,4,4,11,Champions
CUST5613,2026-05-15,3,33384.47,47,4,1,2,7,Potential Loyalists
CUST5614,2025-05-01,4,31411.280000000002,426,1,2,2,5,At Risk
CUST5615,2026-03-30,8,87152.63,93,3,4,4,11,Champions
CUST5616,2025-04-27,4,70430.75,430,1,2,3,6,Potential Loyalists
CUST5617,2026-01-22,8,88571.66,160,2,4,4,10,Champions
CUST5618,2026-01-10,2,14387.77,172,2,1,1,4,At Risk
CUST5619,2026-05-14,11,111493.98999999999,48,4,4,4,12,Champions
CUST5620,2026-06-24,7,49125.17,7,4,3,3,10,Champions
CUST5621,2026-05-24,4,55650.94,38,4,2,3,9,Loyal Customers
CUST5622,2025-12-21,7,131244.87,192,2,3,4,9,Loyal Customers
CUST5623,2024-10-09,2,20193.88,630,1,1,1,3,Lost / Churned
CUST5624,2026-06-23,5,39622.46,8,4,2,2,8,Loyal Customers
CUST5625,2026-06-02,6,46768.2,29,4,3,3,10,Champions
CUST5626,2026-04-12,4,68217.83,80,3,2,3,8,Loyal Customers
CUST5627,2026-03-07,7,56223.909999999996,116,3,3,3,9,Loyal Customers
CUST5628,2025-06-03,1,19225.32,393,1,1,1,3,Lost / Churned
CUST5629,2026-06-22,4,56394.75,9,4,2,3,9,Loyal Customers
CUST5630,2026-06-17,7,95723.04,14,4,3,4,11,Champions
CUST5631,2025-12-20,5,40857.53,193,2,2,2,6,Potential Loyalists
CUST5632,2026-04-18,9,127725.3,74,3,4,4,11,Champions
CUST5633,2025-07-13,3,23487.989999999998,353,1,1,1,3,Lost / Churned
CUST5634,2024-02-18,1,4526.88,864,1,1,1,3,Lost / Churned
CUST5635,2026-06-10,9,97999.03,21,4,4,4,12,Champions
CUST5636,2025-07-23,3,22902.16,343,1,1,1,3,Lost / Churned
CUST5637,2026-04-24,7,84424.98999999999,68,3,3,4,10,Champions
CUST5638,2026-01-20,2,32215.9,162,2,1,2,5,At Risk
CUST5639,2026-01-14,3,29395.739999999998,168,2,1,2,5,At Risk
CUST5640,2025-08-02,6,84845.4,333,1,3,4,8,Loyal Customers
CUST5641,2024-10-06,2,39227.96,633,1,1,2,4,At Risk
CUST5642,2024-01-28,1,5687.31,885,1,1,1,3,Lost / Churned
CUST5643,2024-03-23,2,7858.01,830,1,1,1,3,Lost / Churned
CUST5644,2025-03-08,4,22601.050000000003,480,1,2,1,4,At Risk
CUST5645,2025-07-20,3,42027.22,346,1,1,2,4,At Risk
CUST5646,2025-01-10,1,7588.64,537,1,1,1,3,Lost / Churned
CUST5647,2025-12-27,4,38094.3,186,2,2,2,6,Potential Loyalists
CUST5648,2026-05-25,8,105396.88,37,4,4,4,12,Champions
CUST5649,2026-04-23,4,67352.65,69,3,2,3,8,Loyal Customers
CUST5650,2024-03-04,1,5429.46,849,1,1,1,3,Lost / Churned
CUST5651,2026-03-07,6,56682.55,116,3,3,3,9,Loyal Customers
CUST5652,2025-10-30,4,37172.85,244,2,2,2,6,Potential Loyalists
CUST5653,2026-05-02,8,71582.25,60,3,4,4,11,Champions
CUST5654,2026-05-12,1,8415.65,50,4,1,1,6,Potential Loyalists
CUST5655,2024-08-06,4,34246.880000000005,694,1,2,2,5,At Risk
CUST5656,2025-09-26,3,32344.42,278,2,1,2,5,At Risk
CUST5657,2026-03-23,8,74274.73,100,3,4,4,11,Champions
CUST5658,2025-05-26,3,34745.94,401,1,1,2,4,At Risk
CUST5659,2026-05-23,9,85855.87,39,4,4,4,12,Champions
CUST5660,2026-03-15,6,71710.14,108,3,3,4,10,Champions
CUST5661,2025-07-20,3,4628.38,346,1,1,1,3,Lost / Churned
CUST5662,2026-04-29,6,58569.259999999995,63,3,3,3,9,Loyal Customers
CUST5663,2026-06-16,10,113568.72,15,4,4,4,12,Champions
CUST5664,2025-10-21,2,10898.75,253,2,1,1,4,At Risk
CUST5665,2025-01-04,1,3050.54,543,1,1,1,3,Lost / Churned
CUST5666,2026-05-22,4,38239.52,40,4,2,2,8,Loyal Customers
CUST5667,2026-03-06,4,37032.83,117,3,2,2,7,Potential Loyalists
CUST5668,2026-06-10,3,53047.42999999999,21,4,1,3,8,Loyal Customers
CUST5669,2026-01-27,10,104901.7,155,2,4,4,10,Champions
CUST5670,2026-05-22,10,57823.63,40,4,4,3,11,Champions
CUST5671,2026-01-28,6,64569.579999999994,154,2,3,3,8,Loyal Customers
CUST5672,2025-04-10,2,6980.84,447,1,1,1,3,Lost / Churned
CUST5673,2025-12-08,3,28923.07,205,2,1,2,5,At Risk
CUST5674,2025-12-19,3,19924.4,194,2,1,1,4,At Risk
CUST5675,2025-10-04,3,50042.17,270,2,1,3,6,Potential Loyalists
CUST5676,2025-08-20,9,109537.15,315,1,4,4,9,Loyal Customers
CUST5677,2026-01-03,2,9182.5,179,2,1,1,4,At Risk
CUST5678,2026-01-07,6,48350.35,175,2,3,3,8,Loyal Customers
CUST5679,2024-09-29,1,4816.87,640,1,1,1,3,Lost / Churned
CUST5680,2026-05-23,7,69715.63,39,4,3,3,10,Champions
CUST5681,2026-04-19,6,62640.76,73,3,3,3,9,Loyal Customers
CUST5682,2026-04-05,4,22370.89,87,3,2,1,6,Potential Loyalists
CUST5683,2026-06-01,4,22862.03,30,4,2,1,7,Potential Loyalists
CUST5684,2026-02-03,3,23706.4,148,2,1,1,4,At Risk
CUST5685,2025-04-06,2,1570.58,451,1,1,1,3,Lost / Churned
CUST5686,2026-06-02,1,747.61,29,4,1,1,6,Potential Loyalists
CUST5687,2026-05-21,4,17012.25,41,4,2,1,7,Potential Loyalists
CUST5688,2026-01-07,2,23822.170000000002,175,2,1,1,4,At Risk
CUST5689,2026-04-24,11,109689.82,68,3,4,4,11,Champions
CUST5690,2026-01-01,3,33763.46,181,2,1,2,5,At Risk
CUST5691,2026-02-05,5,45490.47,146,2,2,3,7,Potential Loyalists
CUST5692,2025-05-21,3,25468.14,406,1,1,2,4,At Risk
CUST5693,2024-12-29,2,7307.56,549,1,1,1,3,Lost / Churned
CUST5694,2025-08-20,9,69951.58,315,1,4,3,8,Loyal Customers
CUST5695,2026-03-12,6,66650.42,111,3,3,3,9,Loyal Customers
CUST5696,2026-04-15,4,33364.9,77,3,2,2,7,Potential Loyalists
CUST5697,2026-05-26,6,46645.64,36,4,3,3,10,Champions
CUST5698,2026-05-08,7,86834.61,54,4,3,4,11,Champions
CUST5699,2026-05-17,2,16032.369999999999,45,4,1,1,6,Potential Loyalists
CUST5700,2024-11-03,1,12170.6,605,1,1,1,3,Lost / Churned
CUST5701,2024-11-05,2,14241.8,603,1,1,1,3,Lost / Churned
CUST5702,2025-04-14,3,25572.930000000004,443,1,1,2,4,At Risk
CUST5703,2025-12-19,11,100530.17,194,2,4,4,10,Champions
CUST5704,2025-03-03,4,37876.73,485,1,2,2,5,At Risk
CUST5705,2026-03-23,8,98856.3,100,3,4,4,11,Champions
CUST5706,2025-09-02,1,11972.14,302,1,1,1,3,Lost / Churned
CUST5707,2026-01-07,2,16651.27,175,2,1,1,4,At Risk
CUST5708,2026-05-17,8,80078.74,45,4,4,4,12,Champions
CUST5709,2026-01-15,6,68037.41,167,2,3,3,8,Loyal Customers
CUST5710,2026-05-05,10,121376.4,57,3,4,4,11,Champions
CUST5711,2025-05-24,5,47665.42,403,1,2,3,6,Potential Loyalists
CUST5712,2025-10-05,3,31610.949999999997,269,2,1,2,5,At Risk
CUST5713,2026-01-26,4,49339.159999999996,156,2,2,3,7,Potential Loyalists
CUST5714,2025-11-29,7,64306.53,214,2,3,3,8,Loyal Customers
CUST5715,2025-02-19,4,17089.059999999998,497,1,2,1,4,At Risk
CUST5716,2026-01-05,3,54496.97,177,2,1,3,6,Potential Loyalists
CUST5717,2025-03-04,2,12184.84,484,1,1,1,3,Lost / Churned
CUST5718,2025-11-01,4,33039.17,242,2,2,2,6,Potential Loyalists
CUST5719,2025-12-14,5,55230.59,199,2,2,3,7,Potential Loyalists
CUST5720,2025-12-27,11,77138.36,186,2,4,4,10,Champions
CUST5721,2025-02-25,4,46853.78,491,1,2,3,6,Potential Loyalists
CUST5722,2026-01-20,5,57311.119999999995,162,2,2,3,7,Potential Loyalists
CUST5723,2026-06-04,6,55701.060000000005,27,4,3,3,10,Champions
CUST5724,2026-03-13,6,69720.54,110,3,3,3,9,Loyal Customers
CUST5725,2025-12-29,5,67536.11,184,2,2,3,7,Potential Loyalists
CUST5726,2026-03-24,5,41012.21,99,3,2,2,7,Potential Loyalists
CUST5727,2025-06-24,9,85581.5,372,1,4,4,9,Loyal Customers
CUST5728,2025-10-30,6,59943.22,244,2,3,3,8,Loyal Customers
CUST5729,2026-04-30,6,67629.85,62,3,3,3,9,Loyal Customers
CUST5730,2026-03-23,7,59881.11,100,3,3,3,9,Loyal Customers
CUST5731,2026-06-16,12,130277.94,15,4,4,4,12,Champions
CUST5732,2025-10-07,3,36433.55,267,2,1,2,5,At Risk
CUST5733,2025-12-09,4,31330.01,204,2,2,2,6,Potential Loyalists
CUST5734,2026-03-13,7,67007.27,110,3,3,3,9,Loyal Customers
CUST5735,2026-01-23,1,21052.56,159,2,1,1,4,At Risk
CUST5736,2025-12-24,3,30468.799999999996,189,2,1,2,5,At Risk
CUST5737,2025-01-15,2,32965.59,532,1,1,2,4,At Risk
CUST5738,2025-04-03,1,4875.09,454,1,1,1,3,Lost / Churned
CUST5739,2025-09-13,3,44584.19,291,1,1,3,5,At Risk
CUST5740,2026-04-22,6,83454.61,70,3,3,4,10,Champions
CUST5741,2025-11-05,6,67607.21,238,2,3,3,8,Loyal Customers
CUST5742,2025-12-08,8,61896.87,205,2,4,3,9,Loyal Customers
CUST5743,2025-10-03,7,80631.15,271,2,3,4,9,Loyal Customers
CUST5744,2025-12-05,3,46272.89,208,2,1,3,6,Potential Loyalists
CUST5745,2025-08-23,4,21538.28,312,1,2,1,4,At Risk
CUST5746,2026-06-27,4,50018.96,4,4,2,3,9,Loyal Customers
CUST5747,2024-07-13,3,38550.17,718,1,1,2,4,At Risk
CUST5748,2026-06-13,1,1283.96,18,4,1,1,6,Potential Loyalists
CUST5749,2025-11-04,4,25958.02,239,2,2,2,6,Potential Loyalists
CUST5750,2026-06-26,8,51591.35,5,4,4,3,11,Champions
CUST5751,2025-05-02,1,4205.65,425,1,1,1,3,Lost / Churned
CUST5752,2026-02-23,4,44192.520000000004,128,3,2,2,7,Potential Loyalists
CUST5753,2026-06-01,10,38369.22,30,4,4,2,10,Champions
CUST5754,2025-07-24,4,39499.72,342,1,2,2,5,At Risk
CUST5755,2025-12-10,7,54013.46,203,2,3,3,8,Loyal Customers
CUST5756,2026-03-19,8,58962.6,104,3,4,3,10,Champions
CUST5757,2025-11-05,4,31636.6,238,2,2,2,6,Potential Loyalists
CUST5758,2026-06-08,5,33271.049999999996,23,4,2,2,8,Loyal Customers
CUST5759,2024-08-25,1,8119.12,675,1,1,1,3,Lost / Churned
CUST5760,2026-04-25,3,21598.82,67,3,1,1,5,At Risk
CUST5761,2026-05-19,16,117672.87,43,4,4,4,12,Champions
CUST5762,2026-06-11,2,6894.89,20,4,1,1,6,Potential Loyalists
CUST5763,2026-06-19,10,160168.28,12,4,4,4,12,Champions
CUST5764,2025-10-01,5,36779.68,273,2,2,2,6,Potential Loyalists
CUST5765,2025-10-26,3,21317.16,248,2,1,1,4,At Risk
CUST5766,2026-03-07,6,52394.729999999996,116,3,3,3,9,Loyal Customers
CUST5767,2026-06-25,9,48941.15,6,4,4,3,11,Champions
CUST5768,2026-05-16,7,37682.65,46,4,3,2,9,Loyal Customers
CUST5769,2025-12-30,1,13135.44,183,2,1,1,4,At Risk
CUST5770,2026-06-20,16,169448.08,11,4,4,4,12,Champions
CUST5771,2025-10-18,11,105234.61,256,2,4,4,10,Champions
CUST5772,2026-04-23,4,52425.78,69,3,2,3,8,Loyal Customers
CUST5773,2026-06-23,7,60865.130000000005,8,4,3,3,10,Champions
CUST5774,2026-05-11,1,3240.27,51,4,1,1,6,Potential Loyalists
CUST5775,2026-01-01,6,66120.23,181,2,3,3,8,Loyal Customers
CUST5776,2026-02-20,6,59621.299999999996,131,3,3,3,9,Loyal Customers
CUST5777,2026-03-26,7,76014.75,97,3,3,4,10,Champions
CUST5778,2024-02-27,1,5768.32,855,1,1,1,3,Lost / Churned
CUST5779,2026-04-04,3,29495.11,88,3,1,2,6,Potential Loyalists
CUST5780,2026-04-08,2,15626.65,84,3,1,1,5,At Risk
CUST5781,2026-03-18,3,30482.43,105,3,1,2,6,Potential Loyalists
CUST5782,2026-03-02,6,87520.39,121,3,3,4,10,Champions
CUST5783,2026-02-01,4,34099.61,150,2,2,2,6,Potential Loyalists
CUST5784,2025-12-06,8,90968.92,207,2,4,4,10,Champions
CUST5785,2025-11-03,2,14072.810000000001,240,2,1,1,4,At Risk
CUST5786,2026-06-10,11,67943.78,21,4,4,3,11,Champions
CUST5787,2026-04-26,2,8025.94,66,3,1,1,5,At Risk
CUST5788,2026-06-14,4,54270.36,17,4,2,3,9,Loyal Customers
CUST5789,2026-01-18,7,87921.07999999999,164,2,3,4,9,Loyal Customers
CUST5790,2026-05-19,4,52241.63,43,4,2,3,9,Loyal Customers
CUST5791,2025-09-02,5,54744.049999999996,302,1,2,3,6,Potential Loyalists
CUST5792,2025-08-04,5,29155.739999999998,331,1,2,2,5,At Risk
CUST5793,2025-11-09,2,33446.58,234,2,1,2,5,At Risk
CUST5794,2026-06-03,4,27282.660000000003,28,4,2,2,8,Loyal Customers
CUST5795,2025-11-10,4,38205.04,233,2,2,2,6,Potential Loyalists
CUST5796,2026-05-24,9,93420.59,38,4,4,4,12,Champions
CUST5797,2025-04-05,2,11378.8,452,1,1,1,3,Lost / Churned
CUST5798,2026-01-05,3,18110.43,177,2,1,1,4,At Risk
CUST5799,2026-01-05,3,33939.81,177,2,1,2,5,At Risk
CUST5800,2026-05-19,6,39312.94,43,4,3,2,9,Loyal Customers
CUST5801,2025-08-12,3,46734.51,323,1,1,3,5,At Risk
CUST5802,2026-06-03,3,27551.269999999997,28,4,1,2,7,Potential Loyalists
CUST5803,2026-06-26,13,109443.66,5,4,4,4,12,Champions
CUST5804,2025-05-29,4,43303.07,398,1,2,2,5,At Risk
CUST5805,2025-10-15,3,58826.09,259,2,1,3,6,Potential Loyalists
CUST5806,2025-07-27,6,45693.4,339,1,3,3,7,Potential Loyalists
CUST5807,2026-03-28,5,41797.98,95,3,2,2,7,Potential Loyalists
CUST5808,2026-05-22,20,164780.09,40,4,4,4,12,Champions
CUST5809,2026-06-25,8,84526.2,6,4,4,4,12,Champions
CUST5810,2026-03-01,4,45599.51,122,3,2,3,8,Loyal Customers
CUST5811,2024-11-05,1,7564.58,603,1,1,1,3,Lost / Churned
CUST5812,2024-03-09,1,10481.54,844,1,1,1,3,Lost / Churned
CUST5813,2026-03-20,4,24772.77,103,3,2,1,6,Potential Loyalists
CUST5814,2026-05-13,3,36699.92,49,4,1,2,7,Potential Loyalists
CUST5815,2025-12-03,6,31574.25,210,2,3,2,7,Potential Loyalists
CUST5816,2026-06-19,9,88245.59,12,4,4,4,12,Champions
CUST5817,2026-04-02,6,49049.77,90,3,3,3,9,Loyal Customers
CUST5818,2025-07-20,8,130399.83,346,1,4,4,9,Loyal Customers
CUST5819,2026-04-29,8,66198.32,63,3,4,3,10,Champions
CUST5820,2026-05-30,10,104507.33,32,4,4,4,12,Champions
CUST5821,2024-12-13,5,27628.18,565,1,2,2,5,At Risk
CUST5822,2026-01-13,8,58629.41,169,2,4,3,9,Loyal Customers
CUST5823,2026-03-15,8,53877.06,108,3,4,3,10,Champions
CUST5824,2025-06-05,3,11436.599999999999,391,1,1,1,3,Lost / Churned
CUST5825,2025-07-30,4,42600.4,336,1,2,2,5,At Risk
CUST5826,2026-06-28,5,41874.11,3,4,2,2,8,Loyal Customers
CUST5827,2025-05-31,2,9395.45,396,1,1,1,3,Lost / Churned
CUST5828,2026-02-16,6,58056.0,135,3,3,3,9,Loyal Customers
CUST5829,2026-05-16,13,128214.71,46,4,4,4,12,Champions
CUST5830,2026-06-15,9,99625.76000000001,16,4,4,4,12,Champions
CUST5831,2026-05-16,6,59140.06,46,4,3,3,10,Champions
CUST5832,2025-12-06,4,16983.47,207,2,2,1,5,At Risk
CUST5833,2026-05-16,2,21281.52,46,4,1,1,6,Potential Loyalists
CUST5834,2026-05-25,6,69491.11,37,4,3,3,10,Champions
CUST5835,2026-03-04,5,56398.9,119,3,2,3,8,Loyal Customers
CUST5836,2025-12-17,4,50002.68,196,2,2,3,7,Potential Loyalists
CUST5837,2026-03-08,5,96076.08,115,3,2,4,9,Loyal Customers
CUST5838,2025-08-23,5,58804.19,312,1,2,3,6,Potential Loyalists
CUST5839,2025-12-02,3,32237.510000000002,211,2,1,2,5,At Risk
CUST5840,2026-06-11,12,97250.49,20,4,4,4,12,Champions
CUST5841,2025-09-12,5,59630.07,292,1,2,3,6,Potential Loyalists
CUST5842,2026-06-09,5,42119.63,22,4,2,2,8,Loyal Customers
CUST5843,2025-06-10,5,61348.17,386,1,2,3,6,Potential Loyalists
CUST5844,2025-04-08,2,27109.86,449,1,1,2,4,At Risk
CUST5845,2024-02-22,2,17836.84,860,1,1,1,3,Lost / Churned
CUST5846,2025-03-15,4,29435.63,473,1,2,2,5,At Risk
CUST5847,2025-05-02,2,19639.989999999998,425,1,1,1,3,Lost / Churned
CUST5848,2026-03-17,5,59133.89,106,3,2,3,8,Loyal Customers
CUST5849,2026-02-03,10,92877.94,148,2,4,4,10,Champions
CUST5850,2026-01-02,3,18897.89,180,2,1,1,4,At Risk
CUST5851,2026-05-18,6,88565.68,44,4,3,4,11,Champions
CUST5852,2025-09-12,2,31436.63,292,1,1,2,4,At Risk
CUST5853,2026-04-01,4,72911.43,91,3,2,4,9,Loyal Customers
CUST5854,2025-08-13,2,14058.89,322,1,1,1,3,Lost / Churned
CUST5855,2025-02-14,4,12747.38,502,1,2,1,4,At Risk
CUST5856,2026-04-17,10,60007.3,75,3,4,3,10,Champions
CUST5857,2025-02-02,6,30777.07,514,1,3,2,6,Potential Loyalists
CUST5858,2026-06-24,15,142951.12,7,4,4,4,12,Champions
CUST5859,2026-03-18,4,57169.28,105,3,2,3,8,Loyal Customers
CUST5860,2026-05-30,7,112678.98000000001,32,4,3,4,11,Champions
CUST5861,2025-04-18,3,40068.59,439,1,1,2,4,At Risk
CUST5862,2026-02-04,3,16928.05,147,2,1,1,4,At Risk
CUST5863,2026-05-14,1,4616.14,48,4,1,1,6,Potential Loyalists
CUST5864,2025-08-13,1,15924.51,322,1,1,1,3,Lost / Churned
CUST5865,2026-06-05,4,43906.95,26,4,2,2,8,Loyal Customers
CUST5866,2026-01-18,5,48983.61,164,2,2,3,7,Potential Loyalists
CUST5867,2025-09-18,2,24284.59,286,1,1,1,3,Lost / Churned
CUST5868,2026-02-18,8,95562.4,133,3,4,4,11,Champions
CUST5869,2026-02-03,2,15294.989999999998,148,2,1,1,4,At Risk
CUST5870,2026-05-17,8,80485.56,45,4,4,4,12,Champions
CUST5871,2026-02-22,4,34374.22,129,3,2,2,7,Potential Loyalists
CUST5872,2025-11-15,3,33055.76,228,2,1,2,5,At Risk
CUST5873,2026-06-18,7,88732.14,13,4,3,4,11,Champions
CUST5874,2026-02-13,2,35953.83,138,2,1,2,5,At Risk
CUST5875,2026-03-29,6,42719.08,94,3,3,2,8,Loyal Customers
CUST5876,2026-04-10,12,120029.41,82,3,4,4,11,Champions
CUST5877,2026-02-06,4,35732.05,145,2,2,2,6,Potential Loyalists
CUST5878,2025-12-02,3,35568.5,211,2,1,2,5,At Risk
CUST5879,2026-06-10,4,51041.34,21,4,2,3,9,Loyal Customers
CUST5880,2026-02-24,11,64263.83,127,3,4,3,10,Champions
CUST5881,2026-02-11,8,70148.45999999999,140,2,4,3,9,Loyal Customers
CUST5882,2026-06-21,4,50221.4,10,4,2,3,9,Loyal Customers
CUST5883,2026-06-05,1,13418.95,26,4,1,1,6,Potential Loyalists
CUST5884,2026-03-30,4,55079.0,93,3,2,3,8,Loyal Customers
CUST5885,2026-02-25,4,54925.8,126,3,2,3,8,Loyal Customers
CUST5886,2026-01-21,3,46076.880000000005,161,2,1,3,6,Potential Loyalists
CUST5887,2025-01-30,3,25744.0,517,1,1,2,4,At Risk
CUST5888,2026-02-10,11,84576.95999999999,141,2,4,4,10,Champions
CUST5889,2026-05-01,7,72197.05,61,3,3,4,10,Champions
CUST5890,2026-01-28,12,102984.49,154,2,4,4,10,Champions
CUST5891,2026-05-11,5,43127.17,51,4,2,2,8,Loyal Customers
CUST5892,2026-05-27,8,57220.33,35,4,4,3,11,Champions
CUST5893,2025-09-05,3,18132.71,299,1,1,1,3,Lost / Churned
CUST5894,2025-03-02,6,44858.06,486,1,3,3,7,Potential Loyalists
CUST5895,2025-08-21,2,11015.24,314,1,1,1,3,Lost / Churned
CUST5896,2026-06-07,13,110127.26000000001,24,4,4,4,12,Champions
CUST5897,2026-01-28,5,72207.07,154,2,2,4,8,Loyal Customers
CUST5898,2025-12-19,15,148195.56,194,2,4,4,10,Champions
CUST5899,2026-05-03,9,25532.7,59,3,4,2,9,Loyal Customers
CUST5900,2025-10-31,2,17445.61,243,2,1,1,4,At Risk
CUST5901,2025-12-09,3,10262.189999999999,204,2,1,1,4,At Risk
CUST5902,2026-01-27,6,60652.81,155,2,3,3,8,Loyal Customers
CUST5903,2026-06-11,6,58997.16,20,4,3,3,10,Champions
CUST5904,2025-06-17,3,34275.729999999996,379,1,1,2,4,At Risk
CUST5905,2026-03-30,12,139071.52000000002,93,3,4,4,11,Champions
CUST5906,2025-07-25,3,31981.72,341,1,1,2,4,At Risk
CUST5907,2026-06-25,5,39873.03,6,4,2,2,8,Loyal Customers
CUST5908,2025-11-23,5,43644.16,220,2,2,2,6,Potential Loyalists
CUST5909,2024-01-16,1,1132.2,897,1,1,1,3,Lost / Churned
CUST5910,2026-05-08,9,84599.74,54,4,4,4,12,Champions
CUST5911,2026-03-08,12,126578.34,115,3,4,4,11,Champions
CUST5912,2026-02-21,7,85636.98999999999,130,3,3,4,10,Champions
CUST5913,2024-11-16,3,11707.51,592,1,1,1,3,Lost / Churned
CUST5914,2024-02-26,1,22361.92,856,1,1,1,3,Lost / Churned
CUST5915,2026-06-29,3,23249.09,2,4,1,1,6,Potential Loyalists
CUST5916,2026-04-19,3,27910.69,73,3,1,2,6,Potential Loyalists
CUST5917,2025-09-27,3,23267.54,277,2,1,1,4,At Risk
CUST5918,2026-05-08,17,162296.8,54,4,4,4,12,Champions
CUST5919,2025-10-23,2,29266.6,251,2,1,2,5,At Risk
CUST5920,2026-06-21,7,79328.51,10,4,3,4,11,Champions
CUST5921,2026-05-29,5,47948.41,33,4,2,3,9,Loyal Customers
CUST5922,2026-01-23,6,74386.14,159,2,3,4,9,Loyal Customers
CUST5923,2026-02-17,1,7035.89,134,3,1,1,5,At Risk
CUST5924,2026-04-23,3,12363.23,69,3,1,1,5,At Risk
CUST5925,2025-01-12,3,31637.21,535,1,1,2,4,At Risk
CUST5926,2026-04-12,8,82627.90000000001,80,3,4,4,11,Champions
CUST5927,2024-09-18,2,18353.84,651,1,1,1,3,Lost / Churned
CUST5928,2024-05-10,2,5372.37,782,1,1,1,3,Lost / Churned
CUST5929,2025-06-01,3,21157.809999999998,395,1,1,1,3,Lost / Churned
CUST5930,2026-02-12,3,44845.54,139,2,1,3,6,Potential Loyalists
CUST5931,2026-06-29,13,114899.64,2,4,4,4,12,Champions
CUST5932,2025-08-22,4,53871.5,313,1,2,3,6,Potential Loyalists
CUST5933,2026-05-15,2,23414.79,47,4,1,1,6,Potential Loyalists
CUST5934,2026-05-06,3,57855.65,56,3,1,3,7,Potential Loyalists
CUST5935,2026-02-22,3,17230.57,129,3,1,1,5,At Risk
CUST5936,2026-04-09,4,34700.55,83,3,2,2,7,Potential Loyalists
CUST5937,2026-01-12,5,34053.05,170,2,2,2,6,Potential Loyalists
CUST5938,2026-05-29,15,179095.74,33,4,4,4,12,Champions
CUST5939,2026-01-01,4,56306.21,181,2,2,3,7,Potential Loyalists
CUST5940,2025-06-23,1,178.44,373,1,1,1,3,Lost / Churned
CUST5941,2025-08-31,4,59514.119999999995,304,1,2,3,6,Potential Loyalists
CUST5942,2026-06-16,5,46008.78,15,4,3,3,10,Champions
CUST5943,2026-05-29,3,33495.25,33,4,1,2,7,Potential Loyalists
CUST5944,2026-04-26,4,28309.379999999997,66,3,2,2,7,Potential Loyalists
CUST5945,2025-10-05,2,31906.21,269,2,1,2,5,At Risk
CUST5946,2025-02-04,2,22544.79,512,1,1,1,3,Lost / Churned
CUST5947,2025-05-12,1,1616.8,415,1,1,1,3,Lost / Churned
CUST5948,2026-03-13,1,5654.64,110,3,1,1,5,At Risk
CUST5949,2026-04-14,14,138242.68,78,3,4,4,11,Champions
CUST5950,2026-03-03,6,39787.25,120,3,3,2,8,Loyal Customers
CUST5951,2026-04-26,3,25849.239999999998,66,3,1,2,6,Potential Loyalists
CUST5952,2026-02-16,3,10877.710000000001,135,3,1,1,5,At Risk
CUST5953,2025-07-11,2,48327.41,355,1,1,3,5,At Risk
CUST5954,2026-06-29,13,71571.54000000001,2,4,4,4,12,Champions
CUST5955,2026-05-12,3,24893.98,50,4,1,2,7,Potential Loyalists
CUST5956,2025-10-26,6,57297.03,248,2,3,3,8,Loyal Customers
CUST5957,2026-06-30,4,31288.2,1,4,2,2,8,Loyal Customers
CUST5958,2026-01-13,4,55167.369999999995,169,2,2,3,7,Potential Loyalists
CUST5959,2026-05-21,9,88609.69,41,4,4,4,12,Champions
CUST5960,2025-06-19,7,40980.97,377,1,3,2,6,Potential Loyalists
CUST5961,2026-04-27,8,86306.73000000001,65,3,4,4,11,Champions
CUST5962,2024-07-14,2,4046.67,717,1,1,1,3,Lost / Churned
CUST5963,2026-05-10,3,36099.78,52,4,1,2,7,Potential Loyalists
CUST5964,2024-05-14,2,24539.89,778,1,1,1,3,Lost / Churned
CUST5965,2026-06-18,5,78818.49,13,4,3,4,11,Champions
CUST5966,2025-11-16,1,8837.38,227,2,1,1,4,At Risk
CUST5967,2026-01-21,8,88915.39,161,2,4,4,10,Champions
CUST5968,2024-06-07,1,19209.82,754,1,1,1,3,Lost / Churned
CUST5969,2025-11-17,7,75204.98,226,2,3,4,9,Loyal Customers
CUST5970,2025-04-28,5,75856.75,429,1,3,4,8,Loyal Customers
CUST5971,2025-02-27,3,20191.51,489,1,1,1,3,Lost / Churned
CUST5972,2025-09-21,2,54311.600000000006,283,2,1,3,6,Potential Loyalists
CUST5973,2025-09-05,9,82569.2,299,1,4,4,9,Loyal Customers
CUST5974,2025-07-23,1,11857.3,343,1,1,1,3,Lost / Churned
CUST5975,2025-06-22,2,37426.39,374,1,1,2,4,At Risk
CUST5976,2025-02-28,1,18225.06,488,1,1,1,3,Lost / Churned
CUST5977,2026-05-03,12,123811.75,59,3,4,4,11,Champions
CUST5978,2026-05-02,8,68272.99,60,3,4,3,10,Champions
CUST5979,2025-12-04,5,42611.62,209,2,3,2,7,Potential Loyalists
CUST5980,2026-03-14,8,129843.98,109,3,4,4,11,Champions
CUST5981,2024-07-10,1,7084.27,721,1,1,1,3,Lost / Churned
CUST5982,2026-05-25,10,95404.47,37,4,4,4,12,Champions
CUST5983,2026-06-03,12,181616.1,28,4,4,4,12,Champions
CUST5984,2026-04-22,3,18157.75,70,3,1,1,5,At Risk
CUST5985,2025-12-19,1,1765.69,194,2,1,1,4,At Risk
CUST5986,2026-06-15,9,104515.53,16,4,4,4,12,Champions
CUST5987,2026-04-21,5,99025.64,71,3,3,4,10,Champions
CUST5988,2026-06-29,6,27213.83,2,4,3,2,9,Loyal Customers
CUST5989,2026-03-26,5,37441.54,97,3,3,2,8,Loyal Customers
CUST5990,2024-05-30,1,28236.89,762,1,1,2,4,At Risk
CUST5991,2026-06-05,5,63484.43,26,4,3,3,10,Champions
CUST5992,2026-05-03,7,77215.53,59,3,3,4,10,Champions
CUST5993,2025-10-09,3,13213.27,265,2,1,1,4,At Risk
CUST5994,2024-10-30,2,40955.869999999995,609,1,1,2,4,At Risk
CUST5995,2026-04-15,8,64744.18,77,3,4,3,10,Champions
CUST5996,2026-04-21,2,14884.26,71,3,1,1,5,At Risk
CUST5997,2026-03-31,7,79316.81999999999,92,3,3,4,10,Champions
CUST5998,2026-01-07,5,47204.87,175,2,3,3,8,Loyal Customers
CUST5999,2025-11-17,5,32565.02,226,2,3,2,7,Potential Loyalists
CUST6000,2026-05-31,12,88759.69,31,4,4,4,12,Champions
CUST6001,2024-11-13,3,31031.71,595,1,1,2,4,At Risk
CUST6002,2026-05-03,5,42841.48,59,3,3,2,8,Loyal Customers
CUST6003,2026-02-17,6,84379.49,134,3,3,4,10,Champions
CUST6004,2026-04-02,9,123090.31,90,3,4,4,11,Champions
CUST6005,2026-01-25,4,45975.9,157,2,2,3,7,Potential Loyalists
CUST6006,2026-04-29,8,63136.44,63,3,4,3,10,Champions
CUST6007,2026-02-01,4,23667.4,150,2,2,1,5,At Risk
CUST6008,2026-04-05,5,36185.07,87,3,3,2,8,Loyal Customers
CUST6009,2026-06-18,14,179650.81,13,4,4,4,12,Champions
CUST6010,2026-04-08,5,37563.96,84,3,3,2,8,Loyal Customers
CUST6011,2026-06-27,8,49715.54,4,4,4,3,11,Champions
CUST6012,2026-05-24,5,57581.54,38,4,3,3,10,Champions
CUST6013,2026-01-09,7,48743.25,173,2,3,3,8,Loyal Customers
CUST6014,2026-05-05,7,42940.64,57,3,3,2,8,Loyal Customers
CUST6015,2026-06-17,11,122819.14,14,4,4,4,12,Champions
CUST6016,2026-01-26,6,103236.43,156,2,3,4,9,Loyal Customers
CUST6017,2024-04-26,2,33776.14,796,1,1,2,4,At Risk
CUST6018,2025-10-19,5,49580.130000000005,255,2,3,3,8,Loyal Customers
CUST6019,2026-01-18,1,11583.8,164,2,1,1,4,At Risk
CUST6020,2026-01-23,4,52190.37,159,2,2,3,7,Potential Loyalists
CUST6021,2026-05-26,6,54030.439999999995,36,4,3,3,10,Champions
CUST6022,2025-06-30,2,8896.16,366,1,1,1,3,Lost / Churned
CUST6023,2026-05-18,9,82491.64,44,4,4,4,12,Champions
CUST6024,2025-04-04,4,28167.16,453,1,2,2,5,At Risk
CUST6025,2025-11-13,3,49546.29,230,2,1,3,6,Potential Loyalists
CUST6026,2026-06-30,7,81396.20999999999,1,4,3,4,11,Champions
CUST6027,2026-04-12,1,10908.77,80,3,1,1,5,At Risk
CUST6028,2026-02-04,7,70957.23999999999,147,2,3,4,9,Loyal Customers
CUST6029,2026-04-10,7,36336.72,82,3,3,2,8,Loyal Customers
CUST6030,2026-05-23,6,66483.01000000001,39,4,3,3,10,Champions
CUST6031,2024-12-10,1,14515.74,568,1,1,1,3,Lost / Churned
CUST6032,2026-05-05,8,98824.03,57,3,4,4,11,Champions
CUST6033,2026-02-19,11,101763.07,132,3,4,4,11,Champions
CUST6034,2026-03-27,4,23076.18,96,3,2,1,6,Potential Loyalists
CUST6035,2026-02-18,10,82343.45,133,3,4,4,11,Champions
CUST6036,2026-03-23,10,79963.62,100,3,4,4,11,Champions
CUST6037,2025-06-15,5,70417.5,381,1,3,3,7,Potential Loyalists
CUST6038,2026-02-04,2,30426.519999999997,147,2,1,2,5,At Risk
CUST6039,2026-04-30,10,130987.36,62,3,4,4,11,Champions
CUST6040,2025-07-25,9,55409.200000000004,341,1,4,3,8,Loyal Customers
CUST6041,2026-05-13,12,107895.2,49,4,4,4,12,Champions
CUST6042,2025-01-28,1,4057.83,519,1,1,1,3,Lost / Churned
CUST6043,2026-02-26,5,38720.399999999994,125,3,3,2,8,Loyal Customers
CUST6044,2026-05-17,2,12379.91,45,4,1,1,6,Potential Loyalists
CUST6045,2026-04-27,6,51252.03,65,3,3,3,9,Loyal Customers
CUST6046,2025-11-09,2,25900.41,234,2,1,2,5,At Risk
CUST6047,2025-07-12,4,49201.25,354,1,2,3,6,Potential Loyalists
CUST6048,2025-09-10,6,61330.88,294,1,3,3,7,Potential Loyalists
CUST6049,2025-12-04,8,59110.299999999996,209,2,4,3,9,Loyal Customers
CUST6050,2024-04-14,1,7974.39,808,1,1,1,3,Lost / Churned
CUST6051,2025-09-03,2,32354.010000000002,301,1,1,2,4,At Risk
CUST6052,2026-06-15,8,51806.4,16,4,4,3,11,Champions
CUST6053,2024-05-19,1,8242.75,773,1,1,1,3,Lost / Churned
CUST6054,2026-02-23,9,68056.15,128,3,4,3,10,Champions
CUST6055,2026-05-15,6,69060.33,47,4,3,3,10,Champions
CUST6056,2025-12-01,6,119088.39,212,2,3,4,9,Loyal Customers
CUST6057,2026-01-25,5,39317.77,157,2,3,2,7,Potential Loyalists
CUST6058,2026-03-27,9,44274.07,96,3,4,2,9,Loyal Customers
CUST6059,2026-05-30,3,32409.53,32,4,1,2,7,Potential Loyalists
CUST6060,2026-03-23,7,62405.409999999996,100,3,3,3,9,Loyal Customers
CUST6061,2026-01-15,7,79235.56,167,2,3,4,9,Loyal Customers
CUST6062,2026-06-21,5,36771.51,10,4,3,2,9,Loyal Customers
CUST6063,2026-06-16,10,101951.22,15,4,4,4,12,Champions
CUST6064,2026-02-25,7,36955.98,126,3,3,2,8,Loyal Customers
CUST6065,2026-06-13,8,74200.48999999999,18,4,4,4,12,Champions
CUST6066,2026-02-04,11,86824.73,147,2,4,4,10,Champions
CUST6067,2026-06-29,4,56299.67,2,4,2,3,9,Loyal Customers
CUST6068,2026-04-22,8,70563.34,70,3,4,3,10,Champions
CUST6069,2026-03-03,6,52012.42,120,3,3,3,9,Loyal Customers
CUST6070,2025-05-30,3,17269.71,397,1,2,1,4,At Risk
CUST6071,2026-05-04,16,193851.84,58,3,4,4,11,Champions
CUST6072,2026-04-19,8,80898.37,73,3,4,4,11,Champions
CUST6073,2025-01-21,1,13324.1,526,1,1,1,3,Lost / Churned
CUST6074,2025-09-16,7,73246.71,288,1,3,4,8,Loyal Customers
CUST6075,2026-06-30,5,52677.3,1,4,3,3,10,Champions
CUST6076,2024-04-04,1,707.79,818,1,1,1,3,Lost / Churned
CUST6077,2024-08-01,4,13686.4,699,1,2,1,4,At Risk
CUST6078,2025-03-28,1,29754.42,460,1,1,2,4,At Risk
CUST6079,2026-01-18,5,45430.15,164,2,3,3,8,Loyal Customers
CUST6080,2026-02-06,5,41462.92,145,2,3,2,7,Potential Loyalists
CUST6081,2026-02-11,3,46442.6,140,2,2,3,7,Potential Loyalists
CUST6082,2025-12-06,5,30067.57,207,2,3,2,7,Potential Loyalists
CUST6083,2026-01-04,5,89354.17,178,2,3,4,9,Loyal Customers
CUST6084,2026-02-06,3,30100.82,145,2,2,2,6,Potential Loyalists
CUST6085,2026-06-25,2,37520.9,6,4,1,2,7,Potential Loyalists
CUST6086,2026-04-07,10,92937.82,85,3,4,4,11,Champions
CUST6087,2026-04-16,8,101377.15,76,3,4,4,11,Champions
CUST6088,2026-06-30,12,121349.39,1,4,4,4,12,Champions
CUST6089,2025-12-07,4,34667.94,206,2,2,2,6,Potential Loyalists
CUST6090,2024-01-17,1,6265.66,896,1,1,1,3,Lost / Churned
CUST6091,2026-03-25,2,44024.28,98,3,1,2,6,Potential Loyalists
CUST6092,2025-11-25,11,85676.59,218,2,4,4,10,Champions
CUST6093,2026-06-08,8,77285.5,23,4,4,4,12,Champions
CUST6094,2026-05-26,6,43222.71,36,4,3,2,9,Loyal Customers
CUST6095,2026-02-01,5,70832.9,150,2,3,4,9,Loyal Customers
CUST6096,2026-06-30,9,107655.65,1,4,4,4,12,Champions
CUST6097,2026-04-06,4,40361.14,86,3,2,2,7,Potential Loyalists
CUST6098,2026-05-28,7,80843.31,34,4,3,4,11,Champions
CUST6099,2024-11-29,2,11224.16,579,1,1,1,3,Lost / Churned
CUST6100,2026-01-25,5,45581.58,157,2,3,3,8,Loyal Customers
CUST6101,2026-01-16,6,61423.53,166,2,3,3,8,Loyal Customers
CUST6102,2026-06-04,3,11758.41,27,4,2,1,7,Potential Loyalists
CUST6103,2026-02-15,2,32726.760000000002,136,3,1,2,6,Potential Loyalists
CUST6104,2025-12-25,3,55770.56,188,2,2,3,7,Potential Loyalists
CUST6105,2026-04-22,11,102886.68000000001,70,3,4,4,11,Champions
CUST6106,2026-03-24,3,14142.19,99,3,2,1,6,Potential Loyalists
CUST6107,2026-03-24,8,91564.5,99,3,4,4,11,Champions
CUST6108,2026-05-18,3,6037.82,44,4,2,1,7,Potential Loyalists
CUST6109,2026-03-17,8,95173.8,106,3,4,4,11,Champions
CUST6110,2025-07-29,2,29069.58,337,1,1,2,4,At Risk
CUST6111,2026-02-13,1,22196.09,138,2,1,1,4,At Risk
CUST6112,2026-04-24,7,45810.07,68,3,3,3,9,Loyal Customers
CUST6113,2026-05-29,5,35363.97,33,4,3,2,9,Loyal Customers
CUST6114,2026-06-23,6,58456.53,8,4,3,3,10,Champions
CUST6115,2026-01-29,4,40758.12,153,2,2,2,6,Potential Loyalists
CUST6116,2026-06-27,8,72817.40000000001,4,4,4,4,12,Champions
CUST6117,2026-06-26,21,197224.38,5,4,4,4,12,Champions
CUST6118,2025-10-06,5,58311.44,268,2,3,3,8,Loyal Customers
CUST6119,2025-06-22,2,7290.259999999999,374,1,1,1,3,Lost / Churned
CUST6120,2025-05-30,4,15148.52,397,1,2,1,4,At Risk
CUST6121,2026-05-21,3,39993.71,41,4,2,2,8,Loyal Customers
CUST6122,2026-02-28,3,11993.3,123,3,2,1,6,Potential Loyalists
CUST6123,2026-04-26,3,22185.93,66,3,2,1,6,Potential Loyalists
CUST6124,2026-05-07,9,64555.770000000004,55,3,4,3,10,Champions
CUST6125,2025-12-28,6,67939.62,185,2,3,3,8,Loyal Customers
CUST6126,2025-12-09,5,39878.2,204,2,3,2,7,Potential Loyalists
CUST6127,2026-03-15,4,58432.64,108,3,2,3,8,Loyal Customers
CUST6128,2025-12-14,4,14853.7,199,2,2,1,5,At Risk
CUST6129,2025-07-08,4,22408.760000000002,358,1,2,1,4,At Risk
CUST6130,2024-05-07,1,6355.75,785,1,1,1,3,Lost / Churned
CUST6131,2026-06-01,6,56301.97,30,4,3,3,10,Champions
CUST6132,2026-06-20,15,133080.58,11,4,4,4,12,Champions
CUST6133,2026-06-22,13,151188.26,9,4,4,4,12,Champions
CUST6134,2025-07-11,4,37080.97,355,1,2,2,5,At Risk
CUST6135,2024-10-11,3,30597.420000000002,628,1,2,2,5,At Risk
CUST6136,2026-03-24,6,106950.46,99,3,3,4,10,Champions
CUST6137,2026-05-05,4,49237.45,57,3,2,3,8,Loyal Customers
CUST6138,2026-03-16,6,79538.31,107,3,3,4,10,Champions
CUST6139,2026-06-20,12,89774.09999999999,11,4,4,4,12,Champions
CUST6140,2025-11-02,8,46330.200000000004,241,2,4,3,9,Loyal Customers
CUST6141,2026-05-16,4,50318.64,46,4,2,3,9,Loyal Customers
CUST6142,2025-12-22,2,7938.860000000001,191,2,1,1,4,At Risk
CUST6143,2024-02-29,1,23877.54,853,1,1,1,3,Lost / Churned
CUST6144,2026-04-16,5,64011.380000000005,76,3,3,3,9,Loyal Customers
CUST6145,2025-11-30,4,38742.59,213,2,2,2,6,Potential Loyalists
CUST6146,2024-08-19,1,20182.54,681,1,1,1,3,Lost / Churned
CUST6147,2025-08-21,5,68250.88,314,1,3,3,7,Potential Loyalists
CUST6148,2024-11-23,1,14149.48,585,1,1,1,3,Lost / Churned
CUST6149,2026-06-30,8,66534.39,1,4,4,3,11,Champions
CUST6150,2025-12-15,4,24124.37,198,2,2,1,5,At Risk
CUST6151,2026-05-25,2,9658.77,37,4,1,1,6,Potential Loyalists
CUST6152,2025-05-25,4,26547.65,402,1,2,2,5,At Risk
CUST6153,2025-09-12,6,40770.5,292,1,3,2,6,Potential Loyalists
CUST6154,2025-08-26,3,13470.2,309,1,2,1,4,At Risk
CUST6155,2025-07-01,1,14549.76,365,1,1,1,3,Lost / Churned
CUST6156,2026-05-08,14,134938.55,54,4,4,4,12,Champions
CUST6157,2026-02-17,5,27767.79,134,3,3,2,8,Loyal Customers
CUST6158,2026-05-09,3,26326.340000000004,53,4,2,2,8,Loyal Customers
CUST6159,2025-10-19,3,35160.86,255,2,2,2,6,Potential Loyalists
CUST6160,2026-03-24,5,72316.03,99,3,3,4,10,Champions
CUST6161,2026-02-07,6,79102.47,144,2,3,4,9,Loyal Customers
CUST6162,2026-05-10,6,54696.64,52,4,3,3,10,Champions
CUST6163,2024-09-04,2,29564.82,665,1,1,2,4,At Risk
CUST6164,2025-11-28,4,38673.630000000005,215,2,2,2,6,Potential Loyalists
CUST6165,2025-10-24,9,80894.71,250,2,4,4,10,Champions
CUST6166,2026-02-17,7,65679.62,134,3,3,3,9,Loyal Customers
CUST6167,2025-10-24,3,65624.45999999999,250,2,2,3,7,Potential Loyalists
CUST6168,2026-01-13,5,62839.54,169,2,3,3,8,Loyal Customers
CUST6169,2026-05-13,6,69853.71,49,4,3,3,10,Champions
CUST6170,2025-04-04,4,39926.94,453,1,2,2,5,At Risk
CUST6171,2026-04-04,7,70646.59999999999,88,3,3,3,9,Loyal Customers
CUST6172,2026-06-10,6,57217.770000000004,21,4,3,3,10,Champions
CUST6173,2026-01-17,7,85216.26000000001,165,2,3,4,9,Loyal Customers
CUST6174,2026-06-28,9,83032.18,3,4,4,4,12,Champions
CUST6175,2026-06-07,12,131022.02,24,4,4,4,12,Champions
CUST6176,2025-06-15,2,29116.7,381,1,1,2,4,At Risk
CUST6177,2025-09-26,1,1137.67,278,2,1,1,4,At Risk
CUST6178,2025-07-22,7,54115.25,344,1,3,3,7,Potential Loyalists
CUST6179,2026-05-11,6,68134.70999999999,51,4,3,3,10,Champions
CUST6180,2026-06-28,4,37172.99,3,4,2,2,8,Loyal Customers
CUST6181,2026-02-10,3,33219.81999999999,141,2,2,2,6,Potential Loyalists
CUST6182,2026-01-17,3,30166.9,165,2,2,2,6,Potential Loyalists
CUST6183,2026-04-03,8,55983.39,89,3,4,3,10,Champions
CUST6184,2025-11-07,4,45692.22,236,2,2,3,7,Potential Loyalists
CUST6185,2026-04-24,8,53662.82,68,3,4,3,10,Champions
CUST6186,2025-11-02,3,19027.37,241,2,2,1,5,At Risk
CUST6187,2026-06-28,6,58809.56,3,4,3,3,10,Champions
CUST6188,2025-11-06,7,81661.59,237,2,3,4,9,Loyal Customers
CUST6189,2026-06-09,4,47112.03,22,4,2,3,9,Loyal Customers
CUST6190,2025-12-22,7,92557.31,191,2,3,4,9,Loyal Customers
CUST6191,2025-09-18,5,70441.57,286,1,3,3,7,Potential Loyalists
CUST6192,2025-08-20,4,14738.75,315,1,2,1,4,At Risk
CUST6193,2025-12-26,5,33678.079999999994,187,2,3,2,7,Potential Loyalists
CUST6194,2026-02-03,5,24782.940000000002,148,2,3,1,6,Potential Loyalists
CUST6195,2025-12-10,3,25184.78,203,2,2,2,6,Potential Loyalists
CUST6196,2025-12-16,8,112358.45999999999,197,2,4,4,10,Champions
CUST6197,2025-09-23,5,70684.75,281,2,3,3,8,Loyal Customers
CUST6198,2025-10-31,2,18611.89,243,2,1,1,4,At Risk
CUST6199,2025-09-20,1,12182.93,284,2,1,1,4,At Risk
CUST6200,2026-03-14,10,115593.22,109,3,4,4,11,Champions
CUST6201,2025-01-02,2,15765.31,545,1,1,1,3,Lost / Churned
CUST6202,2026-06-16,10,104958.5,15,4,4,4,12,Champions
CUST6203,2024-07-08,2,10002.5,723,1,1,1,3,Lost / Churned
CUST6204,2025-10-11,6,49701.26,263,2,3,3,8,Loyal Customers
CUST6205,2025-12-04,5,50327.38,209,2,3,3,8,Loyal Customers
CUST6206,2026-02-26,2,40440.369999999995,125,3,1,2,6,Potential Loyalists
CUST6207,2026-03-28,2,43992.61,95,3,1,2,6,Potential Loyalists
CUST6208,2026-06-09,11,97678.2,22,4,4,4,12,Champions
CUST6209,2024-12-21,2,7872.38,557,1,1,1,3,Lost / Churned
CUST6210,2026-05-31,9,106372.09,31,4,4,4,12,Champions
CUST6211,2025-06-20,1,16024.65,376,1,1,1,3,Lost / Churned
CUST6212,2026-03-29,2,11131.01,94,3,1,1,5,At Risk
CUST6213,2025-07-21,3,17227.63,345,1,2,1,4,At Risk
CUST6214,2026-06-09,10,135162.35,22,4,4,4,12,Champions
CUST6215,2025-10-19,6,79058.56,255,2,3,4,9,Loyal Customers
CUST6216,2026-03-24,1,4361.13,99,3,1,1,5,At Risk
CUST6217,2026-06-26,8,35241.45,5,4,4,2,10,Champions
CUST6218,2024-08-08,2,39375.69,692,1,1,2,4,At Risk
CUST6219,2024-08-28,2,19783.45,672,1,1,1,3,Lost / Churned
CUST6220,2026-04-26,2,28204.11,66,3,1,2,6,Potential Loyalists
CUST6221,2025-09-05,4,52324.67999999999,299,1,2,3,6,Potential Loyalists
CUST6222,2025-12-17,3,19241.72,196,2,2,1,5,At Risk
CUST6223,2026-05-14,7,44249.35,48,4,3,2,9,Loyal Customers
CUST6224,2026-03-20,3,19534.13,103,3,2,1,6,Potential Loyalists
CUST6225,2026-06-21,6,51286.5,10,4,3,3,10,Champions
CUST6226,2026-01-02,3,44906.659999999996,180,2,2,3,7,Potential Loyalists
CUST6227,2025-10-31,6,81708.37,243,2,3,4,9,Loyal Customers
CUST6228,2026-04-12,10,71920.44,80,3,4,4,11,Champions
CUST6229,2026-01-04,3,45560.16,178,2,2,3,7,Potential Loyalists
CUST6230,2026-03-15,12,136545.9,108,3,4,4,11,Champions
CUST6231,2025-05-23,6,96376.11,404,1,3,4,8,Loyal Customers
CUST6232,2026-01-05,6,73812.23,177,2,3,4,9,Loyal Customers
CUST6233,2025-12-08,3,6346.51,205,2,2,1,5,At Risk
CUST6234,2026-05-13,7,41318.14,49,4,3,2,9,Loyal Customers
CUST6235,2026-05-14,11,121873.68000000001,48,4,4,4,12,Champions
CUST6236,2026-05-06,7,59791.79,56,3,3,3,9,Loyal Customers
CUST6237,2026-04-23,3,29879.38,69,3,2,2,7,Potential Loyalists
CUST6238,2026-06-12,13,79569.93000000001,19,4,4,4,12,Champions
CUST6239,2026-04-09,6,39338.35,83,3,3,2,8,Loyal Customers
CUST6240,2024-02-13,1,4747.05,869,1,1,1,3,Lost / Churned
CUST6241,2026-04-21,6,73231.43,71,3,3,4,10,Champions
CUST6242,2025-10-03,5,20998.08,271,2,3,1,6,Potential Loyalists
CUST6243,2026-05-19,6,35563.72,43,4,3,2,9,Loyal Customers
CUST6244,2025-06-14,4,38179.85,382,1,2,2,5,At Risk
CUST6245,2024-07-17,2,31386.809999999998,714,1,1,2,4,At Risk
CUST6246,2025-04-01,4,32237.16,456,1,2,2,5,At Risk
CUST6247,2026-05-07,6,43093.37,55,3,3,2,8,Loyal Customers
CUST6248,2026-04-29,2,9866.1,63,3,1,1,5,At Risk
CUST6249,2026-05-01,16,138780.91,61,3,4,4,11,Champions
CUST6250,2025-03-27,3,43026.36,461,1,2,2,5,At Risk
CUST6251,2026-06-04,5,20516.809999999998,27,4,3,1,8,Loyal Customers
CUST6252,2026-05-26,9,83434.83,36,4,4,4,12,Champions
CUST6253,2026-03-03,8,85211.39,120,3,4,4,11,Champions
CUST6254,2026-03-12,7,87558.38,111,3,3,4,10,Champions
CUST6255,2026-05-23,15,168958.03,39,4,4,4,12,Champions
CUST6256,2025-07-31,8,99229.72,335,1,4,4,9,Loyal Customers
CUST6257,2025-02-14,3,31337.100000000002,502,1,2,2,5,At Risk
CUST6258,2026-05-05,5,34532.42,57,3,3,2,8,Loyal Customers
CUST6259,2025-11-13,5,82442.87,230,2,3,4,9,Loyal Customers
CUST6260,2026-01-18,8,88713.53,164,2,4,4,10,Champions
CUST6261,2026-06-08,4,57479.58,23,4,2,3,9,Loyal Customers
CUST6262,2026-01-24,3,45649.17,158,2,2,3,7,Potential Loyalists
CUST6263,2026-05-16,6,85019.25,46,4,3,4,11,Champions
CUST6264,2024-11-10,1,3296.8,598,1,1,1,3,Lost / Churned
CUST6265,2026-01-19,5,38059.9,163,2,3,2,7,Potential Loyalists
CUST6266,2026-06-20,5,79969.94,11,4,3,4,11,Champions
CUST6267,2026-06-02,7,71358.20999999999,29,4,3,4,11,Champions
CUST6268,2026-03-09,10,82603.18,114,3,4,4,11,Champions
CUST6269,2026-06-28,7,111891.18,3,4,3,4,11,Champions
CUST6270,2026-02-18,4,27593.34,133,3,2,2,7,Potential Loyalists
CUST6271,2025-12-25,2,10621.76,188,2,1,1,4,At Risk
CUST6272,2026-03-06,3,10987.97,117,3,2,1,6,Potential Loyalists
CUST6273,2026-06-28,5,75637.39,3,4,3,4,11,Champions
CUST6274,2026-05-19,11,128506.64,43,4,4,4,12,Champions
CUST6275,2026-02-01,5,43356.01,150,2,3,2,7,Potential Loyalists
CUST6276,2025-11-07,4,69071.91,236,2,2,3,7,Potential Loyalists
CUST6277,2024-12-13,4,52636.740000000005,565,1,2,3,6,Potential Loyalists
CUST6278,2026-02-09,5,34215.6,142,2,3,2,7,Potential Loyalists
CUST6279,2026-04-25,10,79658.24,67,3,4,4,11,Champions
CUST6280,2026-04-29,12,138151.94,63,3,4,4,11,Champions
CUST6281,2025-11-01,7,68516.01,242,2,3,3,8,Loyal Customers
CUST6282,2026-05-18,8,59977.84,44,4,4,3,11,Champions
CUST6283,2026-06-19,11,88118.64,12,4,4,4,12,Champions
CUST6284,2026-05-15,13,109492.13,47,4,4,4,12,Champions
CUST6285,2026-04-02,7,81129.56,90,3,3,4,10,Champions
CUST6286,2026-02-04,6,55124.83,147,2,3,3,8,Loyal Customers
CUST6287,2025-05-09,4,42758.57,418,1,2,2,5,At Risk
CUST6288,2026-05-01,11,128277.98999999999,61,3,4,4,11,Champions
CUST6289,2026-01-12,4,53804.69,170,2,2,3,7,Potential Loyalists
CUST6290,2026-01-07,7,122419.29000000001,175,2,3,4,9,Loyal Customers
CUST6291,2025-01-06,1,3776.28,541,1,1,1,3,Lost / Churned
CUST6292,2025-06-18,3,37281.16,378,1,2,2,5,At Risk
CUST6293,2025-10-12,3,10081.740000000002,262,2,2,1,5,At Risk
CUST6294,2024-03-01,1,10370.86,852,1,1,1,3,Lost / Churned
CUST6295,2025-08-19,2,15665.0,316,1,1,1,3,Lost / Churned
CUST6296,2025-03-25,1,29460.49,463,1,1,2,4,At Risk
CUST6297,2026-04-25,6,75420.73,67,3,3,4,10,Champions
CUST6298,2025-04-27,1,13863.78,430,1,1,1,3,Lost / Churned
CUST6299,2025-10-21,8,73392.67,253,2,4,4,10,Champions
CUST6300,2025-02-24,1,2254.27,492,1,1,1,3,Lost / Churned
CUST6301,2026-06-16,4,38670.11,15,4,2,2,8,Loyal Customers
CUST6302,2025-10-16,1,2966.73,258,2,1,1,4,At Risk
CUST6303,2026-06-23,9,76049.66,8,4,4,4,12,Champions
CUST6304,2026-05-05,6,80225.74,57,3,3,4,10,Champions
CUST6305,2025-04-24,2,8764.0,433,1,1,1,3,Lost / Churned
CUST6306,2026-03-30,5,46113.3,93,3,3,3,9,Loyal Customers
CUST6307,2024-09-20,1,2009.13,649,1,1,1,3,Lost / Churned
CUST6308,2026-01-31,9,94356.48,151,2,4,4,10,Champions
CUST6309,2026-01-26,8,58578.43,156,2,4,3,9,Loyal Customers
CUST6310,2025-08-16,9,73847.78,319,1,4,4,9,Loyal Customers
CUST6311,2025-07-02,2,8571.32,364,1,1,1,3,Lost / Churned
CUST6312,2025-10-23,7,34316.479999999996,251,2,3,2,7,Potential Loyalists
CUST6313,2025-11-07,5,67033.09,236,2,3,3,8,Loyal Customers
CUST6314,2025-05-04,6,49318.08,423,1,3,3,7,Potential Loyalists
CUST6315,2026-01-14,4,52414.7,168,2,2,3,7,Potential Loyalists
CUST6316,2026-05-14,4,33087.229999999996,48,4,2,2,8,Loyal Customers
CUST6317,2025-04-06,1,10630.68,451,1,1,1,3,Lost / Churned
CUST6318,2026-02-01,1,12641.57,150,2,1,1,4,At Risk
CUST6319,2026-06-18,4,15747.08,13,4,2,1,7,Potential Loyalists
CUST6320,2026-05-18,3,34775.54,44,4,2,2,8,Loyal Customers
CUST6321,2026-05-22,5,69937.56999999999,40,4,3,3,10,Champions
CUST6322,2026-06-30,6,24282.47,1,4,3,1,8,Loyal Customers
CUST6323,2025-05-30,3,28761.14,397,1,2,2,5,At Risk
CUST6324,2024-07-20,1,1870.51,711,1,1,1,3,Lost / Churned
CUST6325,2025-12-01,2,29491.95,212,2,1,2,5,At Risk
CUST6326,2026-06-15,1,8306.79,16,4,1,1,6,Potential Loyalists
CUST6327,2026-02-16,12,95604.13,135,3,4,4,11,Champions
CUST6328,2025-05-02,1,5008.13,425,1,1,1,3,Lost / Churned
CUST6329,2026-05-15,6,49090.64,47,4,3,3,10,Champions
CUST6330,2026-06-22,4,38215.26,9,4,2,2,8,Loyal Customers
CUST6331,2025-11-14,6,55402.92,229,2,3,3,8,Loyal Customers
CUST6332,2026-06-27,8,72653.8,4,4,4,4,12,Champions
CUST6333,2025-11-12,11,79510.05,231,2,4,4,10,Champions
CUST6334,2026-03-06,3,21627.469999999998,117,3,2,1,6,Potential Loyalists
CUST6335,2026-05-18,12,126365.05,44,4,4,4,12,Champions
CUST6336,2025-07-07,2,18943.899999999998,359,1,1,1,3,Lost / Churned
CUST6337,2026-04-20,9,83014.16,72,3,4,4,11,Champions
CUST6338,2025-11-02,3,34793.020000000004,241,2,2,2,6,Potential Loyalists
CUST6339,2025-03-25,3,13110.779999999999,463,1,2,1,4,At Risk
CUST6340,2026-06-30,3,12492.46,1,4,2,1,7,Potential Loyalists
CUST6341,2026-03-26,9,106501.68000000001,97,3,4,4,11,Champions
CUST6342,2025-08-01,3,39682.92,334,1,2,2,5,At Risk
CUST6343,2026-06-19,6,58006.020000000004,12,4,3,3,10,Champions
CUST6344,2026-02-04,2,34128.86,147,2,1,2,5,At Risk
CUST6345,2025-12-16,1,15817.86,197,2,1,1,4,At Risk
CUST6346,2025-06-04,7,98496.06999999999,392,1,3,4,8,Loyal Customers
CUST6347,2026-06-18,4,45785.15,13,4,2,3,9,Loyal Customers
CUST6348,2026-03-20,3,40450.990000000005,103,3,2,2,7,Potential Loyalists
CUST6349,2024-04-13,2,29227.79,809,1,1,2,4,At Risk
CUST6350,2026-01-16,10,116906.4,166,2,4,4,10,Champions
CUST6351,2024-12-01,1,1231.06,577,1,1,1,3,Lost / Churned
CUST6352,2025-11-01,4,44066.939999999995,242,2,2,2,6,Potential Loyalists
CUST6353,2026-05-16,5,46008.96,46,4,3,3,10,Champions
CUST6354,2026-05-12,3,45436.14,50,4,2,3,9,Loyal Customers
CUST6355,2025-12-09,2,32938.93,204,2,1,2,5,At Risk
CUST6356,2025-12-26,4,30148.99,187,2,2,2,6,Potential Loyalists
CUST6357,2026-05-18,11,68920.65,44,4,4,3,11,Champions
CUST6358,2026-04-09,9,73315.42,83,3,4,4,11,Champions
CUST6359,2026-05-03,6,68950.63,59,3,3,3,9,Loyal Customers
CUST6360,2026-05-18,8,79707.04,44,4,4,4,12,Champions
CUST6361,2026-05-20,2,16152.0,42,4,1,1,6,Potential Loyalists
CUST6362,2025-11-20,5,47500.46,223,2,3,3,8,Loyal Customers
CUST6363,2026-04-19,13,127988.15,73,3,4,4,11,Champions
CUST6364,2026-03-23,8,88561.44,100,3,4,4,11,Champions
CUST6365,2026-05-03,2,33407.0,59,3,1,2,6,Potential Loyalists
CUST6366,2025-12-29,4,14643.21,184,2,2,1,5,At Risk
CUST6367,2026-04-21,2,2981.6899999999996,71,3,1,1,5,At Risk
CUST6368,2025-09-21,12,81440.42,283,2,4,4,10,Champions
CUST6369,2026-04-14,5,37234.23,78,3,3,2,8,Loyal Customers
CUST6370,2025-08-09,4,15116.6,326,1,2,1,4,At Risk
CUST6371,2026-04-23,5,53865.4,69,3,3,3,9,Loyal Customers
CUST6372,2026-06-15,12,105035.5,16,4,4,4,12,Champions
CUST6373,2026-03-26,11,111638.54,97,3,4,4,11,Champions
CUST6374,2026-05-24,5,38427.23,38,4,3,2,9,Loyal Customers
CUST6375,2026-05-01,3,50279.06,61,3,2,3,8,Loyal Customers
CUST6376,2026-06-09,9,86541.63,22,4,4,4,12,Champions
CUST6377,2026-02-15,8,72517.68,136,3,4,4,11,Champions
CUST6378,2026-06-19,5,51606.700000000004,12,4,3,3,10,Champions
CUST6379,2025-10-17,4,35121.72,257,2,2,2,6,Potential Loyalists
CUST6380,2026-03-11,10,82830.83,112,3,4,4,11,Champions
CUST6381,2026-04-28,10,103259.7,64,3,4,4,11,Champions
CUST6382,2025-07-26,3,21107.26,340,1,2,1,4,At Risk
CUST6383,2025-09-11,5,52374.71000000001,293,1,3,3,7,Potential Loyalists
CUST6384,2026-06-22,4,31886.22,9,4,2,2,8,Loyal Customers
CUST6385,2026-02-11,10,122615.0,140,2,4,4,10,Champions
CUST6386,2026-03-09,6,41130.26,114,3,3,2,8,Loyal Customers
CUST6387,2026-03-30,5,57620.62,93,3,3,3,9,Loyal Customers
CUST6388,2025-10-25,4,48045.36,249,2,2,3,7,Potential Loyalists
CUST6389,2026-06-06,12,98993.09,25,4,4,4,12,Champions
CUST6390,2026-06-13,6,48623.659999999996,18,4,3,3,10,Champions
CUST6391,2026-02-21,6,45986.17,130,3,3,3,9,Loyal Customers
CUST6392,2024-12-27,2,15640.3,551,1,1,1,3,Lost / Churned
CUST6393,2026-04-22,6,59356.25,70,3,3,3,9,Loyal Customers
CUST6394,2026-05-01,14,120059.67,61,3,4,4,11,Champions
CUST6395,2025-05-18,2,35471.590000000004,409,1,1,2,4,At Risk
CUST6396,2025-04-11,3,50629.85,446,1,2,3,6,Potential Loyalists
CUST6397,2026-04-24,7,78120.12,68,3,3,4,10,Champions
CUST6398,2025-04-05,6,72668.2,452,1,3,4,8,Loyal Customers
CUST6399,2026-06-17,6,82308.49,14,4,3,4,11,Champions
CUST6400,2025-01-10,3,36683.57,537,1,2,2,5,At Risk
CUST6401,2025-03-10,4,26508.52,478,1,2,2,5,At Risk
CUST6402,2026-05-17,11,84479.95,45,4,4,4,12,Champions
CUST6403,2026-03-22,4,40854.22,101,3,2,2,7,Potential Loyalists
CUST6404,2026-06-25,4,24145.809999999998,6,4,2,1,7,Potential Loyalists
CUST6405,2025-01-04,3,32462.36,543,1,2,2,5,At Risk
CUST6406,2026-06-25,7,68169.09,6,4,3,3,10,Champions
CUST6407,2025-08-19,2,28230.71,316,1,1,2,4,At Risk
CUST6408,2026-02-04,5,41819.16,147,2,3,2,7,Potential Loyalists
CUST6409,2025-09-12,6,60449.08,292,1,3,3,7,Potential Loyalists
CUST6410,2025-09-29,4,46554.54,275,2,2,3,7,Potential Loyalists
CUST6411,2025-04-30,4,19554.98,427,1,2,1,4,At Risk
CUST6412,2026-04-20,3,42448.89,72,3,2,2,7,Potential Loyalists
CUST6413,2024-11-15,3,34073.729999999996,593,1,2,2,5,At Risk
CUST6414,2025-04-21,4,23250.27,436,1,2,1,4,At Risk
CUST6415,2025-11-24,4,43631.94,219,2,2,2,6,Potential Loyalists
CUST6416,2026-06-24,8,92045.65,7,4,4,4,12,Champions
CUST6417,2026-04-22,7,58225.3,70,3,3,3,9,Loyal Customers
CUST6418,2026-06-24,9,114212.51,7,4,4,4,12,Champions
CUST6419,2026-06-20,3,41182.34,11,4,2,2,8,Loyal Customers
CUST6420,2026-02-23,6,48428.89,128,3,3,3,9,Loyal Customers
CUST6421,2025-09-17,4,23973.78,287,1,2,1,4,At Risk
CUST6422,2026-01-23,7,47930.25,159,2,3,3,8,Loyal Customers
CUST6423,2026-01-31,9,73772.95,151,2,4,4,10,Champions
CUST6424,2025-04-28,1,12372.39,429,1,1,1,3,Lost / Churned
CUST6425,2026-03-05,8,77556.31,118,3,4,4,11,Champions
CUST6426,2026-03-22,6,71568.78,101,3,3,4,10,Champions
CUST6427,2026-04-02,6,32174.5,90,3,3,2,8,Loyal Customers
CUST6428,2025-01-08,2,11337.05,539,1,1,1,3,Lost / Churned
CUST6429,2026-04-16,3,28191.38,76,3,2,2,7,Potential Loyalists
CUST6430,2026-04-23,6,65393.84,69,3,3,3,9,Loyal Customers
CUST6431,2026-02-06,3,40871.96,145,2,2,2,6,Potential Loyalists
CUST6432,2026-06-16,10,72981.55,15,4,4,4,12,Champions
CUST6433,2026-01-17,6,54424.37,165,2,3,3,8,Loyal Customers
CUST6434,2026-03-06,4,70353.62,117,3,2,3,8,Loyal Customers
CUST6435,2026-06-30,13,119865.46,1,4,4,4,12,Champions
CUST6436,2025-09-01,2,7548.87,303,1,1,1,3,Lost / Churned
CUST6437,2026-02-06,12,93984.34,145,2,4,4,10,Champions
CUST6438,2025-12-09,5,15668.1,204,2,3,1,6,Potential Loyalists
CUST6439,2026-03-23,5,35788.98,100,3,3,2,8,Loyal Customers
CUST6440,2026-01-01,5,36064.7,181,2,3,2,7,Potential Loyalists
CUST6441,2026-03-06,6,40247.58,117,3,3,2,8,Loyal Customers
CUST6442,2026-06-13,14,123903.84,18,4,4,4,12,Champions
CUST6443,2026-06-27,4,23902.56,4,4,2,1,7,Potential Loyalists
CUST6444,2026-04-13,5,18401.870000000003,79,3,3,1,7,Potential Loyalists
CUST6445,2026-05-08,8,71635.03,54,4,4,4,12,Champions
CUST6446,2025-12-19,3,39933.880000000005,194,2,2,2,6,Potential Loyalists
CUST6447,2026-03-30,4,48526.86,93,3,2,3,8,Loyal Customers
CUST6448,2026-01-21,7,62360.68,161,2,3,3,8,Loyal Customers
CUST6449,2026-06-26,6,68635.48,5,4,3,3,10,Champions
CUST6450,2025-09-11,3,23829.33,293,1,2,1,4,At Risk
CUST6451,2026-06-11,8,84919.25,20,4,4,4,12,Champions
CUST6452,2026-05-13,4,48815.3,49,4,2,3,9,Loyal Customers
CUST6453,2026-02-02,1,708.12,149,2,1,1,4,At Risk
CUST6454,2026-05-23,7,103482.58,39,4,3,4,11,Champions
CUST6455,2024-11-10,1,6381.66,598,1,1,1,3,Lost / Churned
CUST6456,2026-04-29,7,51019.02,63,3,3,3,9,Loyal Customers
CUST6457,2024-09-24,2,6622.15,645,1,1,1,3,Lost / Churned
CUST6458,2026-04-18,6,45089.47,74,3,3,3,9,Loyal Customers
CUST6459,2025-10-20,1,17380.55,254,2,1,1,4,At Risk
CUST6460,2025-03-23,3,6900.93,465,1,2,1,4,At Risk
CUST6461,2026-06-01,3,28804.07,30,4,2,2,8,Loyal Customers
CUST6462,2026-06-06,9,97285.34,25,4,4,4,12,Champions
CUST6463,2026-06-30,8,93839.78,1,4,4,4,12,Champions
CUST6464,2026-01-17,7,49698.07,165,2,3,3,8,Loyal Customers
CUST6465,2026-06-23,6,65065.78999999999,8,4,3,3,10,Champions
CUST6466,2026-03-02,10,78534.67,121,3,4,4,11,Champions
CUST6467,2026-03-05,5,47177.590000000004,118,3,3,3,9,Loyal Customers
CUST6468,2026-06-28,9,41628.31,3,4,4,2,10,Champions
CUST6469,2025-08-28,4,55906.119999999995,307,1,2,3,6,Potential Loyalists
CUST6470,2026-03-11,11,117459.49,112,3,4,4,11,Champions
CUST6471,2026-06-23,4,35842.15,8,4,2,2,8,Loyal Customers
CUST6472,2025-12-27,5,48463.41,186,2,3,3,8,Loyal Customers
CUST6473,2025-12-24,10,61564.64,189,2,4,3,9,Loyal Customers
CUST6474,2026-04-11,4,45838.2,81,3,2,3,8,Loyal Customers
CUST6475,2025-06-04,4,43718.25,392,1,2,2,5,At Risk
CUST6476,2026-05-31,4,42476.73,31,4,2,2,8,Loyal Customers
CUST6477,2026-06-22,8,100487.03,9,4,4,4,12,Champions
CUST6478,2024-11-27,3,16669.09,581,1,2,1,4,At Risk
CUST6479,2026-05-25,9,105701.87,37,4,4,4,12,Champions
CUST6480,2025-09-08,8,44863.06,296,1,4,3,8,Loyal Customers
CUST6481,2025-10-25,3,20405.36,249,2,2,1,5,At Risk
CUST6482,2026-06-26,2,35090.22,5,4,1,2,7,Potential Loyalists
CUST6483,2025-10-28,2,12837.009999999998,246,2,1,1,4,At Risk
CUST6484,2025-06-26,4,46310.88,370,1,2,3,6,Potential Loyalists
CUST6485,2025-08-19,4,30796.53,316,1,2,2,5,At Risk
CUST6486,2025-08-06,7,42102.520000000004,329,1,3,2,6,Potential Loyalists
CUST6487,2026-06-29,3,16037.640000000001,2,4,2,1,7,Potential Loyalists
CUST6488,2026-04-15,7,106001.42,77,3,3,4,10,Champions
CUST6489,2026-04-02,4,34462.06,90,3,2,2,7,Potential Loyalists
CUST6490,2026-01-25,7,75995.37,157,2,3,4,9,Loyal Customers
CUST6491,2026-05-18,5,46658.81,44,4,3,3,10,Champions
CUST6492,2026-06-27,7,58633.06,4,4,3,3,10,Champions
CUST6493,2026-02-07,6,42300.659999999996,144,2,3,2,7,Potential Loyalists
CUST6494,2025-07-14,5,45528.880000000005,352,1,3,3,7,Potential Loyalists
CUST6495,2026-04-29,3,10057.16,63,3,2,1,6,Potential Loyalists
CUST6496,2026-04-22,3,42743.2,70,3,2,2,7,Potential Loyalists
CUST6497,2026-04-13,6,62017.259999999995,79,3,3,3,9,Loyal Customers
CUST6498,2026-06-09,8,61222.61,22,4,4,3,11,Champions
CUST6499,2025-11-04,9,115428.18,239,2,4,4,10,Champions
CUST6500,2025-12-03,4,63756.0,210,2,2,3,7,Potential Loyalists
CUST6501,2025-04-05,2,15754.380000000001,452,1,1,1,3,Lost / Churned
CUST6502,2026-02-07,11,123542.98999999999,144,2,4,4,10,Champions
CUST6503,2025-05-17,6,72798.1,410,1,3,4,8,Loyal Customers
CUST6504,2026-01-03,2,4344.6,179,2,1,1,4,At Risk
CUST6505,2026-05-03,9,67389.61,59,3,4,3,10,Champions
CUST6506,2025-09-14,6,48576.119999999995,290,1,3,3,7,Potential Loyalists
CUST6507,2025-11-11,4,11837.47,232,2,2,1,5,At Risk
CUST6508,2026-05-31,6,75502.24,31,4,3,4,11,Champions
CUST6509,2026-02-13,6,33856.57,138,2,3,2,7,Potential Loyalists
CUST6510,2024-11-25,1,26010.92,583,1,1,2,4,At Risk
CUST6511,2026-02-20,10,122967.41,131,3,4,4,11,Champions
CUST6512,2026-06-13,10,128423.02,18,4,4,4,12,Champions
CUST6513,2026-05-17,3,16497.3,45,4,2,1,7,Potential Loyalists
CUST6514,2025-08-05,2,18307.21,330,1,1,1,3,Lost / Churned
CUST6515,2026-02-07,10,100121.11,144,2,4,4,10,Champions
CUST6516,2026-01-25,8,33664.31,157,2,4,2,8,Loyal Customers
CUST6517,2026-05-30,11,104413.75,32,4,4,4,12,Champions
CUST6518,2026-02-26,4,10084.73,125,3,2,1,6,Potential Loyalists
CUST6519,2026-06-21,5,73969.98,10,4,3,4,11,Champions
CUST6520,2024-07-02,2,20078.5,729,1,1,1,3,Lost / Churned
CUST6521,2026-02-15,5,40136.82,136,3,3,2,8,Loyal Customers
CUST6522,2026-03-13,7,46601.24,110,3,3,3,9,Loyal Customers
CUST6523,2026-05-26,4,28556.079999999998,36,4,2,2,8,Loyal Customers
CUST6524,2026-06-29,9,79409.22,2,4,4,4,12,Champions
CUST6525,2026-05-13,10,117209.57,49,4,4,4,12,Champions
CUST6526,2026-04-06,10,114654.29,86,3,4,4,11,Champions
CUST6527,2026-05-21,7,51563.26,41,4,3,3,10,Champions
CUST6528,2026-06-24,9,111300.3,7,4,4,4,12,Champions
CUST6529,2025-06-26,6,64490.8,370,1,3,3,7,Potential Loyalists
CUST6530,2025-07-13,1,30449.16,353,1,1,2,4,At Risk
CUST6531,2026-03-13,4,39040.09,110,3,2,2,7,Potential Loyalists
CUST6532,2026-02-22,8,86763.37,129,3,4,4,11,Champions
CUST6533,2026-05-09,1,8117.99,53,4,1,1,6,Potential Loyalists
CUST6534,2026-03-19,6,68883.71,104,3,3,3,9,Loyal Customers
CUST6535,2026-06-30,5,30445.059999999998,1,4,3,2,9,Loyal Customers
CUST6536,2026-04-21,11,77144.21,71,3,4,4,11,Champions
CUST6537,2025-05-15,5,57799.590000000004,412,1,3,3,7,Potential Loyalists
CUST6538,2025-09-18,1,3824.28,286,1,1,1,3,Lost / Churned
CUST6539,2025-12-30,5,68454.63,183,2,3,3,8,Loyal Customers
CUST6540,2026-03-15,3,11736.11,108,3,2,1,6,Potential Loyalists
CUST6541,2026-03-10,9,95126.81,113,3,4,4,11,Champions
CUST6542,2026-06-24,9,95100.43,7,4,4,4,12,Champions
CUST6543,2025-12-03,4,33571.61,210,2,2,2,6,Potential Loyalists
CUST6544,2026-03-20,4,49356.67,103,3,2,3,8,Loyal Customers
CUST6545,2026-01-17,6,46784.78,165,2,3,3,8,Loyal Customers
CUST6546,2026-02-20,7,81880.1,131,3,3,4,10,Champions
CUST6547,2026-06-30,14,163915.68,1,4,4,4,12,Champions
CUST6548,2026-03-19,8,80422.25,104,3,4,4,11,Champions
CUST6549,2026-01-28,5,67364.95,154,2,3,3,8,Loyal Customers
CUST6550,2026-03-13,7,81674.05,110,3,3,4,10,Champions
CUST6551,2026-04-23,5,31798.25,69,3,3,2,8,Loyal Customers
CUST6552,2026-01-18,14,156025.07,164,2,4,4,10,Champions
CUST6553,2026-05-28,8,53974.78,34,4,4,3,11,Champions
CUST6554,2026-04-08,9,57709.659999999996,84,3,4,3,10,Champions
CUST6555,2026-05-17,2,4220.45,45,4,1,1,6,Potential Loyalists
CUST6556,2025-05-28,6,90750.53,399,1,3,4,8,Loyal Customers
CUST6557,2025-11-11,6,22540.56,232,2,3,1,6,Potential Loyalists
CUST6558,2026-03-11,5,47047.66,112,3,3,3,9,Loyal Customers
CUST6559,2025-10-19,4,28201.8,255,2,2,2,6,Potential Loyalists
CUST6560,2026-05-22,16,136679.63,40,4,4,4,12,Champions
CUST6561,2026-04-13,16,139448.16,79,3,4,4,11,Champions
CUST6562,2025-03-29,1,5776.48,459,1,1,1,3,Lost / Churned
CUST6563,2025-03-10,3,40454.850000000006,478,1,2,2,5,At Risk
CUST6564,2024-06-25,1,23636.73,736,1,1,1,3,Lost / Churned
CUST6565,2025-12-01,5,60001.71,212,2,3,3,8,Loyal Customers
CUST6566,2026-05-15,5,71318.6,47,4,3,4,11,Champions
CUST6567,2024-05-19,2,17077.87,773,1,1,1,3,Lost / Churned
CUST6568,2024-09-20,1,5712.14,649,1,1,1,3,Lost / Churned
CUST6569,2026-05-21,12,85903.69,41,4,4,4,12,Champions
CUST6570,2026-04-13,7,66055.02,79,3,3,3,9,Loyal Customers
CUST6571,2025-04-10,2,25960.79,447,1,1,2,4,At Risk
CUST6572,2026-04-16,9,99401.55,76,3,4,4,11,Champions
CUST6573,2025-12-27,3,37709.7,186,2,2,2,6,Potential Loyalists
CUST6574,2025-08-05,3,21057.4,330,1,2,1,4,At Risk
CUST6575,2026-06-22,11,137475.23,9,4,4,4,12,Champions
CUST6576,2026-05-27,7,39636.869999999995,35,4,3,2,9,Loyal Customers
CUST6577,2026-06-28,9,111630.31,3,4,4,4,12,Champions
CUST6578,2025-09-19,3,15183.73,285,1,2,1,4,At Risk
CUST6579,2026-03-18,3,44492.380000000005,105,3,2,3,8,Loyal Customers
CUST6580,2026-02-21,3,38441.54,130,3,2,2,7,Potential Loyalists
CUST6581,2026-04-28,19,144415.32,64,3,4,4,11,Champions
CUST6582,2026-04-18,8,84274.09,74,3,4,4,11,Champions
CUST6583,2026-01-06,6,51954.75,176,2,3,3,8,Loyal Customers
CUST6584,2026-05-19,11,84014.68,43,4,4,4,12,Champions
CUST6585,2026-04-29,3,27768.78,63,3,2,2,7,Potential Loyalists
CUST6586,2026-04-10,4,30169.79,82,3,2,2,7,Potential Loyalists
CUST6587,2024-11-08,2,5529.46,600,1,1,1,3,Lost / Churned
CUST6588,2026-06-15,17,202436.15,16,4,4,4,12,Champions
CUST6589,2026-02-23,6,45236.8,128,3,3,3,9,Loyal Customers
CUST6590,2026-03-07,7,68892.31,116,3,3,3,9,Loyal Customers
CUST6591,2025-12-22,8,86906.98,191,2,4,4,10,Champions
CUST6592,2026-05-05,7,78394.82,57,3,3,4,10,Champions
CUST6593,2026-03-24,9,72196.35,99,3,4,4,11,Champions
CUST6594,2026-05-09,8,79270.0,53,4,4,4,12,Champions
CUST6595,2026-05-10,6,70970.21,52,4,3,4,11,Champions
CUST6596,2025-11-22,9,52717.909999999996,221,2,4,3,9,Loyal Customers
CUST6597,2025-04-10,5,32633.260000000002,447,1,3,2,6,Potential Loyalists
CUST6598,2025-12-25,2,21307.879999999997,188,2,1,1,4,At Risk
CUST6599,2025-10-10,2,25839.74,264,2,1,2,5,At Risk
CUST6600,2025-12-13,7,63844.48,200,2,3,3,8,Loyal Customers
CUST6601,2025-12-19,4,66947.9,194,2,2,3,7,Potential Loyalists
CUST6602,2026-05-05,5,39726.69,57,3,3,2,8,Loyal Customers
CUST6603,2024-12-06,2,9331.689999999999,572,1,1,1,3,Lost / Churned
CUST6604,2025-09-26,6,67953.93,278,2,3,3,8,Loyal Customers
CUST6605,2026-03-28,6,37751.31,95,3,3,2,8,Loyal Customers
CUST6606,2026-05-20,6,42607.31,42,4,3,2,9,Loyal Customers
CUST6607,2026-02-03,6,33441.8,148,2,3,2,7,Potential Loyalists
CUST6608,2026-05-17,4,34696.77,45,4,2,2,8,Loyal Customers
CUST6609,2024-07-27,1,4046.27,704,1,1,1,3,Lost / Churned
CUST6610,2026-03-08,7,49832.03,115,3,3,3,9,Loyal Customers
CUST6611,2026-05-20,14,141741.91,42,4,4,4,12,Champions
CUST6612,2026-05-03,6,38283.79,59,3,3,2,8,Loyal Customers
CUST6613,2026-01-09,5,21827.22,173,2,3,1,6,Potential Loyalists
CUST6614,2026-06-10,9,72443.39,21,4,4,4,12,Champions
CUST6615,2026-03-13,3,27219.07,110,3,2,2,7,Potential Loyalists
CUST6616,2026-05-15,3,50424.2,47,4,2,3,9,Loyal Customers
CUST6617,2025-08-16,2,24068.25,319,1,1,1,3,Lost / Churned
CUST6618,2024-12-17,2,11827.57,561,1,1,1,3,Lost / Churned
CUST6619,2025-05-27,3,30201.19,400,1,2,2,5,At Risk
CUST6620,2026-06-01,8,66618.09,30,4,4,3,11,Champions
CUST6621,2024-05-17,1,5781.75,775,1,1,1,3,Lost / Churned
CUST6622,2026-01-26,3,28165.190000000002,156,2,2,2,6,Potential Loyalists
CUST6623,2025-09-16,3,7436.2699999999995,288,1,2,1,4,At Risk
CUST6624,2026-03-17,4,54291.99,106,3,2,3,8,Loyal Customers
CUST6625,2026-03-17,7,51173.270000000004,106,3,3,3,9,Loyal Customers
CUST6626,2025-06-08,5,56063.35,388,1,3,3,7,Potential Loyalists
CUST6627,2026-02-23,8,68149.66,128,3,4,3,10,Champions
CUST6628,2026-06-19,15,124203.01999999999,12,4,4,4,12,Champions
CUST6629,2024-02-18,2,9821.77,864,1,1,1,3,Lost / Churned
CUST6630,2026-02-05,7,87443.74,146,2,3,4,9,Loyal Customers
CUST6631,2026-05-03,4,40186.18,59,3,2,2,7,Potential Loyalists
CUST6632,2026-01-01,4,31698.019999999997,181,2,2,2,6,Potential Loyalists
CUST6633,2026-03-07,14,121486.06,116,3,4,4,11,Champions
CUST6634,2026-04-28,8,80544.83,64,3,4,4,11,Champions
CUST6635,2025-01-05,3,45606.1,542,1,2,3,6,Potential Loyalists
CUST6636,2026-01-03,12,93448.41,179,2,4,4,10,Champions
CUST6637,2026-02-03,3,17866.73,148,2,2,1,5,At Risk
CUST6638,2026-06-12,6,47322.100000000006,19,4,3,3,10,Champions
CUST6639,2026-06-01,4,53199.55,30,4,2,3,9,Loyal Customers
CUST6640,2026-06-29,8,53593.06,2,4,4,3,11,Champions
CUST6641,2026-02-23,1,11252.2,128,3,1,1,5,At Risk
CUST6642,2026-06-19,9,122621.31999999999,12,4,4,4,12,Champions
CUST6643,2026-05-31,8,78276.76999999999,31,4,4,4,12,Champions
CUST6644,2025-01-19,2,13000.36,528,1,1,1,3,Lost / Churned
CUST6645,2025-01-26,3,26153.4,521,1,2,2,5,At Risk
CUST6646,2025-11-20,6,60963.32,223,2,3,3,8,Loyal Customers
CUST6647,2026-03-27,3,60080.41,96,3,2,3,8,Loyal Customers
CUST6648,2026-06-09,2,24821.239999999998,22,4,1,2,7,Potential Loyalists
CUST6649,2026-03-17,4,43958.299999999996,106,3,2,2,7,Potential Loyalists
CUST6650,2026-04-09,3,7676.0,83,3,2,1,6,Potential Loyalists
CUST6651,2025-04-11,3,50933.08,446,1,2,3,6,Potential Loyalists
CUST6652,2026-06-29,11,61913.81,2,4,4,3,11,Champions
CUST6653,2025-11-12,8,46905.24,231,2,4,3,9,Loyal Customers
CUST6654,2025-08-12,3,39537.3,323,1,2,2,5,At Risk
CUST6655,2026-03-01,3,9495.25,122,3,2,1,6,Potential Loyalists
CUST6656,2026-06-14,17,171725.74,17,4,4,4,12,Champions
CUST6657,2026-05-12,10,127977.70999999999,50,4,4,4,12,Champions
CUST6658,2026-02-13,4,51407.6,138,2,2,3,7,Potential Loyalists
CUST6659,2026-03-06,7,74620.75,117,3,3,4,10,Champions
CUST6660,2026-06-07,2,18588.4,24,4,1,1,6,Potential Loyalists
CUST6661,2026-06-03,1,7937.08,28,4,1,1,6,Potential Loyalists
CUST6662,2025-01-11,1,18756.28,536,1,1,1,3,Lost / Churned
CUST6663,2024-03-02,1,19548.27,851,1,1,1,3,Lost / Churned
CUST6664,2026-06-22,10,139920.7,9,4,4,4,12,Champions
CUST6665,2024-11-25,2,16159.1,583,1,1,1,3,Lost / Churned
CUST6666,2025-10-16,8,74592.93,258,2,4,4,10,Champions
CUST6667,2025-10-15,7,18634.5,259,2,3,1,6,Potential Loyalists
CUST6668,2026-04-18,10,74258.9,74,3,4,4,11,Champions
CUST6669,2026-06-15,6,43092.58,16,4,3,2,9,Loyal Customers
CUST6670,2025-09-19,6,81760.38,285,1,3,4,8,Loyal Customers
CUST6671,2025-12-19,8,79471.56,194,2,4,4,10,Champions
CUST6672,2026-03-15,7,69022.89,108,3,3,3,9,Loyal Customers
CUST6673,2024-07-10,1,523.77,721,1,1,1,3,Lost / Churned
CUST6674,2026-05-03,4,41096.07,59,3,2,2,7,Potential Loyalists
CUST6675,2025-03-18,4,19035.46,470,1,2,1,4,At Risk
CUST6676,2026-04-13,3,26635.309999999998,79,3,2,2,7,Potential Loyalists
CUST6677,2026-03-07,6,46811.92,116,3,3,3,9,Loyal Customers
CUST6678,2026-04-26,11,99262.68000000001,66,3,4,4,11,Champions
CUST6679,2026-05-21,11,135201.27000000002,41,4,4,4,12,Champions
CUST6680,2026-05-22,10,117988.82,40,4,4,4,12,Champions
CUST6681,2026-01-23,6,31364.26,159,2,3,2,7,Potential Loyalists
CUST6682,2025-12-22,8,62763.880000000005,191,2,4,3,9,Loyal Customers
CUST6683,2025-01-03,1,16220.74,544,1,1,1,3,Lost / Churned
CUST6684,2024-09-22,1,478.13,647,1,1,1,3,Lost / Churned
CUST6685,2025-03-14,5,43580.729999999996,474,1,3,2,6,Potential Loyalists
CUST6686,2025-04-21,3,26973.97,436,1,2,2,5,At Risk
CUST6687,2024-10-29,3,8137.03,610,1,2,1,4,At Risk
CUST6688,2026-06-21,7,70176.22,10,4,3,3,10,Champions
CUST6689,2026-01-03,5,81772.81,179,2,3,4,9,Loyal Customers
CUST6690,2026-05-20,7,47042.33,42,4,3,3,10,Champions
CUST6691,2026-06-22,6,35725.05,9,4,3,2,9,Loyal Customers
CUST6692,2026-06-09,10,104491.23999999999,22,4,4,4,12,Champions
CUST6693,2026-06-04,2,13289.02,27,4,1,1,6,Potential Loyalists
CUST6694,2026-04-25,12,129848.84,67,3,4,4,11,Champions
CUST6695,2024-09-18,1,10493.44,651,1,1,1,3,Lost / Churned
CUST6696,2025-12-05,5,47895.8,208,2,3,3,8,Loyal Customers
CUST6697,2025-07-31,5,75138.54999999999,335,1,3,4,8,Loyal Customers
CUST6698,2026-06-26,14,171127.68,5,4,4,4,12,Champions
CUST6699,2025-11-09,8,80142.98999999999,234,2,4,4,10,Champions
CUST6700,2026-03-04,6,73637.77,119,3,3,4,10,Champions
CUST6701,2025-12-05,9,84169.09,208,2,4,4,10,Champions
CUST6702,2025-11-16,1,24097.38,227,2,1,1,4,At Risk
CUST6703,2025-10-21,3,16246.08,253,2,2,1,5,At Risk
CUST6704,2026-03-16,5,41087.58,107,3,3,2,8,Loyal Customers
CUST6705,2026-01-11,3,37958.86,171,2,2,2,6,Potential Loyalists
CUST6706,2026-05-24,6,77546.03,38,4,3,4,11,Champions
CUST6707,2025-12-07,3,24138.19,206,2,2,1,5,At Risk
CUST6708,2026-02-16,6,43650.53,135,3,3,2,8,Loyal Customers
CUST6709,2025-08-29,3,23575.74,306,1,2,1,4,At Risk
CUST6710,2025-07-26,5,78195.42,340,1,3,4,8,Loyal Customers
CUST6711,2026-06-06,11,115769.12,25,4,4,4,12,Champions
CUST6712,2025-04-16,4,33322.06,441,1,2,2,5,At Risk
CUST6713,2026-06-11,6,81570.98999999999,20,4,3,4,11,Champions
CUST6714,2024-12-21,3,7147.280000000001,557,1,2,1,4,At Risk
CUST6715,2024-10-16,1,10289.43,623,1,1,1,3,Lost / Churned
CUST6716,2026-02-13,8,44444.270000000004,138,2,4,3,9,Loyal Customers
CUST6717,2025-08-29,1,23533.92,306,1,1,1,3,Lost / Churned
CUST6718,2025-12-15,8,106248.26000000001,198,2,4,4,10,Champions
CUST6719,2026-02-01,6,62645.41,150,2,3,3,8,Loyal Customers
CUST6720,2024-09-13,3,10141.75,656,1,2,1,4,At Risk
CUST6721,2026-02-13,5,50895.09,138,2,3,3,8,Loyal Customers
CUST6722,2025-11-02,6,83709.27,241,2,3,4,9,Loyal Customers
CUST6723,2026-05-08,9,142941.57,54,4,4,4,12,Champions
CUST6724,2026-01-21,2,38695.59,161,2,1,2,5,At Risk
CUST6725,2026-05-03,7,52036.28,59,3,3,3,9,Loyal Customers
CUST6726,2025-06-05,4,35061.270000000004,391,1,2,2,5,At Risk
CUST6727,2026-05-26,6,99168.27,36,4,3,4,11,Champions
CUST6728,2026-05-22,2,14708.18,40,4,1,1,6,Potential Loyalists
CUST6729,2026-05-11,7,78040.01000000001,51,4,3,4,11,Champions
CUST6730,2026-05-18,11,120389.21,44,4,4,4,12,Champions
CUST6731,2025-12-01,2,12087.3,212,2,1,1,4,At Risk
CUST6732,2026-06-15,6,50349.13,16,4,3,3,10,Champions
CUST6733,2026-06-27,15,128452.9,4,4,4,4,12,Champions
CUST6734,2025-12-08,12,108635.39,205,2,4,4,10,Champions
CUST6735,2025-10-18,1,20979.39,256,2,1,1,4,At Risk
CUST6736,2025-10-11,5,37930.29,263,2,3,2,7,Potential Loyalists
CUST6737,2025-11-29,3,15188.720000000001,214,2,2,1,5,At Risk
CUST6738,2026-02-25,7,66758.92,126,3,3,3,9,Loyal Customers
CUST6739,2026-05-26,5,53812.59,36,4,3,3,10,Champions
CUST6740,2026-06-03,6,64816.18,28,4,3,3,10,Champions
CUST6741,2025-12-15,6,47851.03,198,2,3,3,8,Loyal Customers
CUST6742,2025-03-04,4,44336.77,484,1,2,2,5,At Risk
CUST6743,2025-07-18,7,70456.14,348,1,3,3,7,Potential Loyalists
CUST6744,2026-01-19,5,39754.1,163,2,3,2,7,Potential Loyalists
CUST6745,2026-04-13,4,29358.72,79,3,2,2,7,Potential Loyalists
CUST6746,2025-10-16,2,11836.02,258,2,1,1,4,At Risk
CUST6747,2026-01-15,13,128448.32,167,2,4,4,10,Champions
CUST6748,2025-08-29,1,2126.67,306,1,1,1,3,Lost / Churned
CUST6749,2025-06-17,3,56270.64,379,1,2,3,6,Potential Loyalists
CUST6750,2026-05-05,12,134052.72999999998,57,3,4,4,11,Champions
CUST6751,2026-05-02,3,24510.43,60,3,2,1,6,Potential Loyalists
CUST6752,2026-04-29,4,24190.19,63,3,2,1,6,Potential Loyalists
CUST6753,2026-06-13,2,10831.58,18,4,1,1,6,Potential Loyalists
CUST6754,2026-01-14,4,67393.39,168,2,2,3,7,Potential Loyalists
CUST6755,2025-03-02,1,5800.11,486,1,1,1,3,Lost / Churned
CUST6756,2026-06-30,2,27128.17,1,4,1,2,7,Potential Loyalists
CUST6757,2026-02-21,5,34873.75,130,3,3,2,8,Loyal Customers
CUST6758,2026-05-21,5,33349.76,41,4,3,2,9,Loyal Customers
CUST6759,2026-06-27,5,54976.130000000005,4,4,3,3,10,Champions
CUST6760,2026-06-23,3,38241.53,8,4,2,2,8,Loyal Customers
CUST6761,2024-08-20,1,21412.4,680,1,1,1,3,Lost / Churned
CUST6762,2026-02-14,7,70155.19,137,2,3,3,8,Loyal Customers
CUST6763,2026-02-13,3,39360.06,138,2,2,2,6,Potential Loyalists
CUST6764,2025-09-26,2,18000.57,278,2,1,1,4,At Risk
CUST6765,2026-03-28,4,27663.36,95,3,2,2,7,Potential Loyalists
CUST6766,2025-01-13,3,37115.15,534,1,2,2,5,At Risk
CUST6767,2026-06-06,4,37306.84,25,4,2,2,8,Loyal Customers
CUST6768,2024-11-25,1,2890.04,583,1,1,1,3,Lost / Churned
CUST6769,2025-10-14,3,25060.84,260,2,2,2,6,Potential Loyalists
CUST6770,2025-11-08,2,11380.09,235,2,1,1,4,At Risk
CUST6771,2026-03-07,6,60724.11,116,3,3,3,9,Loyal Customers
CUST6772,2026-06-18,6,71236.75,13,4,3,4,11,Champions
CUST6773,2026-01-01,4,56249.57,181,2,2,3,7,Potential Loyalists
CUST6774,2026-04-19,3,43395.06,73,3,2,2,7,Potential Loyalists
CUST6775,2025-02-02,8,80984.29,514,1,4,4,9,Loyal Customers
CUST6776,2025-07-17,6,63119.47,349,1,3,3,7,Potential Loyalists
CUST6777,2026-06-22,11,133301.48,9,4,4,4,12,Champions
CUST6778,2024-08-27,1,15020.54,673,1,1,1,3,Lost / Churned
CUST6779,2024-12-18,2,40373.899999999994,560,1,1,2,4,At Risk
CUST6780,2026-01-03,8,50889.1,179,2,4,3,9,Loyal Customers
CUST6781,2026-06-28,10,127129.53,3,4,4,4,12,Champions
CUST6782,2025-12-23,3,34016.01,190,2,2,2,6,Potential Loyalists
CUST6783,2026-02-20,2,10273.32,131,3,1,1,5,At Risk
CUST6784,2026-05-08,5,46921.69,54,4,3,3,10,Champions
CUST6785,2026-05-11,4,30828.94,51,4,2,2,8,Loyal Customers
CUST6786,2026-06-06,8,89694.44,25,4,4,4,12,Champions
CUST6787,2026-01-12,3,11541.33,170,2,2,1,5,At Risk
CUST6788,2026-05-24,1,7450.21,38,4,1,1,6,Potential Loyalists
CUST6789,2025-06-09,1,6229.29,387,1,1,1,3,Lost / Churned
CUST6790,2026-03-31,8,67598.86,92,3,4,3,10,Champions
CUST6791,2026-04-09,7,91686.75,83,3,3,4,10,Champions
CUST6792,2025-07-12,3,18559.35,354,1,2,1,4,At Risk
CUST6793,2026-01-22,9,101441.86,160,2,4,4,10,Champions
CUST6794,2025-06-19,2,9718.07,377,1,1,1,3,Lost / Churned
CUST6795,2024-06-23,2,20132.17,738,1,1,1,3,Lost / Churned
CUST6796,2026-04-18,7,66093.78,74,3,3,3,9,Loyal Customers
CUST6797,2026-05-21,3,21923.5,41,4,2,1,7,Potential Loyalists
CUST6798,2025-06-02,4,14636.09,394,1,2,1,4,At Risk
CUST6799,2025-11-10,5,48816.64,233,2,3,3,8,Loyal Customers
CUST6800,2025-06-10,1,5528.82,386,1,1,1,3,Lost / Churned
CUST6801,2025-09-30,3,23648.17,274,2,2,1,5,At Risk
CUST6802,2025-07-30,3,46366.93,336,1,2,3,6,Potential Loyalists
CUST6803,2026-04-13,5,25834.87,79,3,3,2,8,Loyal Customers
CUST6804,2026-05-12,19,156152.49,50,4,4,4,12,Champions
CUST6805,2026-04-15,12,95795.82,77,3,4,4,11,Champions
CUST6806,2025-07-24,4,35943.68,342,1,2,2,5,At Risk
CUST6807,2024-10-19,4,47666.56,620,1,2,3,6,Potential Loyalists
CUST6808,2026-05-24,5,35134.81,38,4,3,2,9,Loyal Customers
CUST6809,2025-01-29,1,5159.98,518,1,1,1,3,Lost / Churned
CUST6810,2024-09-17,3,40830.97,652,1,2,2,5,At Risk
CUST6811,2025-11-25,6,70240.65000000001,218,2,3,3,8,Loyal Customers
CUST6812,2026-05-05,6,57753.9,57,3,3,3,9,Loyal Customers
CUST6813,2026-03-12,2,26716.07,111,3,1,2,6,Potential Loyalists
CUST6814,2025-11-23,4,49447.22,220,2,2,3,7,Potential Loyalists
CUST6815,2026-06-07,10,124483.37,24,4,4,4,12,Champions
CUST6816,2026-06-20,9,117541.23999999999,11,4,4,4,12,Champions
CUST6817,2026-04-07,6,69683.38,85,3,3,3,9,Loyal Customers
CUST6818,2026-04-10,6,52356.229999999996,82,3,3,3,9,Loyal Customers
CUST6819,2025-06-19,3,27785.16,377,1,2,2,5,At Risk
CUST6820,2026-02-08,5,45935.26,143,2,3,3,8,Loyal Customers
CUST6821,2025-12-07,9,82808.02,206,2,4,4,10,Champions
CUST6822,2026-06-25,16,144476.89,6,4,4,4,12,Champions
CUST6823,2026-01-18,4,27875.3,164,2,2,2,6,Potential Loyalists
CUST6824,2025-12-08,5,25122.629999999997,205,2,3,2,7,Potential Loyalists
CUST6825,2025-06-21,3,32386.35,375,1,2,2,5,At Risk
CUST6826,2026-04-24,7,52060.86,68,3,4,3,10,Champions
CUST6827,2026-01-14,5,24869.96,168,2,3,2,7,Potential Loyalists
CUST6828,2025-05-02,2,12136.630000000001,425,1,1,1,3,Lost / Churned
CUST6829,2026-03-28,5,48079.05,95,3,3,3,9,Loyal Customers
CUST6830,2025-10-08,4,64129.649999999994,266,2,2,3,7,Potential Loyalists
CUST6831,2026-05-17,2,11129.990000000002,45,4,1,1,6,Potential Loyalists
CUST6832,2026-05-07,3,11991.05,55,3,2,1,6,Potential Loyalists
CUST6833,2026-06-26,4,56507.380000000005,5,4,2,3,9,Loyal Customers
CUST6834,2026-02-08,4,54016.92,143,2,2,3,7,Potential Loyalists
CUST6835,2026-02-08,2,18662.29,143,2,1,1,4,At Risk
CUST6836,2026-03-31,4,48513.75,92,3,2,3,8,Loyal Customers
CUST6837,2026-05-12,6,79877.85,50,4,3,4,11,Champions
CUST6838,2026-06-16,4,23923.05,15,4,2,1,7,Potential Loyalists
CUST6839,2026-04-02,8,87433.33,90,3,4,4,11,Champions
CUST6840,2026-01-04,7,81965.91,178,2,4,4,10,Champions
CUST6841,2026-02-12,7,41076.450000000004,139,2,4,2,8,Loyal Customers
CUST6842,2026-06-04,6,43395.69,27,4,3,2,9,Loyal Customers
CUST6843,2025-04-26,2,20327.39,431,1,1,1,3,Lost / Churned
CUST6844,2025-03-26,6,50280.85,462,1,3,3,7,Potential Loyalists
CUST6845,2025-12-15,9,84927.86,198,2,4,4,10,Champions
CUST6846,2026-06-07,6,39568.88,24,4,3,2,9,Loyal Customers
CUST6847,2026-01-24,3,34763.65,158,2,2,2,6,Potential Loyalists
CUST6848,2026-01-11,3,33569.16,171,2,2,2,6,Potential Loyalists
CUST6849,2025-09-18,5,77305.31,286,1,3,4,8,Loyal Customers
CUST6850,2025-04-14,4,20938.96,443,1,2,1,4,At Risk
CUST6851,2026-06-12,2,15784.54,19,4,1,1,6,Potential Loyalists
CUST6852,2026-03-10,5,46231.86,113,3,3,3,9,Loyal Customers
CUST6853,2026-06-13,8,63395.08,18,4,4,3,11,Champions
CUST6854,2026-04-19,2,1414.1,73,3,1,1,5,At Risk
CUST6855,2026-01-14,6,74186.52,168,2,3,4,9,Loyal Customers
CUST6856,2026-03-15,12,116224.56,108,3,4,4,11,Champions
CUST6857,2025-06-17,7,54814.06,379,1,4,3,8,Loyal Customers
CUST6858,2026-04-10,3,23641.71,82,3,2,1,6,Potential Loyalists
CUST6859,2025-10-31,5,48722.61,243,2,3,3,8,Loyal Customers
CUST6860,2026-05-26,11,147565.5,36,4,4,4,12,Champions
CUST6861,2026-01-20,10,84061.53,162,2,4,4,10,Champions
CUST6862,2026-06-28,9,72354.77,3,4,4,4,12,Champions
CUST6863,2026-02-22,3,25216.81,129,3,2,2,7,Potential Loyalists
CUST6864,2025-06-28,3,32122.42,368,1,2,2,5,At Risk
CUST6865,2025-12-17,2,28942.21,196,2,1,2,5,At Risk
CUST6866,2026-04-04,5,41570.6,88,3,3,2,8,Loyal Customers
CUST6867,2026-03-15,3,33403.26,108,3,2,2,7,Potential Loyalists
CUST6868,2025-07-27,2,39946.32,339,1,1,2,4,At Risk
CUST6869,2024-11-03,3,25785.739999999998,605,1,2,2,5,At Risk
CUST6870,2026-03-02,2,13681.0,121,3,1,1,5,At Risk
CUST6871,2025-05-15,1,10480.53,412,1,1,1,3,Lost / Churned
CUST6872,2025-11-17,4,22387.07,226,2,2,1,5,At Risk
CUST6873,2026-01-21,1,3627.2,161,2,1,1,4,At Risk
CUST6874,2026-05-17,7,63383.380000000005,45,4,4,3,11,Champions
CUST6875,2025-04-07,1,8917.91,450,1,1,1,3,Lost / Churned
CUST6876,2024-06-09,1,15121.0,752,1,1,1,3,Lost / Churned
CUST6877,2026-04-29,3,58199.47,63,3,2,3,8,Loyal Customers
CUST6878,2025-08-15,4,29955.809999999998,320,1,2,2,5,At Risk
CUST6879,2026-03-24,7,58608.94,99,3,4,3,10,Champions
CUST6880,2024-11-20,2,19237.66,588,1,1,1,3,Lost / Churned
CUST6881,2025-09-04,3,25704.649999999998,300,1,2,2,5,At Risk
CUST6882,2026-06-06,11,105220.22,25,4,4,4,12,Champions
CUST6883,2026-01-04,5,72874.54,178,2,3,4,9,Loyal Customers
CUST6884,2025-11-17,2,18899.79,226,2,1,1,4,At Risk
CUST6885,2025-07-01,3,29896.55,365,1,2,2,5,At Risk
CUST6886,2025-11-13,6,45705.479999999996,230,2,3,3,8,Loyal Customers
CUST6887,2026-05-18,6,67600.26,44,4,3,3,10,Champions
CUST6888,2026-03-01,4,55354.79,122,3,2,3,8,Loyal Customers
CUST6889,2026-03-03,3,25559.84,120,3,2,2,7,Potential Loyalists
CUST6890,2025-12-13,5,38771.17,200,2,3,2,7,Potential Loyalists
CUST6891,2026-06-07,6,37259.34,24,4,3,2,9,Loyal Customers
CUST6892,2026-03-18,3,22793.77,105,3,2,1,6,Potential Loyalists
CUST6893,2026-02-23,3,53702.1,128,3,2,3,8,Loyal Customers
CUST6894,2025-09-24,3,19319.739999999998,280,2,2,1,5,At Risk
CUST6895,2025-09-12,1,5188.45,292,1,1,1,3,Lost / Churned
CUST6896,2026-03-08,4,37571.33,115,3,2,2,7,Potential Loyalists
CUST6897,2024-03-05,1,6680.3,848,1,1,1,3,Lost / Churned
CUST6898,2026-03-22,6,41907.26,101,3,3,2,8,Loyal Customers
CUST6899,2026-04-16,5,53453.84,76,3,3,3,9,Loyal Customers
CUST6900,2026-06-26,6,65252.18,5,4,3,3,10,Champions
CUST6901,2026-01-15,6,61754.51,167,2,3,3,8,Loyal Customers
CUST6902,2026-03-15,12,107838.58,108,3,4,4,11,Champions
CUST6903,2025-09-17,5,55554.95,287,1,3,3,7,Potential Loyalists
CUST6904,2025-08-23,4,6360.79,312,1,2,1,4,At Risk
CUST6905,2026-05-20,12,83132.05,42,4,4,4,12,Champions
CUST6906,2026-05-11,10,96036.95,51,4,4,4,12,Champions
CUST6907,2025-12-22,4,45703.7,191,2,2,3,7,Potential Loyalists
CUST6908,2025-04-15,8,82883.68000000001,442,1,4,4,9,Loyal Customers
CUST6909,2026-01-05,4,23097.059999999998,177,2,2,1,5,At Risk
CUST6910,2025-01-19,2,39338.05,528,1,1,2,4,At Risk
CUST6911,2026-03-06,3,25515.86,117,3,2,2,7,Potential Loyalists
CUST6912,2024-11-11,2,8161.68,597,1,1,1,3,Lost / Churned
CUST6913,2025-09-11,4,53467.600000000006,293,1,2,3,6,Potential Loyalists
CUST6914,2025-11-10,2,8097.459999999999,233,2,1,1,4,At Risk
CUST6915,2025-07-06,3,37039.69,360,1,2,2,5,At Risk
CUST6916,2025-04-12,4,47682.68,445,1,2,3,6,Potential Loyalists
CUST6917,2025-09-11,6,41560.09,293,1,3,2,6,Potential Loyalists
CUST6918,2025-12-05,5,37281.64,208,2,3,2,7,Potential Loyalists
CUST6919,2026-03-27,5,36618.020000000004,96,3,3,2,8,Loyal Customers
CUST6920,2026-03-13,3,29801.039999999997,110,3,2,2,7,Potential Loyalists
CUST6921,2026-03-24,2,20268.129999999997,99,3,1,1,5,At Risk
CUST6922,2026-05-18,7,64464.93,44,4,4,3,11,Champions
CUST6923,2024-02-04,1,12242.43,878,1,1,1,3,Lost / Churned
CUST6924,2026-03-02,4,4551.56,121,3,2,1,6,Potential Loyalists
CUST6925,2026-06-10,10,110957.4,21,4,4,4,12,Champions
CUST6926,2026-06-18,15,131682.83,13,4,4,4,12,Champions
CUST6927,2024-12-23,2,16946.760000000002,555,1,1,1,3,Lost / Churned
CUST6928,2025-11-07,9,79776.99,236,2,4,4,10,Champions
CUST6929,2026-06-20,12,123630.2,11,4,4,4,12,Champions
CUST6930,2026-04-07,5,36781.06,85,3,3,2,8,Loyal Customers
CUST6931,2025-02-16,1,7356.89,500,1,1,1,3,Lost / Churned
CUST6932,2026-03-23,8,80537.37,100,3,4,4,11,Champions
CUST6933,2026-01-25,13,150425.38,157,2,4,4,10,Champions
CUST6934,2026-02-15,5,30623.1,136,3,3,2,8,Loyal Customers
CUST6935,2026-06-13,3,24013.07,18,4,2,1,7,Potential Loyalists
CUST6936,2025-11-21,2,15766.82,222,2,1,1,4,At Risk
CUST6937,2026-01-27,1,14942.16,155,2,1,1,4,At Risk
CUST6938,2025-11-19,4,21632.93,224,2,2,1,5,At Risk
CUST6939,2026-01-30,5,45851.049999999996,152,2,3,3,8,Loyal Customers
CUST6940,2025-04-17,2,7429.58,440,1,1,1,3,Lost / Churned
CUST6941,2025-11-25,4,30578.69,218,2,2,2,6,Potential Loyalists
CUST6942,2025-07-14,4,40463.69,352,1,2,2,5,At Risk
CUST6943,2025-12-04,1,4451.28,209,2,1,1,4,At Risk
CUST6944,2026-03-19,2,17655.11,104,3,1,1,5,At Risk
CUST6945,2026-04-21,9,72653.81,71,3,4,4,11,Champions
CUST6946,2026-04-13,6,89003.03,79,3,3,4,10,Champions
CUST6947,2026-06-28,4,55207.18,3,4,2,3,9,Loyal Customers
CUST6948,2026-04-20,5,27784.17,72,3,3,2,8,Loyal Customers
CUST6949,2026-04-06,9,111222.37,86,3,4,4,11,Champions
CUST6950,2026-06-12,11,137500.72,19,4,4,4,12,Champions
CUST6951,2025-10-02,5,26422.84,272,2,3,2,7,Potential Loyalists
CUST6952,2026-03-16,6,55390.56,107,3,3,3,9,Loyal Customers
CUST6953,2026-01-20,7,60302.79,162,2,4,3,9,Loyal Customers
CUST6954,2025-11-28,7,37625.06,215,2,4,2,8,Loyal Customers
CUST6955,2026-05-19,5,23351.26,43,4,3,1,8,Loyal Customers
CUST6956,2025-10-11,5,34476.59,263,2,3,2,7,Potential Loyalists
CUST6957,2026-04-14,4,30477.39,78,3,2,2,7,Potential Loyalists
CUST6958,2026-04-20,10,114850.40000000001,72,3,4,4,11,Champions
CUST6959,2024-08-07,3,33638.18,693,1,2,2,5,At Risk
CUST6960,2026-02-27,10,81921.25,124,3,4,4,11,Champions
CUST6961,2026-05-26,8,57808.14,36,4,4,3,11,Champions
CUST6962,2026-04-04,5,60306.840000000004,88,3,3,3,9,Loyal Customers
CUST6963,2026-04-23,8,89319.78,69,3,4,4,11,Champions
CUST6964,2026-06-30,5,80737.12,1,4,3,4,11,Champions
CUST6965,2026-03-29,3,31588.620000000003,94,3,2,2,7,Potential Loyalists
CUST6966,2026-05-14,3,28342.77,48,4,2,2,8,Loyal Customers
CUST6967,2026-05-03,3,46382.880000000005,59,3,2,3,8,Loyal Customers
CUST6968,2025-03-13,4,55390.479999999996,475,1,2,3,6,Potential Loyalists
CUST6969,2025-12-18,6,67693.06999999999,195,2,3,3,8,Loyal Customers
CUST6970,2025-02-21,2,14773.25,495,1,1,1,3,Lost / Churned
CUST6971,2025-03-24,2,23671.76,464,1,1,1,3,Lost / Churned
CUST6972,2026-04-24,2,17158.04,68,3,1,1,5,At Risk
CUST6973,2025-11-06,1,28633.11,237,2,1,2,5,At Risk
CUST6974,2026-06-27,9,50603.12,4,4,4,3,11,Champions
CUST6975,2026-05-15,15,101637.20999999999,47,4,4,4,12,Champions
CUST6976,2026-04-05,5,48474.46,87,3,3,3,9,Loyal Customers
CUST6977,2025-10-18,4,47465.07,256,2,2,3,7,Potential Loyalists
CUST6978,2026-02-13,5,56096.99,138,2,3,3,8,Loyal Customers
CUST6979,2025-07-28,3,31150.61,338,1,2,2,5,At Risk
CUST6980,2026-01-03,9,55928.060000000005,179,2,4,3,9,Loyal Customers
CUST6981,2025-08-21,3,47082.21,314,1,2,3,6,Potential Loyalists
CUST6982,2026-06-01,5,58518.6,30,4,3,3,10,Champions
CUST6983,2024-03-04,1,28700.89,849,1,1,2,4,At Risk
CUST6984,2026-05-17,1,4900.78,45,4,1,1,6,Potential Loyalists
CUST6985,2026-06-01,14,137285.03,30,4,4,4,12,Champions
CUST6986,2026-06-30,8,99361.67,1,4,4,4,12,Champions
CUST6987,2026-01-30,11,55102.92,152,2,4,3,9,Loyal Customers
CUST6988,2026-04-23,2,28132.49,69,3,1,2,6,Potential Loyalists
CUST6989,2024-07-25,1,366.34,706,1,1,1,3,Lost / Churned
CUST6990,2026-05-11,14,129348.8,51,4,4,4,12,Champions
CUST6991,2026-05-31,2,18847.18,31,4,1,1,6,Potential Loyalists
CUST6992,2026-06-30,5,58839.79,1,4,3,3,10,Champions
CUST6993,2025-02-04,1,5845.36,512,1,1,1,3,Lost / Churned
CUST6994,2025-03-05,6,67081.58,483,1,3,3,7,Potential Loyalists
CUST6995,2025-10-18,2,21828.41,256,2,1,1,4,At Risk
CUST6996,2025-08-15,3,52478.25,320,1,2,3,6,Potential Loyalists
CUST6997,2026-01-20,3,33275.57,162,2,2,2,6,Potential Loyalists
CUST6998,2024-04-11,1,5762.0,811,1,1,1,3,Lost / Churned
CUST6999,2025-11-04,1,4962.16,239,2,1,1,4,At Risk
CUST7000,2026-05-03,9,77286.26,59,3,4,4,11,Champions
CUST7001,2025-03-04,7,65907.16,484,1,4,3,8,Loyal Customers
CUST7002,2024-12-26,5,64797.22,552,1,3,3,7,Potential Loyalists
CUST7003,2025-11-27,5,41050.92,216,2,3,2,7,Potential Loyalists
CUST7004,2026-06-20,7,57496.59,11,4,4,3,11,Champions
CUST7005,2026-01-04,6,98604.82,178,2,3,4,9,Loyal Customers
CUST7006,2025-05-30,4,48606.2,397,1,2,3,6,Potential Loyalists
CUST7007,2026-05-09,6,34104.74,53,4,3,2,9,Loyal Customers
CUST7008,2026-05-23,4,55904.759999999995,39,4,2,3,9,Loyal Customers
CUST7009,2026-02-08,6,44670.54,143,2,3,3,8,Loyal Customers
CUST7010,2026-03-19,7,92965.12,104,3,4,4,11,Champions
CUST7011,2024-09-13,1,5683.57,656,1,1,1,3,Lost / Churned
CUST7012,2026-04-05,1,14319.56,87,3,1,1,5,At Risk
CUST7013,2025-10-03,3,22991.079999999998,271,2,2,1,5,At Risk
CUST7014,2026-01-10,5,29623.61,172,2,3,2,7,Potential Loyalists
CUST7015,2026-06-06,13,147208.25,25,4,4,4,12,Champions
CUST7016,2025-10-12,4,31764.72,262,2,2,2,6,Potential Loyalists
CUST7017,2025-10-05,1,2958.47,269,2,1,1,4,At Risk
CUST7018,2026-05-07,2,20927.13,55,3,1,1,5,At Risk
CUST7019,2026-04-18,8,77386.65,74,3,4,4,11,Champions
CUST7020,2025-11-27,2,27351.449999999997,216,2,1,2,5,At Risk
CUST7021,2026-04-19,8,81059.95999999999,73,3,4,4,11,Champions
CUST7022,2026-04-20,3,29682.92,72,3,2,2,7,Potential Loyalists
CUST7023,2025-06-05,1,18153.01,391,1,1,1,3,Lost / Churned
CUST7024,2026-05-19,13,122516.29,43,4,4,4,12,Champions
CUST7025,2024-08-29,1,9152.32,671,1,1,1,3,Lost / Churned
CUST7026,2025-11-20,9,118403.09,223,2,4,4,10,Champions
CUST7027,2026-05-21,7,46879.85,41,4,4,3,11,Champions
CUST7028,2026-02-03,6,98526.07,148,2,3,4,9,Loyal Customers
CUST7029,2026-06-07,7,65405.83,24,4,4,3,11,Champions
CUST7030,2026-02-10,8,49893.13,141,2,4,3,9,Loyal Customers
CUST7031,2026-04-14,6,60622.61,78,3,3,3,9,Loyal Customers
CUST7032,2026-06-06,13,161561.94,25,4,4,4,12,Champions
CUST7033,2026-05-03,9,140902.17,59,3,4,4,11,Champions
CUST7034,2025-08-28,7,39307.54,307,1,4,2,7,Potential Loyalists
CUST7035,2025-07-23,2,20512.86,343,1,1,1,3,Lost / Churned
CUST7036,2025-05-17,2,19555.219999999998,410,1,1,1,3,Lost / Churned
CUST7037,2024-06-30,2,9597.33,731,1,1,1,3,Lost / Churned
CUST7038,2025-04-09,3,38408.7,448,1,2,2,5,At Risk
CUST7039,2025-03-27,1,23857.92,461,1,1,1,3,Lost / Churned
CUST7040,2025-12-25,5,82595.28,188,2,3,4,9,Loyal Customers
CUST7041,2026-06-20,5,53273.1,11,4,3,3,10,Champions
CUST7042,2026-06-17,7,100492.58,14,4,4,4,12,Champions
CUST7043,2026-04-03,2,9020.26,89,3,1,1,5,At Risk
CUST7044,2026-04-05,6,52320.619999999995,87,3,3,3,9,Loyal Customers
CUST7045,2025-07-02,1,2364.82,364,1,1,1,3,Lost / Churned
CUST7046,2024-07-31,3,38360.13,700,1,2,2,5,At Risk
CUST7047,2024-12-23,4,45359.810000000005,555,1,2,3,6,Potential Loyalists
CUST7048,2026-02-13,3,27632.370000000003,138,2,2,2,6,Potential Loyalists
CUST7049,2024-04-05,3,25970.22,817,1,2,2,5,At Risk
CUST7050,2025-11-15,4,37803.22,228,2,2,2,6,Potential Loyalists
CUST7051,2026-01-22,6,40200.54,160,2,3,2,7,Potential Loyalists
CUST7052,2025-12-11,7,77945.68,202,2,4,4,10,Champions
CUST7053,2025-08-24,6,29368.56,311,1,3,2,6,Potential Loyalists
CUST7054,2026-04-19,5,39550.060000000005,73,3,3,2,8,Loyal Customers
CUST7055,2026-04-25,1,18233.76,67,3,1,1,5,At Risk
CUST7056,2025-06-10,5,50047.56,386,1,3,3,7,Potential Loyalists
CUST7057,2026-02-13,1,8644.9,138,2,1,1,4,At Risk
CUST7058,2025-10-18,3,18505.6,256,2,2,1,5,At Risk
CUST7059,2026-01-02,2,30533.510000000002,180,2,1,2,5,At Risk
CUST7060,2024-09-27,1,4882.52,642,1,1,1,3,Lost / Churned
CUST7061,2026-03-07,7,54324.77,116,3,4,3,10,Champions
CUST7062,2026-06-13,5,46476.54,18,4,3,3,10,Champions
CUST7063,2025-04-17,4,20335.23,440,1,2,1,4,At Risk
CUST7064,2025-09-01,6,55233.649999999994,303,1,3,3,7,Potential Loyalists
CUST7065,2026-06-13,4,14769.65,18,4,2,1,7,Potential Loyalists
CUST7066,2025-01-11,3,9325.11,536,1,2,1,4,At Risk
CUST7067,2024-08-28,1,26474.96,672,1,1,2,4,At Risk
CUST7068,2026-04-24,14,144320.92,68,3,4,4,11,Champions
CUST7069,2026-01-28,5,35290.89,154,2,3,2,7,Potential Loyalists
CUST7070,2025-11-04,4,77412.84999999999,239,2,2,4,8,Loyal Customers
CUST7071,2026-03-15,7,43257.84,108,3,4,2,9,Loyal Customers
CUST7072,2026-06-05,3,10566.43,26,4,2,1,7,Potential Loyalists
CUST7073,2026-06-13,9,80340.83,18,4,4,4,12,Champions
CUST7074,2025-12-18,5,42815.55,195,2,3,2,7,Potential Loyalists
CUST7075,2026-03-15,4,59773.01,108,3,2,3,8,Loyal Customers
CUST7076,2025-11-28,6,100809.20999999999,215,2,3,4,9,Loyal Customers
CUST7077,2026-04-11,8,36044.380000000005,81,3,4,2,9,Loyal Customers
CUST7078,2026-05-17,11,70607.20999999999,45,4,4,3,11,Champions
CUST7079,2024-08-31,2,14000.71,669,1,1,1,3,Lost / Churned
CUST7080,2025-08-13,5,47402.149999999994,322,1,3,3,7,Potential Loyalists
CUST7081,2026-02-22,2,15830.92,129,3,1,1,5,At Risk
CUST7082,2024-12-12,4,40399.229999999996,566,1,2,2,5,At Risk
CUST7083,2026-05-26,6,74275.53,36,4,3,4,11,Champions
CUST7084,2025-10-28,1,18157.72,246,2,1,1,4,At Risk
CUST7085,2025-01-15,2,36016.56,532,1,1,2,4,At Risk
CUST7086,2025-08-08,5,73251.88,327,1,3,4,8,Loyal Customers
CUST7087,2025-02-07,4,53346.090000000004,509,1,2,3,6,Potential Loyalists
CUST7088,2026-02-26,7,59675.36,125,3,4,3,10,Champions
CUST7089,2026-02-14,2,9095.8,137,2,1,1,4,At Risk
CUST7090,2025-01-13,3,57562.61,534,1,2,3,6,Potential Loyalists
CUST7091,2026-03-23,1,20423.36,100,3,1,1,5,At Risk
CUST7092,2026-06-20,3,13312.89,11,4,2,1,7,Potential Loyalists
CUST7093,2026-06-17,6,75971.76,14,4,3,4,11,Champions
CUST7094,2026-03-27,7,99892.51999999999,96,3,4,4,11,Champions
CUST7095,2026-01-14,2,27058.65,168,2,1,2,5,At Risk
CUST7096,2025-12-14,6,90378.56,199,2,3,4,9,Loyal Customers
CUST7097,2025-10-20,6,55270.32,254,2,3,3,8,Loyal Customers
CUST7098,2026-06-03,7,57115.909999999996,28,4,4,3,11,Champions
CUST7099,2026-02-02,3,8909.789999999999,149,2,2,1,5,At Risk
CUST7100,2025-05-08,1,4048.06,419,1,1,1,3,Lost / Churned
CUST7101,2026-04-13,5,40823.27,79,3,3,2,8,Loyal Customers
CUST7102,2024-10-10,2,27778.27,629,1,1,2,4,At Risk
CUST7103,2026-05-24,7,40989.3,38,4,4,2,10,Champions
CUST7104,2025-05-09,1,5131.14,418,1,1,1,3,Lost / Churned
CUST7105,2024-11-24,1,504.9,584,1,1,1,3,Lost / Churned
CUST7106,2024-10-19,4,46998.67,620,1,2,3,6,Potential Loyalists
CUST7107,2026-04-07,3,42891.96,85,3,2,2,7,Potential Loyalists
CUST7108,2026-05-06,13,153509.15,56,3,4,4,11,Champions
CUST7109,2026-06-24,6,45454.22,7,4,3,3,10,Champions
CUST7110,2026-05-25,3,41626.36,37,4,2,2,8,Loyal Customers
CUST7111,2025-11-01,4,21022.6,242,2,2,1,5,At Risk
CUST7112,2025-09-09,3,14677.05,295,1,2,1,4,At Risk
CUST7113,2026-04-04,12,163078.66,88,3,4,4,11,Champions
CUST7114,2025-09-20,5,53327.93,284,2,3,3,8,Loyal Customers
CUST7115,2026-06-17,10,110839.59999999999,14,4,4,4,12,Champions
CUST7116,2025-02-17,2,7648.94,499,1,1,1,3,Lost / Churned
CUST7117,2026-03-27,2,16679.16,96,3,1,1,5,At Risk
CUST7118,2026-06-30,8,72758.18000000001,1,4,4,4,12,Champions
CUST7119,2026-03-15,3,25129.07,108,3,2,2,7,Potential Loyalists
CUST7120,2026-06-27,4,12939.52,4,4,2,1,7,Potential Loyalists
CUST7121,2026-06-18,5,73807.92,13,4,3,4,11,Champions
CUST7122,2026-06-22,12,166069.45,9,4,4,4,12,Champions
CUST7123,2026-06-22,9,50366.5,9,4,4,3,11,Champions
CUST7124,2026-05-12,8,104636.59,50,4,4,4,12,Champions
CUST7125,2026-05-11,9,124719.56,51,4,4,4,12,Champions
CUST7126,2026-05-08,6,32554.420000000002,54,4,3,2,9,Loyal Customers
CUST7127,2025-07-11,2,36814.67,355,1,1,2,4,At Risk
CUST7128,2026-04-04,3,24683.58,88,3,2,1,6,Potential Loyalists
CUST7129,2025-09-28,8,97197.35,276,2,4,4,10,Champions
CUST7130,2026-04-14,9,79785.65,78,3,4,4,11,Champions
CUST7131,2026-04-23,6,82011.9,69,3,3,4,10,Champions
CUST7132,2026-04-09,3,14489.89,83,3,2,1,6,Potential Loyalists
CUST7133,2025-08-23,3,39511.03,312,1,2,2,5,At Risk
CUST7134,2026-04-05,5,34400.270000000004,87,3,3,2,8,Loyal Customers
CUST7135,2025-06-05,2,13000.619999999999,391,1,1,1,3,Lost / Churned
CUST7136,2025-12-30,3,36348.380000000005,183,2,2,2,6,Potential Loyalists
CUST7137,2025-08-10,5,50097.54,325,1,3,3,7,Potential Loyalists
CUST7138,2026-04-05,6,106304.2,87,3,3,4,10,Champions
CUST7139,2026-05-19,2,31402.629999999997,43,4,1,2,7,Potential Loyalists
CUST7140,2026-06-12,12,105433.42,19,4,4,4,12,Champions
CUST7141,2026-04-20,6,43964.979999999996,72,3,3,2,8,Loyal Customers
CUST7142,2026-04-12,10,148160.42,80,3,4,4,11,Champions
CUST7143,2026-06-10,7,62946.77,21,4,4,3,11,Champions
CUST7144,2026-03-21,6,33287.93,102,3,3,2,8,Loyal Customers
CUST7145,2026-05-05,6,52456.57,57,3,3,3,9,Loyal Customers
CUST7146,2025-12-14,7,57890.479999999996,199,2,4,3,9,Loyal Customers
CUST7147,2026-03-11,3,31400.73,112,3,2,2,7,Potential Loyalists
CUST7148,2026-02-25,3,47364.689999999995,126,3,2,3,8,Loyal Customers
CUST7149,2026-06-28,3,34310.05,3,4,2,2,8,Loyal Customers
CUST7150,2026-03-03,4,58694.54000000001,120,3,2,3,8,Loyal Customers
CUST7151,2026-06-20,6,69764.64,11,4,3,3,10,Champions
CUST7152,2026-06-13,11,79980.87,18,4,4,4,12,Champions
CUST7153,2025-06-12,1,8211.76,384,1,1,1,3,Lost / Churned
CUST7154,2026-05-04,9,70216.9,58,3,4,3,10,Champions
CUST7155,2026-06-27,3,68472.04000000001,4,4,2,3,9,Loyal Customers
CUST7156,2026-01-20,5,80328.92,162,2,3,4,9,Loyal Customers
CUST7157,2026-03-25,6,71121.06,98,3,3,4,10,Champions
CUST7158,2025-12-27,2,3720.89,186,2,1,1,4,At Risk
CUST7159,2026-02-20,6,35453.77,131,3,3,2,8,Loyal Customers
CUST7160,2025-01-20,5,46102.99,527,1,3,3,7,Potential Loyalists
CUST7161,2026-05-19,5,43570.18,43,4,3,2,9,Loyal Customers
CUST7162,2025-11-21,3,24662.95,222,2,2,1,5,At Risk
CUST7163,2026-03-26,2,20817.94,97,3,1,1,5,At Risk
CUST7164,2026-03-09,2,3585.1800000000003,114,3,1,1,5,At Risk
CUST7165,2026-04-09,9,57744.73,83,3,4,3,10,Champions
CUST7166,2026-04-23,6,51649.13,69,3,3,3,9,Loyal Customers
CUST7167,2026-03-14,6,102061.67,109,3,3,4,10,Champions
CUST7168,2026-06-15,4,13670.05,16,4,2,1,7,Potential Loyalists
CUST7169,2026-04-12,3,31973.300000000003,80,3,2,2,7,Potential Loyalists
CUST7170,2025-07-13,5,64137.020000000004,353,1,3,3,7,Potential Loyalists
CUST7171,2025-11-05,4,31544.309999999998,238,2,2,2,6,Potential Loyalists
CUST7172,2026-05-23,3,49120.44,39,4,2,3,9,Loyal Customers
CUST7173,2026-06-14,14,139679.07,17,4,4,4,12,Champions
CUST7174,2026-02-15,3,28729.010000000002,136,3,2,2,7,Potential Loyalists
CUST7175,2025-04-21,3,39084.21,436,1,2,2,5,At Risk
CUST7176,2026-04-16,7,47717.06,76,3,4,3,10,Champions
CUST7177,2025-10-20,3,23288.43,254,2,2,1,5,At Risk
CUST7178,2026-03-17,4,28863.3,106,3,2,2,7,Potential Loyalists
CUST7179,2026-02-28,5,30189.78,123,3,3,2,8,Loyal Customers
CUST7180,2025-09-23,5,54582.19,281,2,3,3,8,Loyal Customers
CUST7181,2025-11-18,2,30795.079999999998,225,2,1,2,5,At Risk
CUST7182,2025-10-01,5,42056.3,273,2,3,2,7,Potential Loyalists
CUST7183,2026-03-16,2,21449.489999999998,107,3,1,1,5,At Risk
CUST7184,2026-04-08,5,32721.19,84,3,3,2,8,Loyal Customers
CUST7185,2025-08-26,8,69505.04,309,1,4,3,8,Loyal Customers
CUST7186,2026-05-03,6,41931.33,59,3,3,2,8,Loyal Customers
CUST7187,2026-04-10,11,112028.12,82,3,4,4,11,Champions
CUST7188,2026-03-07,3,16167.89,116,3,2,1,6,Potential Loyalists
CUST7189,2026-04-14,3,21715.23,78,3,2,1,6,Potential Loyalists
CUST7190,2026-03-02,14,132696.71,121,3,4,4,11,Champions
CUST7191,2026-01-06,3,25031.41,176,2,2,2,6,Potential Loyalists
CUST7192,2026-06-17,5,19815.65,14,4,3,1,8,Loyal Customers
CUST7193,2026-05-07,3,13734.31,55,3,2,1,6,Potential Loyalists
CUST7194,2025-04-08,2,11339.09,449,1,1,1,3,Lost / Churned
CUST7195,2026-03-31,10,96390.84,92,3,4,4,11,Champions
CUST7196,2026-04-03,9,96760.51,89,3,4,4,11,Champions
CUST7197,2024-05-22,1,23411.92,770,1,1,1,3,Lost / Churned
CUST7198,2026-06-17,5,43557.71,14,4,3,2,9,Loyal Customers
CUST7199,2025-08-27,3,56777.18,308,1,2,3,6,Potential Loyalists
CUST7200,2024-08-16,2,22175.09,684,1,1,1,3,Lost / Churned
CUST7201,2026-04-10,6,50267.69,82,3,3,3,9,Loyal Customers
CUST7202,2025-10-19,4,32686.17,255,2,2,2,6,Potential Loyalists
CUST7203,2026-05-14,5,40948.479999999996,48,4,3,2,9,Loyal Customers
CUST7204,2025-10-20,3,9256.1,254,2,2,1,5,At Risk
CUST7205,2026-06-23,10,92698.85,8,4,4,4,12,Champions
CUST7206,2026-06-29,10,144553.51,2,4,4,4,12,Champions
CUST7207,2026-06-22,4,31806.109999999997,9,4,2,2,8,Loyal Customers
CUST7208,2026-03-31,10,133890.17,92,3,4,4,11,Champions
CUST7209,2026-03-14,3,31524.65,109,3,2,2,7,Potential Loyalists
CUST7210,2026-05-18,4,46586.8,44,4,2,3,9,Loyal Customers
CUST7211,2026-03-18,5,52378.2,105,3,3,3,9,Loyal Customers
CUST7212,2025-08-20,4,48822.84,315,1,2,3,6,Potential Loyalists
CUST7213,2026-05-21,2,31759.83,41,4,1,2,7,Potential Loyalists
CUST7214,2026-06-15,2,12266.82,16,4,1,1,6,Potential Loyalists
CUST7215,2026-04-19,6,57898.88,73,3,3,3,9,Loyal Customers
CUST7216,2025-12-22,3,11157.47,191,2,2,1,5,At Risk
CUST7217,2024-04-03,1,9527.49,819,1,1,1,3,Lost / Churned
CUST7218,2025-11-24,5,37517.259999999995,219,2,3,2,7,Potential Loyalists
CUST7219,2026-03-02,7,93658.86,121,3,4,4,11,Champions
CUST7220,2026-06-11,15,183085.16,20,4,4,4,12,Champions
CUST7221,2025-12-19,5,37427.37,194,2,3,2,7,Potential Loyalists
CUST7222,2026-02-04,7,45174.22,147,2,4,3,9,Loyal Customers
CUST7223,2026-03-08,5,42429.27,115,3,3,2,8,Loyal Customers
CUST7224,2026-01-18,5,88574.10999999999,164,2,3,4,9,Loyal Customers
CUST7225,2025-09-12,2,6160.3099999999995,292,1,1,1,3,Lost / Churned
CUST7226,2025-12-04,10,80139.25,209,2,4,4,10,Champions
CUST7227,2026-03-08,4,31858.89,115,3,2,2,7,Potential Loyalists
CUST7228,2026-03-03,5,70659.79,120,3,3,3,9,Loyal Customers
CUST7229,2026-01-22,4,52407.57,160,2,2,3,7,Potential Loyalists
CUST7230,2026-03-27,5,33716.4,96,3,3,2,8,Loyal Customers
CUST7231,2025-09-09,7,89379.22,295,1,4,4,9,Loyal Customers
CUST7232,2026-06-06,4,49942.33,25,4,2,3,9,Loyal Customers
CUST7233,2026-05-20,5,34249.869999999995,42,4,3,2,9,Loyal Customers
CUST7234,2024-06-30,3,26491.52,731,1,2,2,5,At Risk
CUST7235,2026-02-15,3,43745.58,136,3,2,2,7,Potential Loyalists
CUST7236,2025-02-01,2,4085.8199999999997,515,1,1,1,3,Lost / Churned
CUST7237,2026-06-29,5,33074.63,2,4,3,2,9,Loyal Customers
CUST7238,2025-12-15,7,67629.03,198,2,4,3,9,Loyal Customers
CUST7239,2026-03-26,8,80179.85,97,3,4,4,11,Champions
CUST7240,2026-06-06,7,44733.32,25,4,4,3,11,Champions
CUST7241,2026-02-22,3,21904.89,129,3,2,1,6,Potential Loyalists
CUST7242,2026-04-27,2,6048.02,65,3,1,1,5,At Risk
CUST7243,2025-10-09,3,39979.14,265,2,2,2,6,Potential Loyalists
CUST7244,2026-04-29,10,72615.54,63,3,4,4,11,Champions
CUST7245,2025-11-20,4,34546.28,223,2,2,2,6,Potential Loyalists
CUST7246,2026-04-04,5,61530.78999999999,88,3,3,3,9,Loyal Customers
CUST7247,2026-02-13,5,57853.27,138,2,3,3,8,Loyal Customers
CUST7248,2025-05-11,1,7018.42,416,1,1,1,3,Lost / Churned
CUST7249,2025-07-22,4,24123.75,344,1,2,1,4,At Risk
CUST7250,2025-03-12,4,32040.42,476,1,2,2,5,At Risk
CUST7251,2026-04-27,3,50095.75,65,3,2,3,8,Loyal Customers
CUST7252,2026-05-11,5,30836.07,51,4,3,2,9,Loyal Customers
CUST7253,2026-01-04,5,22665.56,178,2,3,1,6,Potential Loyalists
CUST7254,2026-04-22,5,40328.88,70,3,3,2,8,Loyal Customers
CUST7255,2025-11-21,5,21679.02,222,2,3,1,6,Potential Loyalists
CUST7256,2026-04-18,7,89151.20999999999,74,3,4,4,11,Champions
CUST7257,2026-04-04,5,40978.16,88,3,3,2,8,Loyal Customers
CUST7258,2026-01-12,7,69239.01,170,2,4,3,9,Loyal Customers
CUST7259,2026-05-26,6,43071.03,36,4,3,2,9,Loyal Customers
CUST7260,2025-08-01,1,24497.71,334,1,1,1,3,Lost / Churned
CUST7261,2025-08-27,8,89288.49,308,1,4,4,9,Loyal Customers
CUST7262,2026-06-13,13,153650.09,18,4,4,4,12,Champions
CUST7263,2026-06-06,5,60815.22,25,4,3,3,10,Champions
CUST7264,2025-11-04,5,33062.56,239,2,3,2,7,Potential Loyalists
CUST7265,2024-08-26,3,12218.830000000002,674,1,2,1,4,At Risk
CUST7266,2026-06-08,5,65226.17,23,4,3,3,10,Champions
CUST7267,2026-01-16,1,31224.8,166,2,1,2,5,At Risk
CUST7268,2026-06-03,6,42591.28,28,4,3,2,9,Loyal Customers
CUST7269,2026-03-24,6,35975.9,99,3,3,2,8,Loyal Customers
CUST7270,2024-04-24,1,27122.45,798,1,1,2,4,At Risk
CUST7271,2026-05-09,6,72498.39,53,4,3,4,11,Champions
CUST7272,2026-01-03,5,64756.9,179,2,3,3,8,Loyal Customers
CUST7273,2026-05-17,10,135670.55,45,4,4,4,12,Champions
CUST7274,2026-04-18,9,66806.65,74,3,4,3,10,Champions
CUST7275,2026-01-10,5,58554.869999999995,172,2,3,3,8,Loyal Customers
CUST7276,2026-03-24,2,13780.69,99,3,1,1,5,At Risk
CUST7277,2024-04-20,1,6865.85,802,1,1,1,3,Lost / Churned
CUST7278,2024-06-10,1,11320.01,751,1,1,1,3,Lost / Churned
CUST7279,2026-06-09,6,48216.240000000005,22,4,3,3,10,Champions
CUST7280,2025-09-17,7,76209.72,287,1,4,4,9,Loyal Customers
CUST7281,2026-05-26,2,29071.88,36,4,1,2,7,Potential Loyalists
CUST7282,2026-01-16,4,21981.62,166,2,2,1,5,At Risk
CUST7283,2025-05-05,2,31437.339999999997,422,1,1,2,4,At Risk
CUST7284,2026-05-19,8,45829.07,43,4,4,3,11,Champions
CUST7285,2026-06-30,6,49936.3,1,4,3,3,10,Champions
CUST7286,2026-04-25,5,58116.31,67,3,3,3,9,Loyal Customers
CUST7287,2026-03-30,2,24640.16,93,3,1,1,5,At Risk
CUST7288,2024-12-02,3,45561.91,576,1,2,3,6,Potential Loyalists
CUST7289,2026-02-15,10,98055.81,136,3,4,4,11,Champions
CUST7290,2025-11-18,3,25242.379999999997,225,2,2,2,6,Potential Loyalists
CUST7291,2026-05-27,8,46431.490000000005,35,4,4,3,11,Champions
CUST7292,2026-04-30,3,20041.870000000003,62,3,2,1,6,Potential Loyalists
CUST7293,2025-10-31,8,96956.12,243,2,4,4,10,Champions
CUST7294,2024-01-25,1,11659.82,888,1,1,1,3,Lost / Churned
CUST7295,2024-10-21,2,16670.95,618,1,1,1,3,Lost / Churned
CUST7296,2025-12-16,5,48660.119999999995,197,2,3,3,8,Loyal Customers
CUST7297,2025-05-23,4,75330.02,404,1,2,4,7,Potential Loyalists
CUST7298,2026-05-23,10,88569.49,39,4,4,4,12,Champions
CUST7299,2026-06-18,14,104958.20999999999,13,4,4,4,12,Champions
CUST7300,2024-11-17,3,31217.25,591,1,2,2,5,At Risk
CUST7301,2025-05-09,2,10996.31,418,1,1,1,3,Lost / Churned
CUST7302,2025-05-09,3,38484.25,418,1,2,2,5,At Risk
CUST7303,2026-05-19,5,27177.600000000002,43,4,3,2,9,Loyal Customers
CUST7304,2025-10-27,8,93445.76000000001,247,2,4,4,10,Champions
CUST7305,2025-12-19,4,20277.84,194,2,2,1,5,At Risk
CUST7306,2026-03-01,6,79341.06,122,3,3,4,10,Champions
CUST7307,2026-05-14,3,17328.489999999998,48,4,2,1,7,Potential Loyalists
CUST7308,2025-03-18,2,32132.97,470,1,1,2,4,At Risk
CUST7309,2026-04-26,8,103537.26000000001,66,3,4,4,11,Champions
CUST7310,2025-01-30,2,25846.59,517,1,1,2,4,At Risk
CUST7311,2025-12-11,5,66606.18,202,2,3,3,8,Loyal Customers
CUST7312,2026-06-21,7,94573.76,10,4,4,4,12,Champions
CUST7313,2025-06-22,2,13982.09,374,1,1,1,3,Lost / Churned
CUST7314,2025-11-15,2,20920.67,228,2,1,1,4,At Risk
CUST7315,2026-04-21,4,44971.49,71,3,2,3,8,Loyal Customers
CUST7316,2025-08-22,7,76923.72,313,1,4,4,9,Loyal Customers
CUST7317,2025-11-06,9,78433.34,237,2,4,4,10,Champions
CUST7318,2025-12-22,8,96111.56999999999,191,2,4,4,10,Champions
CUST7319,2026-03-31,2,21907.87,92,3,1,1,5,At Risk
CUST7320,2025-05-18,3,26156.61,409,1,2,2,5,At Risk
CUST7321,2025-06-13,2,4964.37,383,1,1,1,3,Lost / Churned
CUST7322,2026-06-04,9,91275.49,27,4,4,4,12,Champions
CUST7323,2025-12-22,3,29306.48,191,2,2,2,6,Potential Loyalists
CUST7324,2026-03-10,6,79688.1,113,3,3,4,10,Champions
CUST7325,2026-05-01,10,105851.12,61,3,4,4,11,Champions
CUST7326,2026-06-22,13,131993.49,9,4,4,4,12,Champions
CUST7327,2025-09-05,4,37792.770000000004,299,1,2,2,5,At Risk
CUST7328,2026-05-17,4,53908.44,45,4,2,3,9,Loyal Customers
CUST7329,2025-12-26,5,48168.229999999996,187,2,3,3,8,Loyal Customers
CUST7330,2025-05-29,5,42101.42,398,1,3,2,6,Potential Loyalists
CUST7331,2026-01-26,5,62839.71,156,2,3,3,8,Loyal Customers
CUST7332,2025-05-24,2,5955.530000000001,403,1,1,1,3,Lost / Churned
CUST7333,2026-06-12,5,31733.120000000003,19,4,3,2,9,Loyal Customers
CUST7334,2025-12-07,7,92096.47,206,2,4,4,10,Champions
CUST7335,2025-06-16,2,24379.61,380,1,1,1,3,Lost / Churned
CUST7336,2025-12-11,7,73604.54,202,2,4,4,10,Champions
CUST7337,2026-05-03,5,55845.66,59,3,3,3,9,Loyal Customers
CUST7338,2025-06-18,5,47880.79,378,1,3,3,7,Potential Loyalists
CUST7339,2026-06-13,1,5493.96,18,4,1,1,6,Potential Loyalists
CUST7340,2026-04-19,7,55822.13,73,3,4,3,10,Champions
CUST7341,2024-09-06,1,28200.02,663,1,1,2,4,At Risk
CUST7342,2025-11-24,4,40665.729999999996,219,2,2,2,6,Potential Loyalists
CUST7343,2026-05-19,5,78403.63,43,4,3,4,11,Champions
CUST7344,2025-12-31,1,892.15,182,2,1,1,4,At Risk
CUST7345,2025-11-04,6,41928.73,239,2,3,2,7,Potential Loyalists
CUST7346,2025-08-20,5,85298.49,315,1,3,4,8,Loyal Customers
CUST7347,2026-06-08,7,69191.48000000001,23,4,4,3,11,Champions
CUST7348,2025-08-15,5,18760.48,320,1,3,1,5,At Risk
CUST7349,2025-07-17,1,14024.88,349,1,1,1,3,Lost / Churned
CUST7350,2026-06-30,7,87562.51,1,4,4,4,12,Champions
CUST7351,2026-06-01,11,117121.20000000001,30,4,4,4,12,Champions
CUST7352,2026-02-22,5,59975.74,129,3,3,3,9,Loyal Customers
CUST7353,2025-01-17,3,17287.45,530,1,2,1,4,At Risk
CUST7354,2025-08-21,6,54530.33,314,1,3,3,7,Potential Loyalists
CUST7355,2026-06-09,11,105915.97,22,4,4,4,12,Champions
CUST7356,2026-03-07,1,10402.84,116,3,1,1,5,At Risk
CUST7357,2026-06-25,6,76912.11,6,4,3,4,11,Champions
CUST7358,2026-04-28,2,7165.9,64,3,1,1,5,At Risk
CUST7359,2025-06-28,2,29799.14,368,1,1,2,4,At Risk
CUST7360,2025-10-20,2,18694.6,254,2,1,1,4,At Risk
CUST7361,2026-06-16,2,33868.78,15,4,1,2,7,Potential Loyalists
CUST7362,2026-02-19,3,13733.7,132,3,2,1,6,Potential Loyalists
CUST7363,2025-11-26,4,41231.67,217,2,2,2,6,Potential Loyalists
CUST7364,2026-06-19,11,108777.03,12,4,4,4,12,Champions
CUST7365,2025-08-25,4,30612.25,310,1,2,2,5,At Risk
CUST7366,2025-02-13,1,8366.95,503,1,1,1,3,Lost / Churned
CUST7367,2026-06-27,7,62278.55,4,4,4,3,11,Champions
CUST7368,2026-05-13,15,130966.96,49,4,4,4,12,Champions
CUST7369,2025-01-26,2,14782.449999999999,521,1,1,1,3,Lost / Churned
CUST7370,2026-01-05,6,71601.8,177,2,3,4,9,Loyal Customers
CUST7371,2025-11-15,5,49884.869999999995,228,2,3,3,8,Loyal Customers
CUST7372,2025-10-08,2,15464.92,266,2,1,1,4,At Risk
CUST7373,2026-04-28,4,27200.52,64,3,2,2,7,Potential Loyalists
CUST7374,2025-11-24,7,85719.73999999999,219,2,4,4,10,Champions
CUST7375,2026-06-01,6,49998.89,30,4,3,3,10,Champions
CUST7376,2025-06-29,4,43259.62,367,1,2,2,5,At Risk
CUST7377,2026-01-06,3,19156.649999999998,176,2,2,1,5,At Risk
CUST7378,2024-06-25,3,54933.74,736,1,2,3,6,Potential Loyalists
CUST7379,2026-04-12,2,2696.18,80,3,1,1,5,At Risk
CUST7380,2024-12-04,2,20493.32,574,1,1,1,3,Lost / Churned
CUST7381,2026-05-25,7,83723.5,37,4,4,4,12,Champions
CUST7382,2025-04-05,3,39709.64,452,1,2,2,5,At Risk
CUST7383,2025-12-01,5,57383.95,212,2,3,3,8,Loyal Customers
CUST7384,2026-05-26,7,30060.67,36,4,4,2,10,Champions
CUST7385,2025-04-02,2,25498.489999999998,455,1,1,2,4,At Risk
CUST7386,2026-06-01,6,87687.36,30,4,3,4,11,Champions
CUST7387,2024-08-17,3,54084.899999999994,683,1,2,3,6,Potential Loyalists
CUST7388,2026-06-10,7,69824.70999999999,21,4,4,3,11,Champions
CUST7389,2026-03-04,3,23385.72,119,3,2,1,6,Potential Loyalists
CUST7390,2025-12-08,4,38528.61,205,2,2,2,6,Potential Loyalists
CUST7391,2026-06-28,3,38283.42,3,4,2,2,8,Loyal Customers
CUST7392,2025-09-16,4,38876.58,288,1,2,2,5,At Risk
CUST7393,2026-04-02,3,31236.23,90,3,2,2,7,Potential Loyalists
CUST7394,2026-05-01,5,30748.739999999998,61,3,3,2,8,Loyal Customers
CUST7395,2026-06-07,6,64701.29,24,4,3,3,10,Champions
CUST7396,2025-04-16,3,25205.21,441,1,2,2,5,At Risk
CUST7397,2025-12-04,5,69590.43,209,2,3,3,8,Loyal Customers
CUST7398,2026-04-10,4,18243.19,82,3,2,1,6,Potential Loyalists
CUST7399,2026-02-09,7,55004.369999999995,142,2,4,3,9,Loyal Customers
CUST7400,2025-08-27,2,37457.11,308,1,1,2,4,At Risk
CUST7401,2024-11-03,2,11386.14,605,1,1,1,3,Lost / Churned
CUST7402,2026-03-27,3,8118.63,96,3,2,1,6,Potential Loyalists
CUST7403,2025-11-16,4,41715.93,227,2,2,2,6,Potential Loyalists
CUST7404,2026-04-03,5,40792.96,89,3,3,2,8,Loyal Customers
CUST7405,2024-09-27,3,9927.54,642,1,2,1,4,At Risk
CUST7406,2026-01-16,3,22779.86,166,2,2,1,5,At Risk
CUST7407,2026-06-13,5,39371.71,18,4,3,2,9,Loyal Customers
CUST7408,2026-06-18,4,23988.71,13,4,2,1,7,Potential Loyalists
CUST7409,2026-06-16,6,31989.280000000002,15,4,3,2,9,Loyal Customers
CUST7410,2026-02-13,6,40047.59,138,2,3,2,7,Potential Loyalists
CUST7411,2026-03-11,3,25392.05,112,3,2,2,7,Potential Loyalists
CUST7412,2026-05-26,8,72761.18,36,4,4,4,12,Champions
CUST7413,2026-05-29,4,55491.28,33,4,2,3,9,Loyal Customers
CUST7414,2025-07-02,5,40817.45,364,1,3,2,6,Potential Loyalists
CUST7415,2026-04-29,9,99555.98,63,3,4,4,11,Champions
CUST7416,2025-02-25,2,11331.59,491,1,1,1,3,Lost / Churned
CUST7417,2026-01-21,5,54463.439999999995,161,2,3,3,8,Loyal Customers
CUST7418,2026-06-02,9,87086.95000000001,29,4,4,4,12,Champions
CUST7419,2026-04-15,8,135353.15,77,3,4,4,11,Champions
CUST7420,2026-01-31,2,12323.14,151,2,1,1,4,At Risk
CUST7421,2026-02-22,5,49092.6,129,3,3,3,9,Loyal Customers
CUST7422,2025-03-02,2,2841.86,486,1,1,1,3,Lost / Churned
CUST7423,2026-06-11,7,65525.31,20,4,4,3,11,Champions
CUST7424,2026-01-15,6,81446.95000000001,167,2,3,4,9,Loyal Customers
CUST7425,2026-06-28,16,184885.49,3,4,4,4,12,Champions
CUST7426,2026-01-13,5,27230.86,169,2,3,2,7,Potential Loyalists
CUST7427,2026-06-21,7,32914.74,10,4,4,2,10,Champions
CUST7428,2024-12-13,4,43253.020000000004,565,1,2,2,5,At Risk
CUST7429,2026-06-02,5,82717.19,29,4,3,4,11,Champions
CUST7430,2025-11-01,4,26911.73,242,2,2,2,6,Potential Loyalists
CUST7431,2025-12-13,4,30406.74,200,2,2,2,6,Potential Loyalists
CUST7432,2025-01-02,3,23961.72,545,1,2,1,4,At Risk
CUST7433,2026-01-23,4,22384.05,159,2,2,1,5,At Risk
CUST7434,2026-06-19,11,134722.35,12,4,4,4,12,Champions
CUST7435,2026-05-02,10,60028.25,60,3,4,3,10,Champions
CUST7436,2025-06-06,2,29781.29,390,1,1,2,4,At Risk
CUST7437,2025-12-10,5,59459.14,203,2,3,3,8,Loyal Customers
CUST7438,2026-04-23,11,94765.1,69,3,4,4,11,Champions
CUST7439,2026-05-26,4,44449.04,36,4,2,3,9,Loyal Customers
CUST7440,2026-06-11,7,59600.11,20,4,4,3,11,Champions
CUST7441,2026-05-28,9,102913.33,34,4,4,4,12,Champions
CUST7442,2026-05-08,7,98819.9,54,4,4,4,12,Champions
CUST7443,2026-02-06,9,72979.16,145,2,4,4,10,Champions
CUST7444,2025-01-02,2,30822.2,545,1,1,2,4,At Risk
CUST7445,2025-03-06,4,28816.7,482,1,2,2,5,At Risk
CUST7446,2026-03-23,3,38604.36,100,3,2,2,7,Potential Loyalists
CUST7447,2026-06-08,7,62714.4,23,4,4,3,11,Champions
CUST7448,2025-10-15,6,33031.98,259,2,3,2,7,Potential Loyalists
CUST7449,2024-06-18,1,5539.24,743,1,1,1,3,Lost / Churned
CUST7450,2026-06-23,14,129941.37,8,4,4,4,12,Champions
CUST7451,2026-06-07,10,103396.99,24,4,4,4,12,Champions
CUST7452,2026-05-11,7,63783.92999999999,51,4,4,3,11,Champions
CUST7453,2026-06-22,18,187014.36000000002,9,4,4,4,12,Champions
CUST7454,2026-03-17,4,30688.679999999997,106,3,2,2,7,Potential Loyalists
CUST7455,2026-03-19,8,93198.09999999999,104,3,4,4,11,Champions
CUST7456,2026-04-12,11,125635.12,80,3,4,4,11,Champions
CUST7457,2025-10-24,4,50604.100000000006,250,2,2,3,7,Potential Loyalists
CUST7458,2026-06-23,7,45176.600000000006,8,4,4,3,11,Champions
CUST7459,2025-08-05,3,28298.11,330,1,2,2,5,At Risk
CUST7460,2025-06-17,3,37694.38,379,1,2,2,5,At Risk
CUST7461,2026-06-01,6,52288.649999999994,30,4,3,3,10,Champions
CUST7462,2026-01-15,3,40334.8,167,2,2,2,6,Potential Loyalists
CUST7463,2026-04-10,8,108227.98,82,3,4,4,11,Champions
CUST7464,2025-09-01,1,4332.98,303,1,1,1,3,Lost / Churned
CUST7465,2025-07-27,4,64232.95,339,1,2,3,6,Potential Loyalists
CUST7466,2025-08-29,5,56487.479999999996,306,1,3,3,7,Potential Loyalists
CUST7467,2026-04-21,6,60848.33,71,3,3,3,9,Loyal Customers
CUST7468,2026-03-17,3,42170.94,106,3,2,2,7,Potential Loyalists
CUST7469,2026-03-16,4,48576.83,107,3,2,3,8,Loyal Customers
CUST7470,2026-01-20,3,69551.52,162,2,2,3,7,Potential Loyalists
CUST7471,2026-02-17,5,67280.43,134,3,3,3,9,Loyal Customers
CUST7472,2026-04-16,8,62432.92,76,3,4,3,10,Champions
CUST7473,2026-06-20,9,67247.98,11,4,4,3,11,Champions
CUST7474,2024-05-06,1,16224.09,786,1,1,1,3,Lost / Churned
CUST7475,2026-04-19,11,101342.61,73,3,4,4,11,Champions
CUST7476,2025-06-20,2,12349.34,376,1,1,1,3,Lost / Churned
CUST7477,2025-08-02,3,21345.21,333,1,2,1,4,At Risk
CUST7478,2025-09-09,4,45035.49,295,1,2,3,6,Potential Loyalists
CUST7479,2026-06-05,7,61569.54,26,4,4,3,11,Champions
CUST7480,2026-06-03,4,51260.91,28,4,2,3,9,Loyal Customers
CUST7481,2026-04-24,3,32181.35,68,3,2,2,7,Potential Loyalists
CUST7482,2026-06-03,6,90650.37,28,4,3,4,11,Champions
CUST7483,2025-12-06,7,77981.93,207,2,4,4,10,Champions
CUST7484,2024-09-16,2,17305.22,653,1,1,1,3,Lost / Churned
CUST7485,2025-05-16,7,73327.06,411,1,4,4,9,Loyal Customers
CUST7486,2026-02-25,6,37667.17,126,3,3,2,8,Loyal Customers
CUST7487,2026-04-29,16,154375.44,63,3,4,4,11,Champions
CUST7488,2026-03-25,10,84780.33,98,3,4,4,11,Champions
CUST7489,2026-06-02,10,83068.81,29,4,4,4,12,Champions
CUST7490,2026-06-25,3,45473.93,6,4,2,3,9,Loyal Customers
CUST7491,2024-07-18,5,28283.25,713,1,3,2,6,Potential Loyalists
CUST7492,2026-06-10,9,77341.39,21,4,4,4,12,Champions
CUST7493,2025-09-04,3,61194.47,300,1,2,3,6,Potential Loyalists
CUST7494,2024-04-08,2,16671.11,814,1,1,1,3,Lost / Churned
CUST7495,2025-11-13,4,54855.22,230,2,2,3,7,Potential Loyalists
CUST7496,2025-12-12,11,79246.19,201,2,4,4,10,Champions
CUST7497,2025-08-21,3,22188.239999999998,314,1,2,1,4,At Risk
CUST7498,2024-11-28,2,6577.780000000001,580,1,1,1,3,Lost / Churned
CUST7499,2026-06-23,7,69967.61,8,4,4,3,11,Champions
CUST7500,2026-05-06,3,30696.72,56,3,2,2,7,Potential Loyalists
CUST7501,2026-05-25,5,60128.08,37,4,3,3,10,Champions
CUST7502,2026-05-14,3,16612.82,48,4,2,1,7,Potential Loyalists
CUST7503,2025-10-08,4,44486.17,266,2,2,3,7,Potential Loyalists
CUST7504,2025-09-26,6,59062.509999999995,278,2,3,3,8,Loyal Customers
CUST7505,2026-01-10,3,32314.04,172,2,2,2,6,Potential Loyalists
CUST7506,2025-10-25,2,20417.440000000002,249,2,1,1,4,At Risk
CUST7507,2025-09-30,3,53659.16,274,2,2,3,7,Potential Loyalists
CUST7508,2025-11-28,2,47968.729999999996,215,2,1,3,6,Potential Loyalists
CUST7509,2025-11-26,3,32145.590000000004,217,2,2,2,6,Potential Loyalists
CUST7510,2026-06-27,7,52809.28,4,4,4,3,11,Champions
CUST7511,2026-05-01,4,28350.89,61,3,2,2,7,Potential Loyalists
CUST7512,2026-05-25,2,30725.66,37,4,1,2,7,Potential Loyalists
CUST7513,2026-06-09,7,54867.19,22,4,4,3,11,Champions
CUST7514,2026-02-17,5,42145.12,134,3,3,2,8,Loyal Customers
CUST7515,2026-05-29,2,13623.37,33,4,1,1,6,Potential Loyalists
CUST7516,2026-02-07,8,110349.08,144,2,4,4,10,Champions
CUST7517,2025-01-07,2,17669.14,540,1,1,1,3,Lost / Churned
CUST7518,2025-10-07,7,91484.31,267,2,4,4,10,Champions
CUST7519,2026-02-01,11,134286.24,150,2,4,4,10,Champions
CUST7520,2025-11-28,4,40278.79,215,2,2,2,6,Potential Loyalists
CUST7521,2026-06-01,7,73477.31,30,4,4,4,12,Champions
CUST7522,2025-07-04,2,22744.03,362,1,1,1,3,Lost / Churned
CUST7523,2026-05-21,8,83150.59,41,4,4,4,12,Champions
CUST7524,2025-08-07,7,70100.09,328,1,4,3,8,Loyal Customers
CUST7525,2026-03-06,7,68225.99,117,3,4,3,10,Champions
CUST7526,2026-03-20,7,81952.09,103,3,4,4,11,Champions
CUST7527,2026-04-27,12,82918.40000000001,65,3,4,4,11,Champions
CUST7528,2024-12-31,4,68190.48,547,1,2,3,6,Potential Loyalists
CUST7529,2026-04-20,3,41439.83,72,3,2,2,7,Potential Loyalists
CUST7530,2026-04-06,4,40550.35,86,3,2,2,7,Potential Loyalists
CUST7531,2026-01-28,9,96181.87,154,2,4,4,10,Champions
CUST7532,2025-11-19,8,94963.2,224,2,4,4,10,Champions
CUST7533,2024-09-15,1,4657.72,654,1,1,1,3,Lost / Churned
CUST7534,2025-10-24,3,42505.11,250,2,2,2,6,Potential Loyalists
CUST7535,2025-09-12,1,2636.85,292,1,1,1,3,Lost / Churned
CUST7536,2026-06-06,5,57014.44,25,4,3,3,10,Champions
CUST7537,2025-03-25,4,22263.2,463,1,2,1,4,At Risk
CUST7538,2026-06-28,6,54513.02,3,4,3,3,10,Champions
CUST7539,2026-06-06,4,29214.85,25,4,2,2,8,Loyal Customers
CUST7540,2025-09-29,5,40575.91,275,2,3,2,7,Potential Loyalists
CUST7541,2026-04-18,3,18880.54,74,3,2,1,6,Potential Loyalists
CUST7542,2026-04-27,3,18120.31,65,3,2,1,6,Potential Loyalists
CUST7543,2026-05-08,8,85451.16,54,4,4,4,12,Champions
CUST7544,2024-10-25,1,7903.24,614,1,1,1,3,Lost / Churned
CUST7545,2026-01-25,6,31665.16,157,2,3,2,7,Potential Loyalists
CUST7546,2024-09-19,1,13988.6,650,1,1,1,3,Lost / Churned
CUST7547,2026-06-08,12,127112.13,23,4,4,4,12,Champions
CUST7548,2025-08-27,3,23808.66,308,1,2,1,4,At Risk
CUST7549,2025-01-20,2,17544.32,527,1,1,1,3,Lost / Churned
CUST7550,2025-06-21,1,2841.69,375,1,1,1,3,Lost / Churned
CUST7551,2026-01-21,6,50282.01,161,2,3,3,8,Loyal Customers
CUST7552,2026-06-01,5,51186.15,30,4,3,3,10,Champions
CUST7553,2026-05-10,6,99161.82,52,4,3,4,11,Champions
CUST7554,2024-12-10,1,19886.76,568,1,1,1,3,Lost / Churned
CUST7555,2026-04-07,5,81508.95,85,3,3,4,10,Champions
CUST7556,2026-01-23,2,18130.99,159,2,1,1,4,At Risk
CUST7557,2026-06-23,5,71876.39,8,4,3,4,11,Champions
CUST7558,2026-06-24,5,52209.229999999996,7,4,3,3,10,Champions
CUST7559,2024-10-19,1,22861.5,620,1,1,1,3,Lost / Churned
CUST7560,2025-11-13,5,30271.66,230,2,3,2,7,Potential Loyalists
CUST7561,2026-01-15,3,22338.73,167,2,2,1,5,At Risk
CUST7562,2026-06-30,10,104967.12,1,4,4,4,12,Champions
CUST7563,2026-06-28,10,77486.34999999999,3,4,4,4,12,Champions
CUST7564,2025-11-19,7,81077.65,224,2,4,4,10,Champions
CUST7565,2026-04-17,9,61846.43,75,3,4,3,10,Champions
CUST7566,2025-10-02,3,27544.14,272,2,2,2,6,Potential Loyalists
CUST7567,2025-04-03,8,51428.590000000004,454,1,4,3,8,Loyal Customers
CUST7568,2025-06-07,2,6410.789999999999,389,1,1,1,3,Lost / Churned
CUST7569,2025-07-13,5,12957.39,353,1,3,1,5,At Risk
CUST7570,2026-01-12,3,25442.57,170,2,2,2,6,Potential Loyalists
CUST7571,2025-12-11,1,28095.03,202,2,1,2,5,At Risk
CUST7572,2025-09-03,4,19239.010000000002,301,1,2,1,4,At Risk
CUST7573,2026-03-10,7,25550.11,113,3,4,2,9,Loyal Customers
CUST7574,2026-04-06,7,55986.28,86,3,4,3,10,Champions
CUST7575,2025-02-05,6,31934.079999999998,511,1,3,2,6,Potential Loyalists
CUST7576,2026-03-02,5,67973.41,121,3,3,3,9,Loyal Customers
CUST7577,2025-12-18,2,11822.630000000001,195,2,1,1,4,At Risk
CUST7578,2026-05-27,3,16587.12,35,4,2,1,7,Potential Loyalists
CUST7579,2026-06-19,13,87870.69,12,4,4,4,12,Champions
CUST7580,2026-01-20,6,46864.810000000005,162,2,3,3,8,Loyal Customers
CUST7581,2025-07-25,4,52625.04,341,1,2,3,6,Potential Loyalists
CUST7582,2026-04-18,5,28370.550000000003,74,3,3,2,8,Loyal Customers
CUST7583,2026-04-15,7,77586.94,77,3,4,4,11,Champions
CUST7584,2025-11-29,4,41068.52,214,2,2,2,6,Potential Loyalists
CUST7585,2026-06-13,7,40478.42,18,4,4,2,10,Champions
CUST7586,2025-06-26,2,13408.099999999999,370,1,1,1,3,Lost / Churned
CUST7587,2025-06-22,2,25685.61,374,1,1,2,4,At Risk
CUST7588,2025-12-12,9,79963.87,201,2,4,4,10,Champions
CUST7589,2025-06-28,2,30848.28,368,1,1,2,4,At Risk
CUST7590,2026-03-06,6,55867.66,117,3,3,3,9,Loyal Customers
CUST7591,2024-07-28,3,16660.0,703,1,2,1,4,At Risk
CUST7592,2025-03-07,5,31932.239999999998,481,1,3,2,6,Potential Loyalists
CUST7593,2024-06-17,1,26227.3,744,1,1,2,4,At Risk
CUST7594,2026-01-30,2,39492.64,152,2,1,2,5,At Risk
CUST7595,2026-03-08,6,77731.75,115,3,3,4,10,Champions
CUST7596,2026-04-28,8,85542.87,64,3,4,4,11,Champions
CUST7597,2026-03-30,3,19270.25,93,3,2,1,6,Potential Loyalists
CUST7598,2025-12-10,5,68610.95,203,2,3,3,8,Loyal Customers
CUST7599,2026-01-15,6,66372.55,167,2,3,3,8,Loyal Customers
CUST7600,2026-04-10,6,44913.81,82,3,3,3,9,Loyal Customers
CUST7601,2026-02-23,6,34675.68,128,3,3,2,8,Loyal Customers
CUST7602,2026-01-08,3,32366.879999999997,174,2,2,2,6,Potential Loyalists
CUST7603,2026-05-17,8,51588.43,45,4,4,3,11,Champions
CUST7604,2026-04-28,6,70759.12,64,3,3,3,9,Loyal Customers
CUST7605,2026-03-29,15,138314.55,94,3,4,4,11,Champions
CUST7606,2024-11-07,1,1540.4,601,1,1,1,3,Lost / Churned
CUST7607,2025-05-07,2,16539.49,420,1,1,1,3,Lost / Churned
CUST7608,2025-04-23,3,37155.130000000005,434,1,2,2,5,At Risk
CUST7609,2025-10-23,12,124851.03,251,2,4,4,10,Champions
CUST7610,2025-11-18,4,45278.920000000006,225,2,2,3,7,Potential Loyalists
CUST7611,2026-01-19,6,77150.13,163,2,3,4,9,Loyal Customers
CUST7612,2026-04-27,2,23394.32,65,3,1,1,5,At Risk
CUST7613,2024-02-20,1,9487.1,862,1,1,1,3,Lost / Churned
CUST7614,2025-08-08,3,14470.359999999999,327,1,2,1,4,At Risk
CUST7615,2024-12-29,2,21181.92,549,1,1,1,3,Lost / Churned
CUST7616,2026-05-01,7,55953.07,61,3,4,3,10,Champions
CUST7617,2026-04-30,9,75917.58,62,3,4,4,11,Champions
CUST7618,2024-05-28,1,3934.26,764,1,1,1,3,Lost / Churned
CUST7619,2025-03-29,6,69295.35,459,1,3,3,7,Potential Loyalists
CUST7620,2026-06-21,6,56586.99,10,4,3,3,10,Champions
CUST7621,2025-09-22,2,39157.92,282,2,1,2,5,At Risk
CUST7622,2026-03-25,5,43407.81,98,3,3,2,8,Loyal Customers
CUST7623,2026-05-18,4,57996.4,44,4,2,3,9,Loyal Customers
CUST7624,2026-01-28,6,69234.45,154,2,3,3,8,Loyal Customers
CUST7625,2026-01-21,5,43293.32,161,2,3,2,7,Potential Loyalists
CUST7626,2026-04-20,6,60195.13,72,3,3,3,9,Loyal Customers
CUST7627,2026-04-20,5,21886.239999999998,72,3,3,1,7,Potential Loyalists
CUST7628,2025-08-04,1,19680.05,331,1,1,1,3,Lost / Churned
CUST7629,2024-12-30,4,29954.2,548,1,2,2,5,At Risk
CUST7630,2026-04-26,9,81342.01000000001,66,3,4,4,11,Champions
CUST7631,2024-09-09,3,30651.7,660,1,2,2,5,At Risk
CUST7632,2026-06-18,14,115721.8,13,4,4,4,12,Champions
CUST7633,2026-06-25,10,89467.73,6,4,4,4,12,Champions
CUST7634,2026-01-24,3,30223.43,158,2,2,2,6,Potential Loyalists
CUST7635,2026-05-31,8,78974.94,31,4,4,4,12,Champions
CUST7636,2025-10-11,7,51857.96000000001,263,2,4,3,9,Loyal Customers
CUST7637,2026-04-11,7,102387.96,81,3,4,4,11,Champions
CUST7638,2026-06-29,16,103626.09,2,4,4,4,12,Champions
CUST7639,2026-06-21,1,3024.47,10,4,1,1,6,Potential Loyalists
CUST7640,2025-11-13,8,74251.0,230,2,4,4,10,Champions
CUST7641,2026-06-04,6,84360.24,27,4,3,4,11,Champions
CUST7642,2024-02-22,1,27888.84,860,1,1,2,4,At Risk
CUST7643,2024-08-08,1,10678.64,692,1,1,1,3,Lost / Churned
CUST7644,2026-06-10,6,25185.89,21,4,3,2,9,Loyal Customers
CUST7645,2026-06-17,7,68440.54000000001,14,4,4,3,11,Champions
CUST7646,2026-04-11,13,138885.7,81,3,4,4,11,Champions
CUST7647,2025-09-04,3,60618.63,300,1,2,3,6,Potential Loyalists
CUST7648,2026-01-08,7,55715.06,174,2,4,3,9,Loyal Customers
CUST7649,2025-11-22,2,10216.69,221,2,1,1,4,At Risk
CUST7650,2026-05-16,6,55074.56,46,4,3,3,10,Champions
CUST7651,2026-05-31,7,63434.63,31,4,4,3,11,Champions
CUST7652,2026-04-23,4,26571.870000000003,69,3,2,2,7,Potential Loyalists
CUST7653,2025-07-15,2,37410.79,351,1,1,2,4,At Risk
CUST7654,2026-06-23,7,37924.93,8,4,4,2,10,Champions
CUST7655,2026-04-05,3,46321.58,87,3,2,3,8,Loyal Customers
CUST7656,2025-09-13,2,35031.04,291,1,1,2,4,At Risk
CUST7657,2026-05-14,5,44456.18,48,4,3,3,10,Champions
CUST7658,2026-06-04,4,52657.66,27,4,2,3,9,Loyal Customers
CUST7659,2025-10-31,10,79394.21,243,2,4,4,10,Champions
CUST7660,2025-09-07,6,46399.35,297,1,3,3,7,Potential Loyalists
CUST7661,2024-08-27,1,4754.88,673,1,1,1,3,Lost / Churned
CUST7662,2026-04-17,4,23324.83,75,3,2,1,6,Potential Loyalists
CUST7663,2026-04-13,3,10970.15,79,3,2,1,6,Potential Loyalists
CUST7664,2025-08-10,1,7732.5,325,1,1,1,3,Lost / Churned
CUST7665,2025-09-15,4,43673.82,289,1,2,2,5,At Risk
CUST7666,2026-03-21,4,67362.04000000001,102,3,2,3,8,Loyal Customers
CUST7667,2026-04-14,15,148977.35,78,3,4,4,11,Champions
CUST7668,2026-03-06,6,90477.63,117,3,3,4,10,Champions
CUST7669,2025-12-15,8,74169.97,198,2,4,4,10,Champions
CUST7670,2026-05-31,14,97935.34,31,4,4,4,12,Champions
CUST7671,2026-04-10,3,27461.010000000002,82,3,2,2,7,Potential Loyalists
CUST7672,2026-01-24,9,85491.14,158,2,4,4,10,Champions
CUST7673,2026-03-09,5,43010.54,114,3,3,2,8,Loyal Customers
CUST7674,2026-05-11,3,28124.14,51,4,2,2,8,Loyal Customers
CUST7675,2025-10-09,4,24788.379999999997,265,2,2,1,5,At Risk
CUST7676,2026-05-01,6,47135.700000000004,61,3,3,3,9,Loyal Customers
CUST7677,2026-06-25,9,102029.96,6,4,4,4,12,Champions
CUST7678,2026-06-29,4,46908.08,2,4,2,3,9,Loyal Customers
CUST7679,2025-06-17,1,31596.88,379,1,1,2,4,At Risk
CUST7680,2025-10-15,3,60710.71000000001,259,2,2,3,7,Potential Loyalists
CUST7681,2026-01-14,7,44520.17,168,2,4,3,9,Loyal Customers
CUST7682,2026-04-21,4,30356.17,71,3,2,2,7,Potential Loyalists
CUST7683,2026-03-17,8,83776.13,106,3,4,4,11,Champions
CUST7684,2025-01-14,1,6227.64,533,1,1,1,3,Lost / Churned
CUST7685,2025-10-04,5,33858.42,270,2,3,2,7,Potential Loyalists
CUST7686,2025-12-27,8,89413.99,186,2,4,4,10,Champions
CUST7687,2025-07-10,4,42881.47,356,1,2,2,5,At Risk
CUST7688,2026-05-02,1,19392.96,60,3,1,1,5,At Risk
CUST7689,2026-06-14,6,78185.41,17,4,3,4,11,Champions
CUST7690,2026-02-03,7,53986.92,148,2,4,3,9,Loyal Customers
CUST7691,2025-12-12,3,22056.989999999998,201,2,2,1,5,At Risk
CUST7692,2026-06-19,7,54262.82,12,4,4,3,11,Champions
CUST7693,2024-12-19,2,24673.2,559,1,1,1,3,Lost / Churned
CUST7694,2025-11-16,1,31833.52,227,2,1,2,5,At Risk
CUST7695,2025-05-07,4,52160.64,420,1,2,3,6,Potential Loyalists
CUST7696,2026-03-20,5,68303.88,103,3,3,3,9,Loyal Customers
CUST7697,2026-02-11,7,60913.89,140,2,4,3,9,Loyal Customers
CUST7698,2024-12-08,2,15950.210000000001,570,1,1,1,3,Lost / Churned
CUST7699,2026-05-04,3,19818.66,58,3,2,1,6,Potential Loyalists
CUST7700,2025-12-28,2,39044.12,185,2,1,2,5,At Risk
CUST7701,2026-05-11,6,47176.549999999996,51,4,3,3,10,Champions
CUST7702,2026-04-06,7,59708.2,86,3,4,3,10,Champions
CUST7703,2026-03-29,3,35466.7,94,3,2,2,7,Potential Loyalists
CUST7704,2026-04-25,7,71090.39,67,3,4,4,11,Champions
CUST7705,2024-11-11,3,12845.810000000001,597,1,2,1,4,At Risk
CUST7706,2026-02-25,6,72812.48,126,3,3,4,10,Champions
CUST7707,2025-05-14,10,65961.19,413,1,4,3,8,Loyal Customers
CUST7708,2025-08-09,5,37708.99,326,1,3,2,6,Potential Loyalists
CUST7709,2024-11-15,3,63505.08,593,1,2,3,6,Potential Loyalists
CUST7710,2026-05-11,9,109369.15,51,4,4,4,12,Champions
CUST7711,2026-03-19,1,4436.42,104,3,1,1,5,At Risk
CUST7712,2025-09-24,5,86497.66,280,2,3,4,9,Loyal Customers
CUST7713,2026-04-10,10,60017.34,82,3,4,3,10,Champions
CUST7714,2026-04-30,5,39645.31,62,3,3,2,8,Loyal Customers
CUST7715,2025-11-01,6,52291.479999999996,242,2,3,3,8,Loyal Customers
CUST7716,2026-04-24,9,65793.71,68,3,4,3,10,Champions
CUST7717,2025-07-16,4,65558.11,350,1,2,3,6,Potential Loyalists
CUST7718,2026-03-23,5,49060.03,100,3,3,3,9,Loyal Customers
CUST7719,2025-10-22,6,23652.02,252,2,3,1,6,Potential Loyalists
CUST7720,2026-03-02,5,36172.17,121,3,3,2,8,Loyal Customers
CUST7721,2026-02-04,3,31063.79,147,2,2,2,6,Potential Loyalists
CUST7722,2026-02-28,1,13766.2,123,3,1,1,5,At Risk
CUST7723,2026-05-28,6,65262.33,34,4,3,3,10,Champions
CUST7724,2026-06-03,5,43194.79,28,4,3,2,9,Loyal Customers
CUST7725,2025-12-31,6,71316.88,182,2,3,4,9,Loyal Customers
CUST7726,2026-04-28,16,174328.47,64,3,4,4,11,Champions
CUST7727,2026-04-14,5,59376.18,78,3,3,3,9,Loyal Customers
CUST7728,2026-03-05,5,34745.759999999995,118,3,3,2,8,Loyal Customers
CUST7729,2026-02-08,10,84328.0,143,2,4,4,10,Champions
CUST7730,2025-12-27,4,37036.34,186,2,2,2,6,Potential Loyalists
CUST7731,2024-09-26,2,22901.05,643,1,1,1,3,Lost / Churned
CUST7732,2026-02-16,6,82367.42,135,3,3,4,10,Champions
CUST7733,2025-07-22,4,44172.369999999995,344,1,2,2,5,At Risk
CUST7734,2026-04-24,5,37657.18,68,3,3,2,8,Loyal Customers
CUST7735,2025-03-03,2,39903.8,485,1,1,2,4,At Risk
CUST7736,2026-05-30,11,119341.08,32,4,4,4,12,Champions
CUST7737,2024-11-25,2,32377.66,583,1,1,2,4,At Risk
CUST7738,2026-04-01,6,56065.67,91,3,3,3,9,Loyal Customers
CUST7739,2026-06-21,9,108837.56999999999,10,4,4,4,12,Champions
CUST7740,2026-05-04,4,31650.48,58,3,2,2,7,Potential Loyalists
CUST7741,2025-01-14,3,14533.94,533,1,2,1,4,At Risk
CUST7742,2025-11-08,5,25237.14,235,2,3,2,7,Potential Loyalists
CUST7743,2026-03-31,7,42992.68,92,3,4,2,9,Loyal Customers
CUST7744,2025-11-01,4,19430.379999999997,242,2,2,1,5,At Risk
CUST7745,2024-03-11,1,1960.98,842,1,1,1,3,Lost / Churned
CUST7746,2025-01-11,1,6216.04,536,1,1,1,3,Lost / Churned
CUST7747,2026-03-01,2,9770.61,122,3,1,1,5,At Risk
CUST7748,2025-11-21,6,57718.25,222,2,3,3,8,Loyal Customers
CUST7749,2026-04-07,6,47650.1,85,3,3,3,9,Loyal Customers
CUST7750,2025-12-30,10,140623.83000000002,183,2,4,4,10,Champions
CUST7751,2025-12-24,7,65249.06,189,2,4,3,9,Loyal Customers
CUST7752,2026-04-30,5,40133.92,62,3,3,2,8,Loyal Customers
CUST7753,2026-04-29,5,55708.17,63,3,3,3,9,Loyal Customers
CUST7754,2026-06-05,4,26980.52,26,4,2,2,8,Loyal Customers
CUST7755,2026-06-19,11,136737.51,12,4,4,4,12,Champions
CUST7756,2024-09-28,2,26043.449999999997,641,1,1,2,4,At Risk
CUST7757,2025-12-18,2,35829.85,195,2,1,2,5,At Risk
CUST7758,2024-05-01,1,14609.43,791,1,1,1,3,Lost / Churned
CUST7759,2026-06-13,4,21694.56,18,4,2,1,7,Potential Loyalists
CUST7760,2025-10-06,2,18539.23,268,2,1,1,4,At Risk
CUST7761,2026-05-24,6,82173.47,38,4,3,4,11,Champions
CUST7762,2025-11-21,3,41961.59,222,2,2,2,6,Potential Loyalists
CUST7763,2026-05-18,9,101891.38,44,4,4,4,12,Champions
CUST7764,2026-06-23,7,63579.58,8,4,4,3,11,Champions
CUST7765,2026-02-17,10,64459.95,134,3,4,3,10,Champions
CUST7766,2025-12-30,2,27222.54,183,2,1,2,5,At Risk
CUST7767,2026-05-02,9,92791.05,60,3,4,4,11,Champions
CUST7768,2026-02-27,6,46151.670000000006,124,3,3,3,9,Loyal Customers
CUST7769,2025-10-17,3,12402.07,257,2,2,1,5,At Risk
CUST7770,2025-12-02,5,26789.57,211,2,3,2,7,Potential Loyalists
CUST7771,2025-04-29,4,32684.5,428,1,2,2,5,At Risk
CUST7772,2025-09-29,4,49318.3,275,2,2,3,7,Potential Loyalists
CUST7773,2025-06-20,2,6853.85,376,1,1,1,3,Lost / Churned
CUST7774,2025-09-13,1,8323.84,291,1,1,1,3,Lost / Churned
CUST7775,2026-06-24,8,60997.1,7,4,4,3,11,Champions
CUST7776,2025-08-10,6,57836.9,325,1,3,3,7,Potential Loyalists
CUST7777,2026-04-23,6,48064.32,69,3,3,3,9,Loyal Customers
CUST7778,2026-06-19,15,121677.58,12,4,4,4,12,Champions
CUST7779,2026-02-09,6,84175.0,142,2,3,4,9,Loyal Customers
CUST7780,2024-09-09,1,9425.95,660,1,1,1,3,Lost / Churned
CUST7781,2026-04-07,3,39718.03,85,3,2,2,7,Potential Loyalists
CUST7782,2025-09-28,7,97774.45,276,2,4,4,10,Champions
CUST7783,2026-05-10,5,30466.199999999997,52,4,3,2,9,Loyal Customers
CUST7784,2026-05-19,8,76893.29000000001,43,4,4,4,12,Champions
CUST7785,2026-04-29,4,32076.36,63,3,2,2,7,Potential Loyalists
CUST7786,2025-09-11,4,57638.99,293,1,2,3,6,Potential Loyalists
CUST7787,2024-02-29,2,19507.11,853,1,1,1,3,Lost / Churned
CUST7788,2026-05-19,8,71204.69,43,4,4,4,12,Champions
CUST7789,2025-10-24,2,22372.9,250,2,1,1,4,At Risk
CUST7790,2026-03-02,6,79551.05,121,3,3,4,10,Champions
CUST7791,2026-06-22,11,84170.20999999999,9,4,4,4,12,Champions
CUST7792,2025-07-18,4,26827.9,348,1,2,2,5,At Risk
CUST7793,2026-04-03,7,72106.32,89,3,4,4,11,Champions
CUST7794,2026-03-26,7,65279.61,97,3,4,3,10,Champions
CUST7795,2026-01-28,5,55069.049999999996,154,2,3,3,8,Loyal Customers
CUST7796,2024-03-26,2,15690.3,827,1,1,1,3,Lost / Churned
CUST7797,2025-12-04,1,3445.88,209,2,1,1,4,At Risk
CUST7798,2026-02-10,2,3054.5600000000004,141,2,1,1,4,At Risk
CUST7799,2025-06-06,9,90613.43,390,1,4,4,9,Loyal Customers
CUST7800,2024-05-12,2,23497.22,780,1,1,1,3,Lost / Churned
CUST7801,2026-01-15,4,22936.34,167,2,2,1,5,At Risk
CUST7802,2025-12-22,1,10358.35,191,2,1,1,4,At Risk
CUST7803,2025-09-20,5,52875.54,284,2,3,3,8,Loyal Customers
CUST7804,2026-04-28,4,33221.32,64,3,2,2,7,Potential Loyalists
CUST7805,2026-06-06,9,78342.79000000001,25,4,4,4,12,Champions
CUST7806,2025-07-21,2,13833.98,345,1,1,1,3,Lost / Churned
CUST7807,2024-08-08,2,33650.29,692,1,1,2,4,At Risk
CUST7808,2025-05-04,2,8429.68,423,1,1,1,3,Lost / Churned
CUST7809,2026-05-22,1,15973.88,40,4,1,1,6,Potential Loyalists
CUST7810,2025-07-20,6,67342.09,346,1,3,3,7,Potential Loyalists
CUST7811,2026-06-10,11,102400.92,21,4,4,4,12,Champions
CUST7812,2026-03-07,3,18700.0,116,3,2,1,6,Potential Loyalists
CUST7813,2026-04-27,7,48169.520000000004,65,3,4,3,10,Champions
CUST7814,2026-01-18,7,53237.6,164,2,4,3,9,Loyal Customers
CUST7815,2026-01-21,3,40803.61,161,2,2,2,6,Potential Loyalists
CUST7816,2026-04-01,4,33966.36,91,3,2,2,7,Potential Loyalists
CUST7817,2026-02-24,9,81454.63,127,3,4,4,11,Champions
CUST7818,2026-06-18,14,124833.84,13,4,4,4,12,Champions
CUST7819,2024-05-28,1,4414.52,764,1,1,1,3,Lost / Churned
CUST7820,2026-03-12,6,78941.42,111,3,3,4,10,Champions
CUST7821,2025-09-08,5,38451.96,296,1,3,2,6,Potential Loyalists
CUST7822,2025-08-22,4,33590.479999999996,313,1,2,2,5,At Risk
CUST7823,2026-03-26,3,8571.970000000001,97,3,2,1,6,Potential Loyalists
CUST7824,2025-07-12,3,33500.009999999995,354,1,2,2,5,At Risk
CUST7825,2026-01-20,10,93040.98999999999,162,2,4,4,10,Champions
CUST7826,2026-05-07,4,35925.26,55,3,2,2,7,Potential Loyalists
CUST7827,2026-01-07,18,216881.39,175,2,4,4,10,Champions
CUST7828,2025-11-12,8,88135.01,231,2,4,4,10,Champions
CUST7829,2025-05-05,4,33605.43,422,1,2,2,5,At Risk
CUST7830,2024-07-08,1,11418.78,723,1,1,1,3,Lost / Churned
CUST7831,2026-06-03,6,61637.73,28,4,3,3,10,Champions
CUST7832,2025-10-01,2,25072.27,273,2,1,2,5,At Risk
CUST7833,2026-04-02,17,189306.31,90,3,4,4,11,Champions
CUST7834,2026-06-09,5,70754.0,22,4,3,3,10,Champions
CUST7835,2026-03-05,12,109402.83,118,3,4,4,11,Champions
CUST7836,2024-12-04,3,25887.86,574,1,2,2,5,At Risk
CUST7837,2025-04-15,3,21157.32,442,1,2,1,4,At Risk
CUST7838,2025-12-29,6,34916.56,184,2,3,2,7,Potential Loyalists
CUST7839,2026-06-18,5,36890.71,13,4,3,2,9,Loyal Customers
CUST7840,2026-06-28,3,22703.24,3,4,2,1,7,Potential Loyalists
CUST7841,2026-01-24,5,40930.15,158,2,3,2,7,Potential Loyalists
CUST7842,2025-07-12,2,12247.29,354,1,1,1,3,Lost / Churned
CUST7843,2026-04-17,5,38517.869999999995,75,3,3,2,8,Loyal Customers
CUST7844,2026-06-17,3,22698.79,14,4,2,1,7,Potential Loyalists
CUST7845,2026-05-29,6,74770.11,33,4,3,4,11,Champions
CUST7846,2026-04-16,4,37269.19,76,3,2,2,7,Potential Loyalists
CUST7847,2026-05-08,7,57466.18,54,4,4,3,11,Champions
CUST7848,2025-09-18,1,2914.57,286,1,1,1,3,Lost / Churned
CUST7849,2024-10-28,3,18296.43,611,1,2,1,4,At Risk
CUST7850,2026-03-12,6,71680.84,111,3,3,4,10,Champions
CUST7851,2025-11-22,5,27903.25,221,2,3,2,7,Potential Loyalists
CUST7852,2026-02-28,6,52541.3,123,3,3,3,9,Loyal Customers
CUST7853,2026-01-01,6,60749.95,181,2,3,3,8,Loyal Customers
CUST7854,2026-03-07,7,97057.54999999999,116,3,4,4,11,Champions
CUST7855,2025-08-16,3,6766.05,319,1,2,1,4,At Risk
CUST7856,2026-06-12,3,7577.549999999999,19,4,2,1,7,Potential Loyalists
CUST7857,2026-06-28,6,60279.899999999994,3,4,3,3,10,Champions
CUST7858,2026-06-13,5,48439.67,18,4,3,3,10,Champions
CUST7859,2025-06-13,2,33119.090000000004,383,1,1,2,4,At Risk
CUST7860,2026-01-03,5,79903.87,179,2,3,4,9,Loyal Customers
CUST7861,2025-10-13,3,47595.03,261,2,2,3,7,Potential Loyalists
CUST7862,2026-05-04,9,62385.9,58,3,4,3,10,Champions
CUST7863,2026-03-13,3,56218.85,110,3,2,3,8,Loyal Customers
CUST7864,2026-01-20,4,14552.99,162,2,2,1,5,At Risk
CUST7865,2025-10-30,3,18625.2,244,2,2,1,5,At Risk
CUST7866,2025-03-16,3,28532.739999999998,472,1,2,2,5,At Risk
CUST7867,2026-04-26,4,38822.22,66,3,2,2,7,Potential Loyalists
CUST7868,2025-01-18,2,14347.1,529,1,1,1,3,Lost / Churned
CUST7869,2026-02-08,10,118070.63,143,2,4,4,10,Champions
CUST7870,2025-06-05,5,52614.03,391,1,3,3,7,Potential Loyalists
CUST7871,2026-04-18,6,76391.01000000001,74,3,3,4,10,Champions
CUST7872,2026-01-21,1,5826.18,161,2,1,1,4,At Risk
CUST7873,2026-04-17,2,21239.77,75,3,1,1,5,At Risk
CUST7874,2026-05-30,9,102896.93,32,4,4,4,12,Champions
CUST7875,2026-05-24,5,41133.96,38,4,3,2,9,Loyal Customers
CUST7876,2026-04-19,12,64661.28,73,3,4,3,10,Champions
CUST7877,2025-05-18,2,23311.72,409,1,1,1,3,Lost / Churned
CUST7878,2025-10-17,6,34535.53,257,2,3,2,7,Potential Loyalists
CUST7879,2026-02-19,14,153987.1,132,3,4,4,11,Champions
CUST7880,2025-09-30,8,110576.51000000001,274,2,4,4,10,Champions
CUST7881,2025-04-06,4,39971.07,451,1,2,2,5,At Risk
CUST7882,2025-08-17,6,61362.57,318,1,3,3,7,Potential Loyalists
CUST7883,2026-06-16,8,96510.83,15,4,4,4,12,Champions
CUST7884,2026-06-08,8,121204.73,23,4,4,4,12,Champions
CUST7885,2025-03-13,5,36243.11,475,1,3,2,6,Potential Loyalists
CUST7886,2026-02-16,4,27432.879999999997,135,3,2,2,7,Potential Loyalists
CUST7887,2026-05-31,6,49543.92,31,4,3,3,10,Champions
CUST7888,2025-03-25,2,19327.78,463,1,1,1,3,Lost / Churned
CUST7889,2025-12-27,5,55772.95,186,2,3,3,8,Loyal Customers
CUST7890,2026-06-19,9,98353.42,12,4,4,4,12,Champions
CUST7891,2026-06-27,4,71704.67,4,4,2,4,10,Champions
CUST7892,2025-10-20,2,24139.63,254,2,1,1,4,At Risk
CUST7893,2026-01-09,7,97919.29,173,2,4,4,10,Champions
CUST7894,2025-02-12,3,18296.809999999998,504,1,2,1,4,At Risk
CUST7895,2026-06-28,12,109317.95999999999,3,4,4,4,12,Champions
CUST7896,2024-10-02,1,11845.95,637,1,1,1,3,Lost / Churned
CUST7897,2026-02-08,5,33406.04,143,2,3,2,7,Potential Loyalists
CUST7898,2026-05-26,5,14535.55,36,4,3,1,8,Loyal Customers
CUST7899,2026-01-24,8,55755.72,158,2,4,3,9,Loyal Customers
CUST7900,2025-08-29,10,119235.13,306,1,4,4,9,Loyal Customers
CUST7901,2024-09-11,1,5258.14,658,1,1,1,3,Lost / Churned
CUST7902,2026-01-07,11,66905.51,175,2,4,3,9,Loyal Customers
CUST7903,2025-05-25,4,42911.06,402,1,2,2,5,At Risk
CUST7904,2026-04-13,3,27518.81,79,3,2,2,7,Potential Loyalists
CUST7905,2026-05-23,9,110975.15000000001,39,4,4,4,12,Champions
CUST7906,2026-02-22,4,51182.16,129,3,2,3,8,Loyal Customers
CUST7907,2025-12-27,6,65419.829999999994,186,2,3,3,8,Loyal Customers
CUST7908,2026-02-03,2,15092.33,148,2,1,1,4,At Risk
CUST7909,2026-05-08,5,37552.59,54,4,3,2,9,Loyal Customers
CUST7910,2026-03-03,12,88917.75,120,3,4,4,11,Champions
CUST7911,2025-12-10,4,17387.89,203,2,2,1,5,At Risk
CUST7912,2025-03-25,4,70564.55,463,1,2,3,6,Potential Loyalists
CUST7913,2026-01-10,2,18530.730000000003,172,2,1,1,4,At Risk
CUST7914,2025-12-09,2,13836.04,204,2,1,1,4,At Risk
CUST7915,2026-05-22,9,67667.33,40,4,4,3,11,Champions
CUST7916,2026-03-21,3,21222.83,102,3,2,1,6,Potential Loyalists
CUST7917,2025-11-13,3,23460.05,230,2,2,1,5,At Risk
CUST7918,2026-04-14,7,26556.43,78,3,4,2,9,Loyal Customers
CUST7919,2026-06-07,6,59722.5,24,4,3,3,10,Champions
CUST7920,2026-06-25,8,65776.08,6,4,4,3,11,Champions
CUST7921,2025-01-16,3,29014.739999999998,531,1,2,2,5,At Risk
CUST7922,2025-04-10,4,43688.520000000004,447,1,2,2,5,At Risk
CUST7923,2025-08-09,6,54805.39,326,1,3,3,7,Potential Loyalists
CUST7924,2026-02-10,7,34876.95,141,2,4,2,8,Loyal Customers
CUST7925,2026-01-19,5,27460.51,163,2,3,2,7,Potential Loyalists
CUST7926,2026-01-26,3,34589.22,156,2,2,2,6,Potential Loyalists
CUST7927,2026-03-02,4,11682.05,121,3,2,1,6,Potential Loyalists
CUST7928,2025-12-18,6,82136.17,195,2,3,4,9,Loyal Customers
CUST7929,2024-07-03,1,20021.15,728,1,1,1,3,Lost / Churned
CUST7930,2026-05-10,6,91020.93,52,4,3,4,11,Champions
CUST7931,2026-03-10,5,47696.490000000005,113,3,3,3,9,Loyal Customers
CUST7932,2024-10-14,3,37199.75,625,1,2,2,5,At Risk
CUST7933,2026-05-01,7,70937.98000000001,61,3,4,4,11,Champions
CUST7934,2026-06-20,4,49688.659999999996,11,4,2,3,9,Loyal Customers
CUST7935,2025-08-05,1,1686.31,330,1,1,1,3,Lost / Churned
CUST7936,2026-06-16,11,96134.14,15,4,4,4,12,Champions
CUST7937,2026-05-19,8,89481.31,43,4,4,4,12,Champions
CUST7938,2026-04-02,8,120821.87,90,3,4,4,11,Champions
CUST7939,2026-06-13,5,28262.620000000003,18,4,3,2,9,Loyal Customers
CUST7940,2026-02-15,6,54835.899999999994,136,3,3,3,9,Loyal Customers
CUST7941,2026-04-05,5,52772.13,87,3,3,3,9,Loyal Customers
CUST7942,2025-07-01,3,12425.580000000002,365,1,2,1,4,At Risk
CUST7943,2026-05-12,12,82167.65,50,4,4,4,12,Champions
CUST7944,2026-04-20,2,19941.61,72,3,1,1,5,At Risk
CUST7945,2025-10-23,4,27494.03,251,2,2,2,6,Potential Loyalists
CUST7946,2026-04-26,6,66608.91,66,3,3,3,9,Loyal Customers
CUST7947,2026-06-12,6,52459.350000000006,19,4,3,3,10,Champions
CUST7948,2026-06-03,7,60820.869999999995,28,4,4,3,11,Champions
CUST7949,2026-06-06,5,51588.130000000005,25,4,3,3,10,Champions
CUST7950,2026-03-18,4,31959.02,105,3,2,2,7,Potential Loyalists
CUST7951,2025-04-06,1,11721.35,451,1,1,1,3,Lost / Churned
CUST7952,2026-05-05,7,100890.35,57,3,4,4,11,Champions
CUST7953,2026-04-06,3,24237.27,86,3,2,1,6,Potential Loyalists
CUST7954,2025-08-18,1,6328.5,317,1,1,1,3,Lost / Churned
CUST7955,2025-11-05,7,91571.22,238,2,4,4,10,Champions
CUST7956,2024-05-08,2,14653.13,784,1,1,1,3,Lost / Churned
CUST7957,2026-02-08,4,53961.75,143,2,2,3,7,Potential Loyalists
CUST7958,2026-03-23,3,39056.92,100,3,2,2,7,Potential Loyalists
CUST7959,2026-05-29,5,56690.88,33,4,3,3,10,Champions
CUST7960,2026-05-05,5,64150.27,57,3,3,3,9,Loyal Customers
CUST7961,2026-02-15,7,54997.97,136,3,4,3,10,Champions
CUST7962,2025-10-20,6,61141.9,254,2,3,3,8,Loyal Customers
CUST7963,2026-04-02,6,49376.479999999996,90,3,3,3,9,Loyal Customers
CUST7964,2026-04-26,4,43940.24,66,3,2,2,7,Potential Loyalists
CUST7965,2025-07-25,1,8804.52,341,1,1,1,3,Lost / Churned
CUST7966,2026-05-21,9,91394.95999999999,41,4,4,4,12,Champions
CUST7967,2025-12-10,5,15562.119999999999,203,2,3,1,6,Potential Loyalists
CUST7968,2026-04-03,3,42354.53,89,3,2,2,7,Potential Loyalists
CUST7969,2025-11-26,6,46298.03,217,2,3,3,8,Loyal Customers
CUST7970,2026-04-20,3,34574.33,72,3,2,2,7,Potential Loyalists
CUST7971,2026-05-22,6,41940.44,40,4,3,2,9,Loyal Customers
CUST7972,2025-12-21,6,41846.72,192,2,3,2,7,Potential Loyalists
CUST7973,2026-04-23,9,125679.17,69,3,4,4,11,Champions
CUST7974,2025-09-05,3,36637.36,299,1,2,2,5,At Risk
CUST7975,2026-04-29,4,33923.71,63,3,2,2,7,Potential Loyalists
CUST7976,2026-06-27,4,16519.260000000002,4,4,2,1,7,Potential Loyalists
CUST7977,2024-10-19,1,9973.59,620,1,1,1,3,Lost / Churned
CUST7978,2025-07-31,2,17206.86,335,1,1,1,3,Lost / Churned
CUST7979,2026-03-22,2,17192.42,101,3,1,1,5,At Risk
CUST7980,2025-06-16,4,19075.81,380,1,2,1,4,At Risk
CUST7981,2025-04-22,1,10774.78,435,1,1,1,3,Lost / Churned
CUST7982,2026-05-01,5,35224.93,61,3,3,2,8,Loyal Customers
CUST7983,2026-02-14,5,45953.770000000004,137,2,3,3,8,Loyal Customers
CUST7984,2026-06-14,11,108506.12,17,4,4,4,12,Champions
CUST7985,2025-12-16,7,57863.18,197,2,4,3,9,Loyal Customers
CUST7986,2026-06-09,4,28867.33,22,4,2,2,8,Loyal Customers
CUST7987,2025-11-15,5,39592.5,228,2,3,2,7,Potential Loyalists
CUST7988,2024-08-30,1,10674.94,670,1,1,1,3,Lost / Churned
CUST7989,2026-04-22,6,67937.29000000001,70,3,3,3,9,Loyal Customers
CUST7990,2026-04-08,3,22298.61,84,3,2,1,6,Potential Loyalists
CUST7991,2025-11-01,5,41160.68,242,2,3,2,7,Potential Loyalists
CUST7992,2024-05-13,1,4530.02,779,1,1,1,3,Lost / Churned
CUST7993,2026-06-25,3,33404.81,6,4,2,2,8,Loyal Customers
CUST7994,2025-11-02,5,54019.56,241,2,3,3,8,Loyal Customers
CUST7995,2026-03-29,10,73295.37,94,3,4,4,11,Champions
CUST7996,2026-04-29,5,61735.45,63,3,3,3,9,Loyal Customers
CUST7997,2025-12-17,7,68986.28,196,2,4,3,9,Loyal Customers
CUST7998,2026-01-22,4,47843.34,160,2,2,3,7,Potential Loyalists
CUST7999,2026-05-19,4,19748.120000000003,43,4,2,1,7,Potential Loyalists
